{
"type": "FeatureCollection",
"name": "poi_picture",
"crs": { "type": "name", "properties": { "name": "urn:ogc:def:crs:OGC:1.3:CRS84" } },
"features": [
{ "type": "Feature", "properties": { "URL": "https://github.com/rcfdtools/R.GISMobile/tree/main/file/gis/POI/1/PXL_20230503_141248486.jpg", "Altitude": 3732.0, "GoogleMaps": "http://maps.google.com/maps?q=4.712488888888889,-73.81947777777778", "OSMaps": "https://www.openstreetmap.org/query?lat=4.712488888888889&lon=-73.81947777777778" }, "geometry": { "type": "Point", "coordinates": [ -73.819477777777777, 4.712488888888889 ] } },
{ "type": "Feature", "properties": { "URL": "https://github.com/rcfdtools/R.GISMobile/tree/main/file/gis/POI/1/PXL_20230503_141401490.jpg", "Altitude": 3733.41, "GoogleMaps": "http://maps.google.com/maps?q=4.712169444444444,-73.8198361111111", "OSMaps": "https://www.openstreetmap.org/query?lat=4.712169444444444&lon=-73.8198361111111" }, "geometry": { "type": "Point", "coordinates": [ -73.819836111111101, 4.712169444444444 ] } },
{ "type": "Feature", "properties": { "URL": "https://github.com/rcfdtools/R.GISMobile/tree/main/file/gis/POI/1/PXL_20230503_141404104.jpg", "Altitude": 3733.41, "GoogleMaps": "http://maps.google.com/maps?q=4.712169444444444,-73.8198361111111", "OSMaps": "https://www.openstreetmap.org/query?lat=4.712169444444444&lon=-73.8198361111111" }, "geometry": { "type": "Point", "coordinates": [ -73.819836111111101, 4.712169444444444 ] } },
{ "type": "Feature", "properties": { "URL": "https://github.com/rcfdtools/R.GISMobile/tree/main/file/gis/POI/1/PXL_20230503_141452560.jpg", "Altitude": 3733.41, "GoogleMaps": "http://maps.google.com/maps?q=4.712169444444444,-73.8198361111111", "OSMaps": "https://www.openstreetmap.org/query?lat=4.712169444444444&lon=-73.8198361111111" }, "geometry": { "type": "Point", "coordinates": [ -73.819836111111101, 4.712169444444444 ] } },
{ "type": "Feature", "properties": { "URL": "https://github.com/rcfdtools/R.GISMobile/tree/main/file/gis/POI/1/PXL_20230503_141454219.jpg", "Altitude": 3733.41, "GoogleMaps": "http://maps.google.com/maps?q=4.712169444444444,-73.8198361111111", "OSMaps": "https://www.openstreetmap.org/query?lat=4.712169444444444&lon=-73.8198361111111" }, "geometry": { "type": "Point", "coordinates": [ -73.819836111111101, 4.712169444444444 ] } },
{ "type": "Feature", "properties": { "URL": "https://github.com/rcfdtools/R.GISMobile/tree/main/file/gis/POI/1/PXL_20230503_141456741.jpg", "Altitude": 3733.41, "GoogleMaps": "http://maps.google.com/maps?q=4.712169444444444,-73.8198361111111", "OSMaps": "https://www.openstreetmap.org/query?lat=4.712169444444444&lon=-73.8198361111111" }, "geometry": { "type": "Point", "coordinates": [ -73.819836111111101, 4.712169444444444 ] } },
{ "type": "Feature", "properties": { "URL": "https://github.com/rcfdtools/R.GISMobile/tree/main/file/gis/POI/1/PXL_20230503_141459242.jpg", "Altitude": 3733.41, "GoogleMaps": "http://maps.google.com/maps?q=4.712169444444444,-73.8198361111111", "OSMaps": "https://www.openstreetmap.org/query?lat=4.712169444444444&lon=-73.8198361111111" }, "geometry": { "type": "Point", "coordinates": [ -73.819836111111101, 4.712169444444444 ] } },
{ "type": "Feature", "properties": { "URL": "https://github.com/rcfdtools/R.GISMobile/tree/main/file/gis/POI/1/PXL_20230503_142135200.jpg", "Altitude": 3719.56, "GoogleMaps": "http://maps.google.com/maps?q=4.712169444444444,-73.81983333333334", "OSMaps": "https://www.openstreetmap.org/query?lat=4.712169444444444&lon=-73.81983333333334" }, "geometry": { "type": "Point", "coordinates": [ -73.819833333333335, 4.712169444444444 ] } },
{ "type": "Feature", "properties": { "URL": "https://github.com/rcfdtools/R.GISMobile/tree/main/file/gis/POI/1/PXL_20230503_142138155.jpg", "Altitude": 3719.56, "GoogleMaps": "http://maps.google.com/maps?q=4.712169444444444,-73.81983333333334", "OSMaps": "https://www.openstreetmap.org/query?lat=4.712169444444444&lon=-73.81983333333334" }, "geometry": { "type": "Point", "coordinates": [ -73.819833333333335, 4.712169444444444 ] } },
{ "type": "Feature", "properties": { "URL": "https://github.com/rcfdtools/R.GISMobile/tree/main/file/gis/POI/1/PXL_20230503_142141424.jpg", "Altitude": 3719.56, "GoogleMaps": "http://maps.google.com/maps?q=4.712169444444444,-73.81983333333334", "OSMaps": "https://www.openstreetmap.org/query?lat=4.712169444444444&lon=-73.81983333333334" }, "geometry": { "type": "Point", "coordinates": [ -73.819833333333335, 4.712169444444444 ] } },
{ "type": "Feature", "properties": { "URL": "https://github.com/rcfdtools/R.GISMobile/tree/main/file/gis/POI/10/2013-07-03_16.02.18.jpg", "Altitude": 56.84, "GoogleMaps": "http://maps.google.com/maps?q=9.5336385,-73.4629137", "OSMaps": "https://www.openstreetmap.org/query?lat=9.5336385&lon=-73.4629137" }, "geometry": { "type": "Point", "coordinates": [ -73.4629137, 9.5336385 ] } },
{ "type": "Feature", "properties": { "URL": "https://github.com/rcfdtools/R.GISMobile/tree/main/file/gis/POI/10/2013-07-03_16.02.21.jpg", "Altitude": 56.84, "GoogleMaps": "http://maps.google.com/maps?q=9.5336385,-73.4629137", "OSMaps": "https://www.openstreetmap.org/query?lat=9.5336385&lon=-73.4629137" }, "geometry": { "type": "Point", "coordinates": [ -73.4629137, 9.5336385 ] } },
{ "type": "Feature", "properties": { "URL": "https://github.com/rcfdtools/R.GISMobile/tree/main/file/gis/POI/10/2013-07-03_16.02.26.jpg", "Altitude": 56.84, "GoogleMaps": "http://maps.google.com/maps?q=9.5336385,-73.4629137", "OSMaps": "https://www.openstreetmap.org/query?lat=9.5336385&lon=-73.4629137" }, "geometry": { "type": "Point", "coordinates": [ -73.4629137, 9.5336385 ] } },
{ "type": "Feature", "properties": { "URL": "https://github.com/rcfdtools/R.GISMobile/tree/main/file/gis/POI/10/2013-07-03_16.02.34.jpg", "Altitude": 56.84, "GoogleMaps": "http://maps.google.com/maps?q=9.5336385,-73.4629137", "OSMaps": "https://www.openstreetmap.org/query?lat=9.5336385&lon=-73.4629137" }, "geometry": { "type": "Point", "coordinates": [ -73.4629137, 9.5336385 ] } },
{ "type": "Feature", "properties": { "URL": "https://github.com/rcfdtools/R.GISMobile/tree/main/file/gis/POI/10/2013-07-03_16.02.37.jpg", "Altitude": 56.84, "GoogleMaps": "http://maps.google.com/maps?q=9.5336385,-73.4629137", "OSMaps": "https://www.openstreetmap.org/query?lat=9.5336385&lon=-73.4629137" }, "geometry": { "type": "Point", "coordinates": [ -73.4629137, 9.5336385 ] } },
{ "type": "Feature", "properties": { "URL": "https://github.com/rcfdtools/R.GISMobile/tree/main/file/gis/POI/10/2013-07-03_16.02.53.jpg", "Altitude": 56.84, "GoogleMaps": "http://maps.google.com/maps?q=9.5336385,-73.4629137", "OSMaps": "https://www.openstreetmap.org/query?lat=9.5336385&lon=-73.4629137" }, "geometry": { "type": "Point", "coordinates": [ -73.4629137, 9.5336385 ] } },
{ "type": "Feature", "properties": { "URL": "https://github.com/rcfdtools/R.GISMobile/tree/main/file/gis/POI/10/2013-07-03_16.03.00.jpg", "Altitude": 56.84, "GoogleMaps": "http://maps.google.com/maps?q=9.5336385,-73.4629137", "OSMaps": "https://www.openstreetmap.org/query?lat=9.5336385&lon=-73.4629137" }, "geometry": { "type": "Point", "coordinates": [ -73.4629137, 9.5336385 ] } },
{ "type": "Feature", "properties": { "URL": "https://github.com/rcfdtools/R.GISMobile/tree/main/file/gis/POI/10/2013-07-03_16.10.23.jpg", "Altitude": 57.73, "GoogleMaps": "http://maps.google.com/maps?q=9.5332223,-73.4627698", "OSMaps": "https://www.openstreetmap.org/query?lat=9.5332223&lon=-73.4627698" }, "geometry": { "type": "Point", "coordinates": [ -73.4627698, 9.5332223 ] } },
{ "type": "Feature", "properties": { "URL": "https://github.com/rcfdtools/R.GISMobile/tree/main/file/gis/POI/10/2013-07-03_16.10.26.jpg", "Altitude": 57.73, "GoogleMaps": "http://maps.google.com/maps?q=9.5332223,-73.4627698", "OSMaps": "https://www.openstreetmap.org/query?lat=9.5332223&lon=-73.4627698" }, "geometry": { "type": "Point", "coordinates": [ -73.4627698, 9.5332223 ] } },
{ "type": "Feature", "properties": { "URL": "https://github.com/rcfdtools/R.GISMobile/tree/main/file/gis/POI/10/2013-07-03_16.10.30.jpg", "Altitude": 57.73, "GoogleMaps": "http://maps.google.com/maps?q=9.5332223,-73.4627698", "OSMaps": "https://www.openstreetmap.org/query?lat=9.5332223&lon=-73.4627698" }, "geometry": { "type": "Point", "coordinates": [ -73.4627698, 9.5332223 ] } },
{ "type": "Feature", "properties": { "URL": "https://github.com/rcfdtools/R.GISMobile/tree/main/file/gis/POI/10/2013-07-03_16.10.52.jpg", "Altitude": 57.73, "GoogleMaps": "http://maps.google.com/maps?q=9.5332223,-73.4627698", "OSMaps": "https://www.openstreetmap.org/query?lat=9.5332223&lon=-73.4627698" }, "geometry": { "type": "Point", "coordinates": [ -73.4627698, 9.5332223 ] } },
{ "type": "Feature", "properties": { "URL": "https://github.com/rcfdtools/R.GISMobile/tree/main/file/gis/POI/10/2013-07-03_16.11.05.jpg", "Altitude": 57.73, "GoogleMaps": "http://maps.google.com/maps?q=9.5332223,-73.4627698", "OSMaps": "https://www.openstreetmap.org/query?lat=9.5332223&lon=-73.4627698" }, "geometry": { "type": "Point", "coordinates": [ -73.4627698, 9.5332223 ] } },
{ "type": "Feature", "properties": { "URL": "https://github.com/rcfdtools/R.GISMobile/tree/main/file/gis/POI/10/2013-07-03_16.11.59.jpg", "Altitude": 57.73, "GoogleMaps": "http://maps.google.com/maps?q=9.5332223,-73.4627698", "OSMaps": "https://www.openstreetmap.org/query?lat=9.5332223&lon=-73.4627698" }, "geometry": { "type": "Point", "coordinates": [ -73.4627698, 9.5332223 ] } },
{ "type": "Feature", "properties": { "URL": "https://github.com/rcfdtools/R.GISMobile/tree/main/file/gis/POI/10/2013-07-03_16.14.39.jpg", "Altitude": 56.05, "GoogleMaps": "http://maps.google.com/maps?q=9.5330167,-73.4626651", "OSMaps": "https://www.openstreetmap.org/query?lat=9.5330167&lon=-73.4626651" }, "geometry": { "type": "Point", "coordinates": [ -73.4626651, 9.5330167 ] } },
{ "type": "Feature", "properties": { "URL": "https://github.com/rcfdtools/R.GISMobile/tree/main/file/gis/POI/10/2013-07-03_16.26.22.jpg", "Altitude": 54.04, "GoogleMaps": "http://maps.google.com/maps?q=9.5282362,-73.4623197", "OSMaps": "https://www.openstreetmap.org/query?lat=9.5282362&lon=-73.4623197" }, "geometry": { "type": "Point", "coordinates": [ -73.4623197, 9.5282362 ] } },
{ "type": "Feature", "properties": { "URL": "https://github.com/rcfdtools/R.GISMobile/tree/main/file/gis/POI/10/2013-07-03_16.26.26.jpg", "Altitude": 54.04, "GoogleMaps": "http://maps.google.com/maps?q=9.5282362,-73.4623197", "OSMaps": "https://www.openstreetmap.org/query?lat=9.5282362&lon=-73.4623197" }, "geometry": { "type": "Point", "coordinates": [ -73.4623197, 9.5282362 ] } },
{ "type": "Feature", "properties": { "URL": "https://github.com/rcfdtools/R.GISMobile/tree/main/file/gis/POI/10/2013-07-03_16.28.03.jpg", "Altitude": 52.94, "GoogleMaps": "http://maps.google.com/maps?q=9.5282168,-73.4622893", "OSMaps": "https://www.openstreetmap.org/query?lat=9.5282168&lon=-73.4622893" }, "geometry": { "type": "Point", "coordinates": [ -73.4622893, 9.5282168 ] } },
{ "type": "Feature", "properties": { "URL": "https://github.com/rcfdtools/R.GISMobile/tree/main/file/gis/POI/10/2013-07-03_16.28.07.jpg", "Altitude": 52.94, "GoogleMaps": "http://maps.google.com/maps?q=9.5282168,-73.4622893", "OSMaps": "https://www.openstreetmap.org/query?lat=9.5282168&lon=-73.4622893" }, "geometry": { "type": "Point", "coordinates": [ -73.4622893, 9.5282168 ] } },
{ "type": "Feature", "properties": { "URL": "https://github.com/rcfdtools/R.GISMobile/tree/main/file/gis/POI/10/2013-07-03_16.39.14.jpg", "Altitude": 46.07, "GoogleMaps": "http://maps.google.com/maps?q=9.5249731,-73.4694264", "OSMaps": "https://www.openstreetmap.org/query?lat=9.5249731&lon=-73.4694264" }, "geometry": { "type": "Point", "coordinates": [ -73.4694264, 9.5249731 ] } },
{ "type": "Feature", "properties": { "URL": "https://github.com/rcfdtools/R.GISMobile/tree/main/file/gis/POI/10/2013-07-03_16.39.21.jpg", "Altitude": 46.07, "GoogleMaps": "http://maps.google.com/maps?q=9.5249731,-73.4694264", "OSMaps": "https://www.openstreetmap.org/query?lat=9.5249731&lon=-73.4694264" }, "geometry": { "type": "Point", "coordinates": [ -73.4694264, 9.5249731 ] } },
{ "type": "Feature", "properties": { "URL": "https://github.com/rcfdtools/R.GISMobile/tree/main/file/gis/POI/10/2013-07-03_16.39.31.jpg", "Altitude": 46.07, "GoogleMaps": "http://maps.google.com/maps?q=9.5249731,-73.4694264", "OSMaps": "https://www.openstreetmap.org/query?lat=9.5249731&lon=-73.4694264" }, "geometry": { "type": "Point", "coordinates": [ -73.4694264, 9.5249731 ] } },
{ "type": "Feature", "properties": { "URL": "https://github.com/rcfdtools/R.GISMobile/tree/main/file/gis/POI/11/2013-07-04_08.54.52.jpg", "Altitude": 39.24, "GoogleMaps": "http://maps.google.com/maps?q=9.5384802,-73.5215662", "OSMaps": "https://www.openstreetmap.org/query?lat=9.5384802&lon=-73.5215662" }, "geometry": { "type": "Point", "coordinates": [ -73.5215662, 9.5384802 ] } },
{ "type": "Feature", "properties": { "URL": "https://github.com/rcfdtools/R.GISMobile/tree/main/file/gis/POI/11/2013-07-04_08.55.15.jpg", "Altitude": 39.24, "GoogleMaps": "http://maps.google.com/maps?q=9.5384802,-73.5215662", "OSMaps": "https://www.openstreetmap.org/query?lat=9.5384802&lon=-73.5215662" }, "geometry": { "type": "Point", "coordinates": [ -73.5215662, 9.5384802 ] } },
{ "type": "Feature", "properties": { "URL": "https://github.com/rcfdtools/R.GISMobile/tree/main/file/gis/POI/11/2013-07-04_08.58.04.jpg", "Altitude": 40.13, "GoogleMaps": "http://maps.google.com/maps?q=9.5384264,-73.5215579", "OSMaps": "https://www.openstreetmap.org/query?lat=9.5384264&lon=-73.5215579" }, "geometry": { "type": "Point", "coordinates": [ -73.5215579, 9.5384264 ] } },
{ "type": "Feature", "properties": { "URL": "https://github.com/rcfdtools/R.GISMobile/tree/main/file/gis/POI/11/2013-07-04_08.58.24.jpg", "Altitude": 40.13, "GoogleMaps": "http://maps.google.com/maps?q=9.5384264,-73.5215579", "OSMaps": "https://www.openstreetmap.org/query?lat=9.5384264&lon=-73.5215579" }, "geometry": { "type": "Point", "coordinates": [ -73.5215579, 9.5384264 ] } },
{ "type": "Feature", "properties": { "URL": "https://github.com/rcfdtools/R.GISMobile/tree/main/file/gis/POI/11/2013-07-04_08.58.43.jpg", "Altitude": 40.13, "GoogleMaps": "http://maps.google.com/maps?q=9.5384264,-73.5215579", "OSMaps": "https://www.openstreetmap.org/query?lat=9.5384264&lon=-73.5215579" }, "geometry": { "type": "Point", "coordinates": [ -73.5215579, 9.5384264 ] } },
{ "type": "Feature", "properties": { "URL": "https://github.com/rcfdtools/R.GISMobile/tree/main/file/gis/POI/11/2013-07-04_08.58.48.jpg", "Altitude": 40.13, "GoogleMaps": "http://maps.google.com/maps?q=9.5384264,-73.5215579", "OSMaps": "https://www.openstreetmap.org/query?lat=9.5384264&lon=-73.5215579" }, "geometry": { "type": "Point", "coordinates": [ -73.5215579, 9.5384264 ] } },
{ "type": "Feature", "properties": { "URL": "https://github.com/rcfdtools/R.GISMobile/tree/main/file/gis/POI/11/2013-07-04_08.58.52.jpg", "Altitude": 40.13, "GoogleMaps": "http://maps.google.com/maps?q=9.5384264,-73.5215579", "OSMaps": "https://www.openstreetmap.org/query?lat=9.5384264&lon=-73.5215579" }, "geometry": { "type": "Point", "coordinates": [ -73.5215579, 9.5384264 ] } },
{ "type": "Feature", "properties": { "URL": "https://github.com/rcfdtools/R.GISMobile/tree/main/file/gis/POI/11/2013-07-04_08.59.56.jpg", "Altitude": 40.13, "GoogleMaps": "http://maps.google.com/maps?q=9.5384264,-73.5215579", "OSMaps": "https://www.openstreetmap.org/query?lat=9.5384264&lon=-73.5215579" }, "geometry": { "type": "Point", "coordinates": [ -73.5215579, 9.5384264 ] } },
{ "type": "Feature", "properties": { "URL": "https://github.com/rcfdtools/R.GISMobile/tree/main/file/gis/POI/11/2013-07-04_09.00.00.jpg", "Altitude": 77.59, "GoogleMaps": "http://maps.google.com/maps?q=9.5381873,-73.5215483", "OSMaps": "https://www.openstreetmap.org/query?lat=9.5381873&lon=-73.5215483" }, "geometry": { "type": "Point", "coordinates": [ -73.5215483, 9.5381873 ] } },
{ "type": "Feature", "properties": { "URL": "https://github.com/rcfdtools/R.GISMobile/tree/main/file/gis/POI/11/2013-07-04_09.00.06.jpg", "Altitude": 77.59, "GoogleMaps": "http://maps.google.com/maps?q=9.5381873,-73.5215483", "OSMaps": "https://www.openstreetmap.org/query?lat=9.5381873&lon=-73.5215483" }, "geometry": { "type": "Point", "coordinates": [ -73.5215483, 9.5381873 ] } },
{ "type": "Feature", "properties": { "URL": "https://github.com/rcfdtools/R.GISMobile/tree/main/file/gis/POI/11/2013-07-04_09.00.11.jpg", "Altitude": 77.59, "GoogleMaps": "http://maps.google.com/maps?q=9.5381873,-73.5215483", "OSMaps": "https://www.openstreetmap.org/query?lat=9.5381873&lon=-73.5215483" }, "geometry": { "type": "Point", "coordinates": [ -73.5215483, 9.5381873 ] } },
{ "type": "Feature", "properties": { "URL": "https://github.com/rcfdtools/R.GISMobile/tree/main/file/gis/POI/11/2013-07-04_09.00.17.jpg", "Altitude": 77.59, "GoogleMaps": "http://maps.google.com/maps?q=9.5381873,-73.5215483", "OSMaps": "https://www.openstreetmap.org/query?lat=9.5381873&lon=-73.5215483" }, "geometry": { "type": "Point", "coordinates": [ -73.5215483, 9.5381873 ] } },
{ "type": "Feature", "properties": { "URL": "https://github.com/rcfdtools/R.GISMobile/tree/main/file/gis/POI/12/2013-07-03_16.02.18.jpg", "Altitude": 56.84, "GoogleMaps": "http://maps.google.com/maps?q=9.5336385,-73.4629137", "OSMaps": "https://www.openstreetmap.org/query?lat=9.5336385&lon=-73.4629137" }, "geometry": { "type": "Point", "coordinates": [ -73.4629137, 9.5336385 ] } },
{ "type": "Feature", "properties": { "URL": "https://github.com/rcfdtools/R.GISMobile/tree/main/file/gis/POI/12/2013-07-03_16.02.21.jpg", "Altitude": 56.84, "GoogleMaps": "http://maps.google.com/maps?q=9.5336385,-73.4629137", "OSMaps": "https://www.openstreetmap.org/query?lat=9.5336385&lon=-73.4629137" }, "geometry": { "type": "Point", "coordinates": [ -73.4629137, 9.5336385 ] } },
{ "type": "Feature", "properties": { "URL": "https://github.com/rcfdtools/R.GISMobile/tree/main/file/gis/POI/12/2013-07-03_16.02.26.jpg", "Altitude": 56.84, "GoogleMaps": "http://maps.google.com/maps?q=9.5336385,-73.4629137", "OSMaps": "https://www.openstreetmap.org/query?lat=9.5336385&lon=-73.4629137" }, "geometry": { "type": "Point", "coordinates": [ -73.4629137, 9.5336385 ] } },
{ "type": "Feature", "properties": { "URL": "https://github.com/rcfdtools/R.GISMobile/tree/main/file/gis/POI/12/2013-07-03_16.02.34.jpg", "Altitude": 56.84, "GoogleMaps": "http://maps.google.com/maps?q=9.5336385,-73.4629137", "OSMaps": "https://www.openstreetmap.org/query?lat=9.5336385&lon=-73.4629137" }, "geometry": { "type": "Point", "coordinates": [ -73.4629137, 9.5336385 ] } },
{ "type": "Feature", "properties": { "URL": "https://github.com/rcfdtools/R.GISMobile/tree/main/file/gis/POI/12/2013-07-03_16.02.37.jpg", "Altitude": 56.84, "GoogleMaps": "http://maps.google.com/maps?q=9.5336385,-73.4629137", "OSMaps": "https://www.openstreetmap.org/query?lat=9.5336385&lon=-73.4629137" }, "geometry": { "type": "Point", "coordinates": [ -73.4629137, 9.5336385 ] } },
{ "type": "Feature", "properties": { "URL": "https://github.com/rcfdtools/R.GISMobile/tree/main/file/gis/POI/12/2013-07-03_16.02.53.jpg", "Altitude": 56.84, "GoogleMaps": "http://maps.google.com/maps?q=9.5336385,-73.4629137", "OSMaps": "https://www.openstreetmap.org/query?lat=9.5336385&lon=-73.4629137" }, "geometry": { "type": "Point", "coordinates": [ -73.4629137, 9.5336385 ] } },
{ "type": "Feature", "properties": { "URL": "https://github.com/rcfdtools/R.GISMobile/tree/main/file/gis/POI/12/2013-07-03_16.03.00.jpg", "Altitude": 56.84, "GoogleMaps": "http://maps.google.com/maps?q=9.5336385,-73.4629137", "OSMaps": "https://www.openstreetmap.org/query?lat=9.5336385&lon=-73.4629137" }, "geometry": { "type": "Point", "coordinates": [ -73.4629137, 9.5336385 ] } },
{ "type": "Feature", "properties": { "URL": "https://github.com/rcfdtools/R.GISMobile/tree/main/file/gis/POI/12/2013-07-03_16.10.23.jpg", "Altitude": 57.73, "GoogleMaps": "http://maps.google.com/maps?q=9.5332223,-73.4627698", "OSMaps": "https://www.openstreetmap.org/query?lat=9.5332223&lon=-73.4627698" }, "geometry": { "type": "Point", "coordinates": [ -73.4627698, 9.5332223 ] } },
{ "type": "Feature", "properties": { "URL": "https://github.com/rcfdtools/R.GISMobile/tree/main/file/gis/POI/12/2013-07-03_16.10.26.jpg", "Altitude": 57.73, "GoogleMaps": "http://maps.google.com/maps?q=9.5332223,-73.4627698", "OSMaps": "https://www.openstreetmap.org/query?lat=9.5332223&lon=-73.4627698" }, "geometry": { "type": "Point", "coordinates": [ -73.4627698, 9.5332223 ] } },
{ "type": "Feature", "properties": { "URL": "https://github.com/rcfdtools/R.GISMobile/tree/main/file/gis/POI/12/2013-07-03_16.10.30.jpg", "Altitude": 57.73, "GoogleMaps": "http://maps.google.com/maps?q=9.5332223,-73.4627698", "OSMaps": "https://www.openstreetmap.org/query?lat=9.5332223&lon=-73.4627698" }, "geometry": { "type": "Point", "coordinates": [ -73.4627698, 9.5332223 ] } },
{ "type": "Feature", "properties": { "URL": "https://github.com/rcfdtools/R.GISMobile/tree/main/file/gis/POI/12/2013-07-03_16.10.33.jpg", "Altitude": 57.73, "GoogleMaps": "http://maps.google.com/maps?q=9.5332223,-73.4627698", "OSMaps": "https://www.openstreetmap.org/query?lat=9.5332223&lon=-73.4627698" }, "geometry": { "type": "Point", "coordinates": [ -73.4627698, 9.5332223 ] } },
{ "type": "Feature", "properties": { "URL": "https://github.com/rcfdtools/R.GISMobile/tree/main/file/gis/POI/12/2013-07-03_16.10.52.jpg", "Altitude": 57.73, "GoogleMaps": "http://maps.google.com/maps?q=9.5332223,-73.4627698", "OSMaps": "https://www.openstreetmap.org/query?lat=9.5332223&lon=-73.4627698" }, "geometry": { "type": "Point", "coordinates": [ -73.4627698, 9.5332223 ] } },
{ "type": "Feature", "properties": { "URL": "https://github.com/rcfdtools/R.GISMobile/tree/main/file/gis/POI/12/2013-07-03_16.10.58.jpg", "Altitude": 57.73, "GoogleMaps": "http://maps.google.com/maps?q=9.5332223,-73.4627698", "OSMaps": "https://www.openstreetmap.org/query?lat=9.5332223&lon=-73.4627698" }, "geometry": { "type": "Point", "coordinates": [ -73.4627698, 9.5332223 ] } },
{ "type": "Feature", "properties": { "URL": "https://github.com/rcfdtools/R.GISMobile/tree/main/file/gis/POI/12/2013-07-03_16.11.00.jpg", "Altitude": 57.73, "GoogleMaps": "http://maps.google.com/maps?q=9.5332223,-73.4627698", "OSMaps": "https://www.openstreetmap.org/query?lat=9.5332223&lon=-73.4627698" }, "geometry": { "type": "Point", "coordinates": [ -73.4627698, 9.5332223 ] } },
{ "type": "Feature", "properties": { "URL": "https://github.com/rcfdtools/R.GISMobile/tree/main/file/gis/POI/12/2013-07-03_16.11.05.jpg", "Altitude": 57.73, "GoogleMaps": "http://maps.google.com/maps?q=9.5332223,-73.4627698", "OSMaps": "https://www.openstreetmap.org/query?lat=9.5332223&lon=-73.4627698" }, "geometry": { "type": "Point", "coordinates": [ -73.4627698, 9.5332223 ] } },
{ "type": "Feature", "properties": { "URL": "https://github.com/rcfdtools/R.GISMobile/tree/main/file/gis/POI/12/2013-07-03_16.11.59.jpg", "Altitude": 57.73, "GoogleMaps": "http://maps.google.com/maps?q=9.5332223,-73.4627698", "OSMaps": "https://www.openstreetmap.org/query?lat=9.5332223&lon=-73.4627698" }, "geometry": { "type": "Point", "coordinates": [ -73.4627698, 9.5332223 ] } },
{ "type": "Feature", "properties": { "URL": "https://github.com/rcfdtools/R.GISMobile/tree/main/file/gis/POI/12/2013-07-03_16.14.39.jpg", "Altitude": 56.05, "GoogleMaps": "http://maps.google.com/maps?q=9.5330167,-73.4626651", "OSMaps": "https://www.openstreetmap.org/query?lat=9.5330167&lon=-73.4626651" }, "geometry": { "type": "Point", "coordinates": [ -73.4626651, 9.5330167 ] } },
{ "type": "Feature", "properties": { "URL": "https://github.com/rcfdtools/R.GISMobile/tree/main/file/gis/POI/12/2013-07-03_16.14.54.jpg", "Altitude": 56.05, "GoogleMaps": "http://maps.google.com/maps?q=9.5330167,-73.4626651", "OSMaps": "https://www.openstreetmap.org/query?lat=9.5330167&lon=-73.4626651" }, "geometry": { "type": "Point", "coordinates": [ -73.4626651, 9.5330167 ] } },
{ "type": "Feature", "properties": { "URL": "https://github.com/rcfdtools/R.GISMobile/tree/main/file/gis/POI/12/2013-07-03_16.15.27.jpg", "Altitude": 56.05, "GoogleMaps": "http://maps.google.com/maps?q=9.5330167,-73.4626651", "OSMaps": "https://www.openstreetmap.org/query?lat=9.5330167&lon=-73.4626651" }, "geometry": { "type": "Point", "coordinates": [ -73.4626651, 9.5330167 ] } },
{ "type": "Feature", "properties": { "URL": "https://github.com/rcfdtools/R.GISMobile/tree/main/file/gis/POI/12/2013-07-03_16.15.41.jpg", "Altitude": 56.05, "GoogleMaps": "http://maps.google.com/maps?q=9.5330167,-73.4626651", "OSMaps": "https://www.openstreetmap.org/query?lat=9.5330167&lon=-73.4626651" }, "geometry": { "type": "Point", "coordinates": [ -73.4626651, 9.5330167 ] } },
{ "type": "Feature", "properties": { "URL": "https://github.com/rcfdtools/R.GISMobile/tree/main/file/gis/POI/12/2013-07-03_16.16.22.jpg", "Altitude": 56.05, "GoogleMaps": "http://maps.google.com/maps?q=9.5330167,-73.4626651", "OSMaps": "https://www.openstreetmap.org/query?lat=9.5330167&lon=-73.4626651" }, "geometry": { "type": "Point", "coordinates": [ -73.4626651, 9.5330167 ] } },
{ "type": "Feature", "properties": { "URL": "https://github.com/rcfdtools/R.GISMobile/tree/main/file/gis/POI/12/2013-07-03_16.26.22.jpg", "Altitude": 54.04, "GoogleMaps": "http://maps.google.com/maps?q=9.5282362,-73.4623197", "OSMaps": "https://www.openstreetmap.org/query?lat=9.5282362&lon=-73.4623197" }, "geometry": { "type": "Point", "coordinates": [ -73.4623197, 9.5282362 ] } },
{ "type": "Feature", "properties": { "URL": "https://github.com/rcfdtools/R.GISMobile/tree/main/file/gis/POI/12/2013-07-03_16.26.26.jpg", "Altitude": 54.04, "GoogleMaps": "http://maps.google.com/maps?q=9.5282362,-73.4623197", "OSMaps": "https://www.openstreetmap.org/query?lat=9.5282362&lon=-73.4623197" }, "geometry": { "type": "Point", "coordinates": [ -73.4623197, 9.5282362 ] } },
{ "type": "Feature", "properties": { "URL": "https://github.com/rcfdtools/R.GISMobile/tree/main/file/gis/POI/12/2013-07-03_16.28.03.jpg", "Altitude": 52.94, "GoogleMaps": "http://maps.google.com/maps?q=9.5282168,-73.4622893", "OSMaps": "https://www.openstreetmap.org/query?lat=9.5282168&lon=-73.4622893" }, "geometry": { "type": "Point", "coordinates": [ -73.4622893, 9.5282168 ] } },
{ "type": "Feature", "properties": { "URL": "https://github.com/rcfdtools/R.GISMobile/tree/main/file/gis/POI/12/2013-07-03_16.28.07.jpg", "Altitude": 52.94, "GoogleMaps": "http://maps.google.com/maps?q=9.5282168,-73.4622893", "OSMaps": "https://www.openstreetmap.org/query?lat=9.5282168&lon=-73.4622893" }, "geometry": { "type": "Point", "coordinates": [ -73.4622893, 9.5282168 ] } },
{ "type": "Feature", "properties": { "URL": "https://github.com/rcfdtools/R.GISMobile/tree/main/file/gis/POI/12/2013-07-03_16.39.14.jpg", "Altitude": 46.07, "GoogleMaps": "http://maps.google.com/maps?q=9.5249731,-73.4694264", "OSMaps": "https://www.openstreetmap.org/query?lat=9.5249731&lon=-73.4694264" }, "geometry": { "type": "Point", "coordinates": [ -73.4694264, 9.5249731 ] } },
{ "type": "Feature", "properties": { "URL": "https://github.com/rcfdtools/R.GISMobile/tree/main/file/gis/POI/12/2013-07-03_16.39.18.jpg", "Altitude": 46.07, "GoogleMaps": "http://maps.google.com/maps?q=9.5249731,-73.4694264", "OSMaps": "https://www.openstreetmap.org/query?lat=9.5249731&lon=-73.4694264" }, "geometry": { "type": "Point", "coordinates": [ -73.4694264, 9.5249731 ] } },
{ "type": "Feature", "properties": { "URL": "https://github.com/rcfdtools/R.GISMobile/tree/main/file/gis/POI/12/2013-07-03_16.39.21.jpg", "Altitude": 46.07, "GoogleMaps": "http://maps.google.com/maps?q=9.5249731,-73.4694264", "OSMaps": "https://www.openstreetmap.org/query?lat=9.5249731&lon=-73.4694264" }, "geometry": { "type": "Point", "coordinates": [ -73.4694264, 9.5249731 ] } },
{ "type": "Feature", "properties": { "URL": "https://github.com/rcfdtools/R.GISMobile/tree/main/file/gis/POI/12/2013-07-03_16.39.24.jpg", "Altitude": 46.07, "GoogleMaps": "http://maps.google.com/maps?q=9.5249731,-73.4694264", "OSMaps": "https://www.openstreetmap.org/query?lat=9.5249731&lon=-73.4694264" }, "geometry": { "type": "Point", "coordinates": [ -73.4694264, 9.5249731 ] } },
{ "type": "Feature", "properties": { "URL": "https://github.com/rcfdtools/R.GISMobile/tree/main/file/gis/POI/12/2013-07-03_16.39.31.jpg", "Altitude": 46.07, "GoogleMaps": "http://maps.google.com/maps?q=9.5249731,-73.4694264", "OSMaps": "https://www.openstreetmap.org/query?lat=9.5249731&lon=-73.4694264" }, "geometry": { "type": "Point", "coordinates": [ -73.4694264, 9.5249731 ] } },
{ "type": "Feature", "properties": { "URL": "https://github.com/rcfdtools/R.GISMobile/tree/main/file/gis/POI/2/PXL_20230503_145311366.jpg", "Altitude": 3730.03, "GoogleMaps": "http://maps.google.com/maps?q=4.678047222222222,-73.79294444444444", "OSMaps": "https://www.openstreetmap.org/query?lat=4.678047222222222&lon=-73.79294444444444" }, "geometry": { "type": "Point", "coordinates": [ -73.792944444444444, 4.678047222222222 ] } },
{ "type": "Feature", "properties": { "URL": "https://github.com/rcfdtools/R.GISMobile/tree/main/file/gis/POI/2/PXL_20230503_145353316.jpg", "Altitude": 3723.83, "GoogleMaps": "http://maps.google.com/maps?q=4.678238888888889,-73.79212777777778", "OSMaps": "https://www.openstreetmap.org/query?lat=4.678238888888889&lon=-73.79212777777778" }, "geometry": { "type": "Point", "coordinates": [ -73.792127777777779, 4.678238888888889 ] } },
{ "type": "Feature", "properties": { "URL": "https://github.com/rcfdtools/R.GISMobile/tree/main/file/gis/POI/2/PXL_20230503_145357736.jpg", "Altitude": 3723.83, "GoogleMaps": "http://maps.google.com/maps?q=4.678238888888889,-73.79212777777778", "OSMaps": "https://www.openstreetmap.org/query?lat=4.678238888888889&lon=-73.79212777777778" }, "geometry": { "type": "Point", "coordinates": [ -73.792127777777779, 4.678238888888889 ] } },
{ "type": "Feature", "properties": { "URL": "https://github.com/rcfdtools/R.GISMobile/tree/main/file/gis/POI/2/PXL_20230503_151140383.jpg", "Altitude": 3723.73, "GoogleMaps": "http://maps.google.com/maps?q=4.678233333333334,-73.79198055555555", "OSMaps": "https://www.openstreetmap.org/query?lat=4.678233333333334&lon=-73.79198055555555" }, "geometry": { "type": "Point", "coordinates": [ -73.791980555555554, 4.678233333333334 ] } },
{ "type": "Feature", "properties": { "URL": "https://github.com/rcfdtools/R.GISMobile/tree/main/file/gis/POI/2/PXL_20230503_151249602.MP.jpg", "Altitude": 3723.76, "GoogleMaps": "http://maps.google.com/maps?q=4.678219444444445,-73.79198611111111", "OSMaps": "https://www.openstreetmap.org/query?lat=4.678219444444445&lon=-73.79198611111111" }, "geometry": { "type": "Point", "coordinates": [ -73.791986111111115, 4.678219444444445 ] } },
{ "type": "Feature", "properties": { "URL": "https://github.com/rcfdtools/R.GISMobile/tree/main/file/gis/POI/22/IMG_0519.JPG", "Altitude": 852.00796178343944, "GoogleMaps": "http://maps.google.com/maps?q=5.012822222222222,-74.47740277777778", "OSMaps": "https://www.openstreetmap.org/query?lat=5.012822222222222&lon=-74.47740277777778" }, "geometry": { "type": "Point", "coordinates": [ -74.477402777777783, 5.012822222222222 ] } },
{ "type": "Feature", "properties": { "URL": "https://github.com/rcfdtools/R.GISMobile/tree/main/file/gis/POI/22/IMG_0520.JPG", "Altitude": 855.76296633303002, "GoogleMaps": "http://maps.google.com/maps?q=5.012841666666667,-74.47743055555556", "OSMaps": "https://www.openstreetmap.org/query?lat=5.012841666666667&lon=-74.47743055555556" }, "geometry": { "type": "Point", "coordinates": [ -74.477430555555557, 5.012841666666667 ] } },
{ "type": "Feature", "properties": { "URL": "https://github.com/rcfdtools/R.GISMobile/tree/main/file/gis/POI/22/IMG_0521.JPG", "Altitude": 854.14770459081831, "GoogleMaps": "http://maps.google.com/maps?q=5.012291666666667,-74.47744722222222", "OSMaps": "https://www.openstreetmap.org/query?lat=5.012291666666667&lon=-74.47744722222222" }, "geometry": { "type": "Point", "coordinates": [ -74.477447222222224, 5.012291666666667 ] } },
{ "type": "Feature", "properties": { "URL": "https://github.com/rcfdtools/R.GISMobile/tree/main/file/gis/POI/22/IMG_0522.JPG", "Altitude": 852.74233716475101, "GoogleMaps": "http://maps.google.com/maps?q=5.0128111111111116,-74.47741666666667", "OSMaps": "https://www.openstreetmap.org/query?lat=5.0128111111111116&lon=-74.47741666666667" }, "geometry": { "type": "Point", "coordinates": [ -74.47741666666667, 5.012811111111112 ] } },
{ "type": "Feature", "properties": { "URL": "https://github.com/rcfdtools/R.GISMobile/tree/main/file/gis/POI/22/IMG_0523.JPG", "Altitude": 856.3652618135377, "GoogleMaps": "http://maps.google.com/maps?q=5.012788888888889,-74.47733333333333", "OSMaps": "https://www.openstreetmap.org/query?lat=5.012788888888889&lon=-74.47733333333333" }, "geometry": { "type": "Point", "coordinates": [ -74.477333333333334, 5.012788888888889 ] } },
{ "type": "Feature", "properties": { "URL": "https://github.com/rcfdtools/R.GISMobile/tree/main/file/gis/POI/22/IMG_0524.JPG", "Altitude": 856.23852520692253, "GoogleMaps": "http://maps.google.com/maps?q=5.0160527777777775,-74.47553888888889", "OSMaps": "https://www.openstreetmap.org/query?lat=5.0160527777777775&lon=-74.47553888888889" }, "geometry": { "type": "Point", "coordinates": [ -74.475538888888892, 5.016052777777777 ] } },
{ "type": "Feature", "properties": { "URL": "https://github.com/rcfdtools/R.GISMobile/tree/main/file/gis/POI/22/IMG_0525.JPG", "Altitude": 870.86212121212122, "GoogleMaps": "http://maps.google.com/maps?q=5.009994444444445,-74.47755555555555", "OSMaps": "https://www.openstreetmap.org/query?lat=5.009994444444445&lon=-74.47755555555555" }, "geometry": { "type": "Point", "coordinates": [ -74.477555555555554, 5.009994444444445 ] } },
{ "type": "Feature", "properties": { "URL": "https://github.com/rcfdtools/R.GISMobile/tree/main/file/gis/POI/22/IMG_0526.JPG", "Altitude": 870.86212121212122, "GoogleMaps": "http://maps.google.com/maps?q=5.009994444444445,-74.47755555555555", "OSMaps": "https://www.openstreetmap.org/query?lat=5.009994444444445&lon=-74.47755555555555" }, "geometry": { "type": "Point", "coordinates": [ -74.477555555555554, 5.009994444444445 ] } },
{ "type": "Feature", "properties": { "URL": "https://github.com/rcfdtools/R.GISMobile/tree/main/file/gis/POI/22/IMG_0527.JPG", "Altitude": 870.86212121212122, "GoogleMaps": "http://maps.google.com/maps?q=5.009994444444445,-74.47755555555555", "OSMaps": "https://www.openstreetmap.org/query?lat=5.009994444444445&lon=-74.47755555555555" }, "geometry": { "type": "Point", "coordinates": [ -74.477555555555554, 5.009994444444445 ] } },
{ "type": "Feature", "properties": { "URL": "https://github.com/rcfdtools/R.GISMobile/tree/main/file/gis/POI/22/IMG_0528.JPG", "Altitude": 870.86212121212122, "GoogleMaps": "http://maps.google.com/maps?q=5.009994444444445,-74.47755555555555", "OSMaps": "https://www.openstreetmap.org/query?lat=5.009994444444445&lon=-74.47755555555555" }, "geometry": { "type": "Point", "coordinates": [ -74.477555555555554, 5.009994444444445 ] } },
{ "type": "Feature", "properties": { "URL": "https://github.com/rcfdtools/R.GISMobile/tree/main/file/gis/POI/22/IMG_0529.JPG", "Altitude": 872.94952380952384, "GoogleMaps": "http://maps.google.com/maps?q=5.009994444444445,-74.47755555555555", "OSMaps": "https://www.openstreetmap.org/query?lat=5.009994444444445&lon=-74.47755555555555" }, "geometry": { "type": "Point", "coordinates": [ -74.477555555555554, 5.009994444444445 ] } },
{ "type": "Feature", "properties": { "URL": "https://github.com/rcfdtools/R.GISMobile/tree/main/file/gis/POI/22/IMG_0530.JPG", "Altitude": 855.06997342781222, "GoogleMaps": "http://maps.google.com/maps?q=5.013263888888889,-74.47758611111111", "OSMaps": "https://www.openstreetmap.org/query?lat=5.013263888888889&lon=-74.47758611111111" }, "geometry": { "type": "Point", "coordinates": [ -74.477586111111108, 5.013263888888889 ] } },
{ "type": "Feature", "properties": { "URL": "https://github.com/rcfdtools/R.GISMobile/tree/main/file/gis/POI/22/IMG_0531.JPG", "Altitude": 853.18471953578342, "GoogleMaps": "http://maps.google.com/maps?q=5.013136111111111,-74.47762222222222", "OSMaps": "https://www.openstreetmap.org/query?lat=5.013136111111111&lon=-74.47762222222222" }, "geometry": { "type": "Point", "coordinates": [ -74.477622222222223, 5.013136111111111 ] } },
{ "type": "Feature", "properties": { "URL": "https://github.com/rcfdtools/R.GISMobile/tree/main/file/gis/POI/22/IMG_0532.JPG", "Altitude": 852.88760035682424, "GoogleMaps": "http://maps.google.com/maps?q=5.013097222222222,-74.47763888888889", "OSMaps": "https://www.openstreetmap.org/query?lat=5.013097222222222&lon=-74.47763888888889" }, "geometry": { "type": "Point", "coordinates": [ -74.47763888888889, 5.013097222222222 ] } },
{ "type": "Feature", "properties": { "URL": "https://github.com/rcfdtools/R.GISMobile/tree/main/file/gis/POI/22/IMG_0536.JPG", "Altitude": 854.1605489945739, "GoogleMaps": "http://maps.google.com/maps?q=5.013097222222222,-74.47802777777778", "OSMaps": "https://www.openstreetmap.org/query?lat=5.013097222222222&lon=-74.47802777777778" }, "geometry": { "type": "Point", "coordinates": [ -74.478027777777783, 5.013097222222222 ] } },
{ "type": "Feature", "properties": { "URL": "https://github.com/rcfdtools/R.GISMobile/tree/main/file/gis/POI/22/IMG_0537.JPG", "Altitude": 864.23903966597072, "GoogleMaps": "http://maps.google.com/maps?q=5.013125,-74.47776944444445", "OSMaps": "https://www.openstreetmap.org/query?lat=5.013125&lon=-74.47776944444445" }, "geometry": { "type": "Point", "coordinates": [ -74.477769444444448, 5.013125 ] } },
{ "type": "Feature", "properties": { "URL": "https://github.com/rcfdtools/R.GISMobile/tree/main/file/gis/POI/22/IMG_0538.JPG", "Altitude": 864.12649164677805, "GoogleMaps": "http://maps.google.com/maps?q=5.013122222222222,-74.47776944444445", "OSMaps": "https://www.openstreetmap.org/query?lat=5.013122222222222&lon=-74.47776944444445" }, "geometry": { "type": "Point", "coordinates": [ -74.477769444444448, 5.013122222222222 ] } },
{ "type": "Feature", "properties": { "URL": "https://github.com/rcfdtools/R.GISMobile/tree/main/file/gis/POI/22/IMG_0539.JPG", "Altitude": 863.45547073791352, "GoogleMaps": "http://maps.google.com/maps?q=5.0131194444444445,-74.4777611111111", "OSMaps": "https://www.openstreetmap.org/query?lat=5.0131194444444445&lon=-74.4777611111111" }, "geometry": { "type": "Point", "coordinates": [ -74.477761111111107, 5.013119444444444 ] } },
{ "type": "Feature", "properties": { "URL": "https://github.com/rcfdtools/R.GISMobile/tree/main/file/gis/POI/22/IMG_0540.JPG", "Altitude": 862.00478755236384, "GoogleMaps": "http://maps.google.com/maps?q=5.013122222222222,-74.4777611111111", "OSMaps": "https://www.openstreetmap.org/query?lat=5.013122222222222&lon=-74.4777611111111" }, "geometry": { "type": "Point", "coordinates": [ -74.477761111111107, 5.013122222222222 ] } },
{ "type": "Feature", "properties": { "URL": "https://github.com/rcfdtools/R.GISMobile/tree/main/file/gis/POI/22/IMG_0541.JPG", "Altitude": 847.25185796862093, "GoogleMaps": "http://maps.google.com/maps?q=5.0132111111111115,-74.47778333333333", "OSMaps": "https://www.openstreetmap.org/query?lat=5.0132111111111115&lon=-74.47778333333333" }, "geometry": { "type": "Point", "coordinates": [ -74.477783333333335, 5.013211111111112 ] } },
{ "type": "Feature", "properties": { "URL": "https://github.com/rcfdtools/R.GISMobile/tree/main/file/gis/POI/22/IMG_0542.JPG", "Altitude": 846.52602739726024, "GoogleMaps": "http://maps.google.com/maps?q=5.013166666666667,-74.47781388888889", "OSMaps": "https://www.openstreetmap.org/query?lat=5.013166666666667&lon=-74.47781388888889" }, "geometry": { "type": "Point", "coordinates": [ -74.477813888888889, 5.013166666666667 ] } },
{ "type": "Feature", "properties": { "URL": "https://github.com/rcfdtools/R.GISMobile/tree/main/file/gis/POI/22/IMG_0543.JPG", "Altitude": 851.37478260869568, "GoogleMaps": "http://maps.google.com/maps?q=5.013169444444444,-74.47779722222222", "OSMaps": "https://www.openstreetmap.org/query?lat=5.013169444444444&lon=-74.47779722222222" }, "geometry": { "type": "Point", "coordinates": [ -74.477797222222222, 5.013169444444444 ] } },
{ "type": "Feature", "properties": { "URL": "https://github.com/rcfdtools/R.GISMobile/tree/main/file/gis/POI/22/IMG_0544.JPG", "Altitude": 860.01137980085343, "GoogleMaps": "http://maps.google.com/maps?q=5.013175,-74.4777888888889", "OSMaps": "https://www.openstreetmap.org/query?lat=5.013175&lon=-74.4777888888889" }, "geometry": { "type": "Point", "coordinates": [ -74.477788888888895, 5.013175 ] } },
{ "type": "Feature", "properties": { "URL": "https://github.com/rcfdtools/R.GISMobile/tree/main/file/gis/POI/22/IMG_0545.JPG", "Altitude": 861.93447580645159, "GoogleMaps": "http://maps.google.com/maps?q=5.013186111111111,-74.47778333333333", "OSMaps": "https://www.openstreetmap.org/query?lat=5.013186111111111&lon=-74.47778333333333" }, "geometry": { "type": "Point", "coordinates": [ -74.477783333333335, 5.013186111111111 ] } },
{ "type": "Feature", "properties": { "URL": "https://github.com/rcfdtools/R.GISMobile/tree/main/file/gis/POI/22/IMG_0546.JPG", "Altitude": 860.57387862796838, "GoogleMaps": "http://maps.google.com/maps?q=5.013197222222222,-74.47774444444444", "OSMaps": "https://www.openstreetmap.org/query?lat=5.013197222222222&lon=-74.47774444444444" }, "geometry": { "type": "Point", "coordinates": [ -74.47774444444444, 5.013197222222222 ] } },
{ "type": "Feature", "properties": { "URL": "https://github.com/rcfdtools/R.GISMobile/tree/main/file/gis/POI/22/IMG_0547.JPG", "Altitude": 861.78066612510156, "GoogleMaps": "http://maps.google.com/maps?q=5.0132,-74.47775277777778", "OSMaps": "https://www.openstreetmap.org/query?lat=5.0132&lon=-74.47775277777778" }, "geometry": { "type": "Point", "coordinates": [ -74.477752777777781, 5.0132 ] } },
{ "type": "Feature", "properties": { "URL": "https://github.com/rcfdtools/R.GISMobile/tree/main/file/gis/POI/22/IMG_0548.JPG", "Altitude": 861.631007751938, "GoogleMaps": "http://maps.google.com/maps?q=5.013208333333333,-74.47780555555556", "OSMaps": "https://www.openstreetmap.org/query?lat=5.013208333333333&lon=-74.47780555555556" }, "geometry": { "type": "Point", "coordinates": [ -74.477805555555562, 5.013208333333333 ] } },
{ "type": "Feature", "properties": { "URL": "https://github.com/rcfdtools/R.GISMobile/tree/main/file/gis/POI/22/IMG_0549.JPG", "Altitude": 861.46181818181822, "GoogleMaps": "http://maps.google.com/maps?q=5.013208333333333,-74.47780555555556", "OSMaps": "https://www.openstreetmap.org/query?lat=5.013208333333333&lon=-74.47780555555556" }, "geometry": { "type": "Point", "coordinates": [ -74.477805555555562, 5.013208333333333 ] } },
{ "type": "Feature", "properties": { "URL": "https://github.com/rcfdtools/R.GISMobile/tree/main/file/gis/POI/22/IMG_0550.JPG", "Altitude": 861.59022118742723, "GoogleMaps": "http://maps.google.com/maps?q=5.0132361111111114,-74.47779722222222", "OSMaps": "https://www.openstreetmap.org/query?lat=5.0132361111111114&lon=-74.47779722222222" }, "geometry": { "type": "Point", "coordinates": [ -74.477797222222222, 5.013236111111112 ] } },
{ "type": "Feature", "properties": { "URL": "https://github.com/rcfdtools/R.GISMobile/tree/main/file/gis/POI/22/IMG_0551.JPG", "Altitude": 861.45024780785366, "GoogleMaps": "http://maps.google.com/maps?q=5.013222222222222,-74.47778333333333", "OSMaps": "https://www.openstreetmap.org/query?lat=5.013222222222222&lon=-74.47778333333333" }, "geometry": { "type": "Point", "coordinates": [ -74.477783333333335, 5.013222222222222 ] } },
{ "type": "Feature", "properties": { "URL": "https://github.com/rcfdtools/R.GISMobile/tree/main/file/gis/POI/22/IMG_0552.JPG", "Altitude": 861.73513735137351, "GoogleMaps": "http://maps.google.com/maps?q=5.0132111111111115,-74.4777888888889", "OSMaps": "https://www.openstreetmap.org/query?lat=5.0132111111111115&lon=-74.4777888888889" }, "geometry": { "type": "Point", "coordinates": [ -74.477788888888895, 5.013211111111112 ] } },
{ "type": "Feature", "properties": { "URL": "https://github.com/rcfdtools/R.GISMobile/tree/main/file/gis/POI/22/IMG_0553.JPG", "Altitude": 861.7624810892587, "GoogleMaps": "http://maps.google.com/maps?q=5.0132111111111115,-74.47778333333333", "OSMaps": "https://www.openstreetmap.org/query?lat=5.0132111111111115&lon=-74.47778333333333" }, "geometry": { "type": "Point", "coordinates": [ -74.477783333333335, 5.013211111111112 ] } },
{ "type": "Feature", "properties": { "URL": "https://github.com/rcfdtools/R.GISMobile/tree/main/file/gis/POI/22/IMG_0554.JPG", "Altitude": 852.52541715172686, "GoogleMaps": "http://maps.google.com/maps?q=5.013027777777777,-74.47791388888889", "OSMaps": "https://www.openstreetmap.org/query?lat=5.013027777777777&lon=-74.47791388888889" }, "geometry": { "type": "Point", "coordinates": [ -74.477913888888892, 5.013027777777777 ] } },
{ "type": "Feature", "properties": { "URL": "https://github.com/rcfdtools/R.GISMobile/tree/main/file/gis/POI/22/IMG_0556.JPG", "Altitude": 859.12758996728462, "GoogleMaps": "http://maps.google.com/maps?q=5.012894444444444,-74.4777", "OSMaps": "https://www.openstreetmap.org/query?lat=5.012894444444444&lon=-74.4777" }, "geometry": { "type": "Point", "coordinates": [ -74.4777, 5.012894444444444 ] } },
{ "type": "Feature", "properties": { "URL": "https://github.com/rcfdtools/R.GISMobile/tree/main/file/gis/POI/22/IMG_0557.JPG", "Altitude": 859.78481703986893, "GoogleMaps": "http://maps.google.com/maps?q=5.012905555555555,-74.4777", "OSMaps": "https://www.openstreetmap.org/query?lat=5.012905555555555&lon=-74.4777" }, "geometry": { "type": "Point", "coordinates": [ -74.4777, 5.012905555555555 ] } },
{ "type": "Feature", "properties": { "URL": "https://github.com/rcfdtools/R.GISMobile/tree/main/file/gis/POI/22/IMG_0558.JPG", "Altitude": 860.30337078651689, "GoogleMaps": "http://maps.google.com/maps?q=5.012908333333334,-74.47769166666667", "OSMaps": "https://www.openstreetmap.org/query?lat=5.012908333333334&lon=-74.47769166666667" }, "geometry": { "type": "Point", "coordinates": [ -74.477691666666672, 5.012908333333334 ] } },
{ "type": "Feature", "properties": { "URL": "https://github.com/rcfdtools/R.GISMobile/tree/main/file/gis/POI/22/IMG_0559.JPG", "Altitude": 861.06435778565583, "GoogleMaps": "http://maps.google.com/maps?q=5.012908333333334,-74.47769166666667", "OSMaps": "https://www.openstreetmap.org/query?lat=5.012908333333334&lon=-74.47769166666667" }, "geometry": { "type": "Point", "coordinates": [ -74.477691666666672, 5.012908333333334 ] } },
{ "type": "Feature", "properties": { "URL": "https://github.com/rcfdtools/R.GISMobile/tree/main/file/gis/POI/22/IMG_0560.JPG", "Altitude": 860.8537604456825, "GoogleMaps": "http://maps.google.com/maps?q=5.012941666666666,-74.47766944444444", "OSMaps": "https://www.openstreetmap.org/query?lat=5.012941666666666&lon=-74.47766944444444" }, "geometry": { "type": "Point", "coordinates": [ -74.477669444444444, 5.012941666666666 ] } },
{ "type": "Feature", "properties": { "URL": "https://github.com/rcfdtools/R.GISMobile/tree/main/file/gis/POI/22/IMG_0561.JPG", "Altitude": 860.40822543792842, "GoogleMaps": "http://maps.google.com/maps?q=5.012938888888889,-74.47766111111112", "OSMaps": "https://www.openstreetmap.org/query?lat=5.012938888888889&lon=-74.47766111111112" }, "geometry": { "type": "Point", "coordinates": [ -74.477661111111118, 5.012938888888889 ] } },
{ "type": "Feature", "properties": { "URL": "https://github.com/rcfdtools/R.GISMobile/tree/main/file/gis/POI/22/IMG_0562.JPG", "Altitude": 860.19962859795726, "GoogleMaps": "http://maps.google.com/maps?q=5.012933333333334,-74.47766111111112", "OSMaps": "https://www.openstreetmap.org/query?lat=5.012933333333334&lon=-74.47766111111112" }, "geometry": { "type": "Point", "coordinates": [ -74.477661111111118, 5.012933333333334 ] } },
{ "type": "Feature", "properties": { "URL": "https://github.com/rcfdtools/R.GISMobile/tree/main/file/gis/POI/22/IMG_0563.JPG", "Altitude": 852.89138381201042, "GoogleMaps": "http://maps.google.com/maps?q=5.013013888888889,-74.47783611111112", "OSMaps": "https://www.openstreetmap.org/query?lat=5.013013888888889&lon=-74.47783611111112" }, "geometry": { "type": "Point", "coordinates": [ -74.477836111111117, 5.013013888888889 ] } },
{ "type": "Feature", "properties": { "URL": "https://github.com/rcfdtools/R.GISMobile/tree/main/file/gis/POI/22/IMG_0564.JPG", "Altitude": 856.42202380952381, "GoogleMaps": "http://maps.google.com/maps?q=5.013052777777777,-74.4777888888889", "OSMaps": "https://www.openstreetmap.org/query?lat=5.013052777777777&lon=-74.4777888888889" }, "geometry": { "type": "Point", "coordinates": [ -74.477788888888895, 5.013052777777777 ] } },
{ "type": "Feature", "properties": { "URL": "https://github.com/rcfdtools/R.GISMobile/tree/main/file/gis/POI/22/IMG_0565.JPG", "Altitude": 856.65322494384429, "GoogleMaps": "http://maps.google.com/maps?q=5.013069444444445,-74.47777500000001", "OSMaps": "https://www.openstreetmap.org/query?lat=5.013069444444445&lon=-74.47777500000001" }, "geometry": { "type": "Point", "coordinates": [ -74.477775, 5.013069444444445 ] } },
{ "type": "Feature", "properties": { "URL": "https://github.com/rcfdtools/R.GISMobile/tree/main/file/gis/POI/22/IMG_0566.JPG", "Altitude": 856.83242506811985, "GoogleMaps": "http://maps.google.com/maps?q=5.013116666666667,-74.4777888888889", "OSMaps": "https://www.openstreetmap.org/query?lat=5.013116666666667&lon=-74.4777888888889" }, "geometry": { "type": "Point", "coordinates": [ -74.477788888888895, 5.013116666666667 ] } },
{ "type": "Feature", "properties": { "URL": "https://github.com/rcfdtools/R.GISMobile/tree/main/file/gis/POI/22/IMG_0567.JPG", "Altitude": 866.78823529411761, "GoogleMaps": "http://maps.google.com/maps?q=5.013261111111111,-74.47788888888888", "OSMaps": "https://www.openstreetmap.org/query?lat=5.013261111111111&lon=-74.47788888888888" }, "geometry": { "type": "Point", "coordinates": [ -74.477888888888884, 5.013261111111111 ] } },
{ "type": "Feature", "properties": { "URL": "https://github.com/rcfdtools/R.GISMobile/tree/main/file/gis/POI/22/IMG_0568.JPG", "Altitude": 861.52699055330629, "GoogleMaps": "http://maps.google.com/maps?q=5.013075,-74.47786666666667", "OSMaps": "https://www.openstreetmap.org/query?lat=5.013075&lon=-74.47786666666667" }, "geometry": { "type": "Point", "coordinates": [ -74.477866666666671, 5.013075 ] } },
{ "type": "Feature", "properties": { "URL": "https://github.com/rcfdtools/R.GISMobile/tree/main/file/gis/POI/22/IMG_0569.JPG", "Altitude": 862.10316742081443, "GoogleMaps": "http://maps.google.com/maps?q=5.013066666666667,-74.47786111111111", "OSMaps": "https://www.openstreetmap.org/query?lat=5.013066666666667&lon=-74.47786111111111" }, "geometry": { "type": "Point", "coordinates": [ -74.47786111111111, 5.013066666666667 ] } },
{ "type": "Feature", "properties": { "URL": "https://github.com/rcfdtools/R.GISMobile/tree/main/file/gis/POI/22/IMG_0570.JPG", "Altitude": 862.08493427704752, "GoogleMaps": "http://maps.google.com/maps?q=5.013069444444445,-74.47786666666667", "OSMaps": "https://www.openstreetmap.org/query?lat=5.013069444444445&lon=-74.47786666666667" }, "geometry": { "type": "Point", "coordinates": [ -74.477866666666671, 5.013069444444445 ] } },
{ "type": "Feature", "properties": { "URL": "https://github.com/rcfdtools/R.GISMobile/tree/main/file/gis/POI/22/IMG_0571.JPG", "Altitude": 855.14614499424624, "GoogleMaps": "http://maps.google.com/maps?q=5.012963888888889,-74.47791388888889", "OSMaps": "https://www.openstreetmap.org/query?lat=5.012963888888889&lon=-74.47791388888889" }, "geometry": { "type": "Point", "coordinates": [ -74.477913888888892, 5.012963888888889 ] } },
{ "type": "Feature", "properties": { "URL": "https://github.com/rcfdtools/R.GISMobile/tree/main/file/gis/POI/22/IMG_0572.JPG", "Altitude": 862.23769730733522, "GoogleMaps": "http://maps.google.com/maps?q=5.013005555555556,-74.47786666666667", "OSMaps": "https://www.openstreetmap.org/query?lat=5.013005555555556&lon=-74.47786666666667" }, "geometry": { "type": "Point", "coordinates": [ -74.477866666666671, 5.013005555555556 ] } },
{ "type": "Feature", "properties": { "URL": "https://github.com/rcfdtools/R.GISMobile/tree/main/file/gis/POI/22/IMG_0573.JPG", "Altitude": 861.39052924791088, "GoogleMaps": "http://maps.google.com/maps?q=5.013030555555556,-74.47790555555555", "OSMaps": "https://www.openstreetmap.org/query?lat=5.013030555555556&lon=-74.47790555555555" }, "geometry": { "type": "Point", "coordinates": [ -74.477905555555552, 5.013030555555556 ] } },
{ "type": "Feature", "properties": { "URL": "https://github.com/rcfdtools/R.GISMobile/tree/main/file/gis/POI/22/IMG_0575.JPG", "Altitude": 849.80800942285043, "GoogleMaps": "http://maps.google.com/maps?q=5.012869444444444,-74.4777888888889", "OSMaps": "https://www.openstreetmap.org/query?lat=5.012869444444444&lon=-74.4777888888889" }, "geometry": { "type": "Point", "coordinates": [ -74.477788888888895, 5.012869444444444 ] } },
{ "type": "Feature", "properties": { "URL": "https://github.com/rcfdtools/R.GISMobile/tree/main/file/gis/POI/22/IMG_0577.JPG", "Altitude": 856.796535326087, "GoogleMaps": "http://maps.google.com/maps?q=5.012883333333333,-74.47776944444445", "OSMaps": "https://www.openstreetmap.org/query?lat=5.012883333333333&lon=-74.47776944444445" }, "geometry": { "type": "Point", "coordinates": [ -74.477769444444448, 5.012883333333333 ] } },
{ "type": "Feature", "properties": { "URL": "https://github.com/rcfdtools/R.GISMobile/tree/main/file/gis/POI/22/IMG_0578.JPG", "Altitude": 854.20473876063181, "GoogleMaps": "http://maps.google.com/maps?q=5.0128916666666665,-74.4777611111111", "OSMaps": "https://www.openstreetmap.org/query?lat=5.0128916666666665&lon=-74.4777611111111" }, "geometry": { "type": "Point", "coordinates": [ -74.477761111111107, 5.012891666666667 ] } },
{ "type": "Feature", "properties": { "URL": "https://github.com/rcfdtools/R.GISMobile/tree/main/file/gis/POI/22/IMG_0579.JPG", "Altitude": 856.34160305343516, "GoogleMaps": "http://maps.google.com/maps?q=5.012913888888889,-74.4777611111111", "OSMaps": "https://www.openstreetmap.org/query?lat=5.012913888888889&lon=-74.4777611111111" }, "geometry": { "type": "Point", "coordinates": [ -74.477761111111107, 5.012913888888889 ] } },
{ "type": "Feature", "properties": { "URL": "https://github.com/rcfdtools/R.GISMobile/tree/main/file/gis/POI/23/IMG_0605.JPG", "Altitude": 2716.6327800829881, "GoogleMaps": "http://maps.google.com/maps?q=5.2159555555555555,-73.59673333333333", "OSMaps": "https://www.openstreetmap.org/query?lat=5.2159555555555555&lon=-73.59673333333333" }, "geometry": { "type": "Point", "coordinates": [ -73.596733333333333, 5.215955555555556 ] } },
{ "type": "Feature", "properties": { "URL": "https://github.com/rcfdtools/R.GISMobile/tree/main/file/gis/POI/23/IMG_0606.JPG", "Altitude": 2723.5246252676661, "GoogleMaps": "http://maps.google.com/maps?q=5.215963888888889,-73.59671944444445", "OSMaps": "https://www.openstreetmap.org/query?lat=5.215963888888889&lon=-73.59671944444445" }, "geometry": { "type": "Point", "coordinates": [ -73.596719444444446, 5.215963888888889 ] } },
{ "type": "Feature", "properties": { "URL": "https://github.com/rcfdtools/R.GISMobile/tree/main/file/gis/POI/23/IMG_0607.JPG", "Altitude": 2748.7224137931034, "GoogleMaps": "http://maps.google.com/maps?q=5.2159361111111116,-73.59203333333333", "OSMaps": "https://www.openstreetmap.org/query?lat=5.2159361111111116&lon=-73.59203333333333" }, "geometry": { "type": "Point", "coordinates": [ -73.592033333333333, 5.215936111111112 ] } },
{ "type": "Feature", "properties": { "URL": "https://github.com/rcfdtools/R.GISMobile/tree/main/file/gis/POI/23/IMG_0608.JPG", "Altitude": 2812.6515748031497, "GoogleMaps": "http://maps.google.com/maps?q=5.217469444444444,-73.58734166666666", "OSMaps": "https://www.openstreetmap.org/query?lat=5.217469444444444&lon=-73.58734166666666" }, "geometry": { "type": "Point", "coordinates": [ -73.58734166666666, 5.217469444444444 ] } },
{ "type": "Feature", "properties": { "URL": "https://github.com/rcfdtools/R.GISMobile/tree/main/file/gis/POI/23/IMG_0609.JPG", "Altitude": 2810.6689075630252, "GoogleMaps": "http://maps.google.com/maps?q=5.217477777777778,-73.58730277777778", "OSMaps": "https://www.openstreetmap.org/query?lat=5.217477777777778&lon=-73.58730277777778" }, "geometry": { "type": "Point", "coordinates": [ -73.587302777777779, 5.217477777777778 ] } },
{ "type": "Feature", "properties": { "URL": "https://github.com/rcfdtools/R.GISMobile/tree/main/file/gis/POI/23/IMG_0610.JPG", "Altitude": 2817.0566037735848, "GoogleMaps": "http://maps.google.com/maps?q=5.217475,-73.58726388888888", "OSMaps": "https://www.openstreetmap.org/query?lat=5.217475&lon=-73.58726388888888" }, "geometry": { "type": "Point", "coordinates": [ -73.587263888888884, 5.217475 ] } },
{ "type": "Feature", "properties": { "URL": "https://github.com/rcfdtools/R.GISMobile/tree/main/file/gis/POI/23/IMG_0611.JPG", "Altitude": 2817.7956204379561, "GoogleMaps": "http://maps.google.com/maps?q=5.217477777777778,-73.58727222222221", "OSMaps": "https://www.openstreetmap.org/query?lat=5.217477777777778&lon=-73.58727222222221" }, "geometry": { "type": "Point", "coordinates": [ -73.587272222222211, 5.217477777777778 ] } },
{ "type": "Feature", "properties": { "URL": "https://github.com/rcfdtools/R.GISMobile/tree/main/file/gis/POI/23/IMG_0612.JPG", "Altitude": 2817.6100746268658, "GoogleMaps": "http://maps.google.com/maps?q=5.217477777777778,-73.58726388888888", "OSMaps": "https://www.openstreetmap.org/query?lat=5.217477777777778&lon=-73.58726388888888" }, "geometry": { "type": "Point", "coordinates": [ -73.587263888888884, 5.217477777777778 ] } },
{ "type": "Feature", "properties": { "URL": "https://github.com/rcfdtools/R.GISMobile/tree/main/file/gis/POI/23/IMG_0613.JPG", "Altitude": 2817.686730506156, "GoogleMaps": "http://maps.google.com/maps?q=5.217477777777778,-73.58726388888888", "OSMaps": "https://www.openstreetmap.org/query?lat=5.217477777777778&lon=-73.58726388888888" }, "geometry": { "type": "Point", "coordinates": [ -73.587263888888884, 5.217477777777778 ] } },
{ "type": "Feature", "properties": { "URL": "https://github.com/rcfdtools/R.GISMobile/tree/main/file/gis/POI/23/IMG_0614.JPG", "Altitude": 2817.9638336347198, "GoogleMaps": "http://maps.google.com/maps?q=5.217477777777778,-73.58726388888888", "OSMaps": "https://www.openstreetmap.org/query?lat=5.217477777777778&lon=-73.58726388888888" }, "geometry": { "type": "Point", "coordinates": [ -73.587263888888884, 5.217477777777778 ] } },
{ "type": "Feature", "properties": { "URL": "https://github.com/rcfdtools/R.GISMobile/tree/main/file/gis/POI/23/IMG_0615.JPG", "Altitude": 2819.6532846715327, "GoogleMaps": "http://maps.google.com/maps?q=5.217483333333333,-73.58725", "OSMaps": "https://www.openstreetmap.org/query?lat=5.217483333333333&lon=-73.58725" }, "geometry": { "type": "Point", "coordinates": [ -73.58725, 5.217483333333333 ] } },
{ "type": "Feature", "properties": { "URL": "https://github.com/rcfdtools/R.GISMobile/tree/main/file/gis/POI/23/IMG_0616.JPG", "Altitude": 2819.4455205811137, "GoogleMaps": "http://maps.google.com/maps?q=5.217488888888889,-73.58725555555556", "OSMaps": "https://www.openstreetmap.org/query?lat=5.217488888888889&lon=-73.58725555555556" }, "geometry": { "type": "Point", "coordinates": [ -73.587255555555558, 5.217488888888889 ] } },
{ "type": "Feature", "properties": { "URL": "https://github.com/rcfdtools/R.GISMobile/tree/main/file/gis/POI/23/IMG_0617.JPG", "Altitude": 2813.011851851852, "GoogleMaps": "http://maps.google.com/maps?q=5.217497222222223,-73.58725555555556", "OSMaps": "https://www.openstreetmap.org/query?lat=5.217497222222223&lon=-73.58725555555556" }, "geometry": { "type": "Point", "coordinates": [ -73.587255555555558, 5.217497222222223 ] } },
{ "type": "Feature", "properties": { "URL": "https://github.com/rcfdtools/R.GISMobile/tree/main/file/gis/POI/23/IMG_0618.JPG", "Altitude": 2813.0337078651687, "GoogleMaps": "http://maps.google.com/maps?q=5.217505555555555,-73.58725", "OSMaps": "https://www.openstreetmap.org/query?lat=5.217505555555555&lon=-73.58725" }, "geometry": { "type": "Point", "coordinates": [ -73.58725, 5.217505555555555 ] } },
{ "type": "Feature", "properties": { "URL": "https://github.com/rcfdtools/R.GISMobile/tree/main/file/gis/POI/23/IMG_0619.JPG", "Altitude": 2814.8861003861002, "GoogleMaps": "http://maps.google.com/maps?q=5.2174805555555555,-73.58728055555555", "OSMaps": "https://www.openstreetmap.org/query?lat=5.2174805555555555&lon=-73.58728055555555" }, "geometry": { "type": "Point", "coordinates": [ -73.587280555555552, 5.217480555555556 ] } },
{ "type": "Feature", "properties": { "URL": "https://github.com/rcfdtools/R.GISMobile/tree/main/file/gis/POI/23/IMG_0620.JPG", "Altitude": 2814.4650698602795, "GoogleMaps": "http://maps.google.com/maps?q=5.217477777777778,-73.58728888888888", "OSMaps": "https://www.openstreetmap.org/query?lat=5.217477777777778&lon=-73.58728888888888" }, "geometry": { "type": "Point", "coordinates": [ -73.587288888888878, 5.217477777777778 ] } },
{ "type": "Feature", "properties": { "URL": "https://github.com/rcfdtools/R.GISMobile/tree/main/file/gis/POI/23/IMG_0621.JPG", "Altitude": 2814.6704288939054, "GoogleMaps": "http://maps.google.com/maps?q=5.2174611111111115,-73.58727222222221", "OSMaps": "https://www.openstreetmap.org/query?lat=5.2174611111111115&lon=-73.58727222222221" }, "geometry": { "type": "Point", "coordinates": [ -73.587272222222211, 5.217461111111112 ] } },
{ "type": "Feature", "properties": { "URL": "https://github.com/rcfdtools/R.GISMobile/tree/main/file/gis/POI/23/IMG_0622.JPG", "Altitude": 2815.0517241379312, "GoogleMaps": "http://maps.google.com/maps?q=5.217436111111112,-73.58725", "OSMaps": "https://www.openstreetmap.org/query?lat=5.217436111111112&lon=-73.58725" }, "geometry": { "type": "Point", "coordinates": [ -73.58725, 5.217436111111112 ] } },
{ "type": "Feature", "properties": { "URL": "https://github.com/rcfdtools/R.GISMobile/tree/main/file/gis/POI/23/IMG_0623.JPG", "Altitude": 2815.773519163763, "GoogleMaps": "http://maps.google.com/maps?q=5.217466666666667,-73.58729444444444", "OSMaps": "https://www.openstreetmap.org/query?lat=5.217466666666667&lon=-73.58729444444444" }, "geometry": { "type": "Point", "coordinates": [ -73.587294444444439, 5.217466666666667 ] } },
{ "type": "Feature", "properties": { "URL": "https://github.com/rcfdtools/R.GISMobile/tree/main/file/gis/POI/23/IMG_0624.JPG", "Altitude": 2815.5013192612137, "GoogleMaps": "http://maps.google.com/maps?q=5.217494444444444,-73.58729444444444", "OSMaps": "https://www.openstreetmap.org/query?lat=5.217494444444444&lon=-73.58729444444444" }, "geometry": { "type": "Point", "coordinates": [ -73.587294444444439, 5.217494444444444 ] } },
{ "type": "Feature", "properties": { "URL": "https://github.com/rcfdtools/R.GISMobile/tree/main/file/gis/POI/23/IMG_0625.JPG", "Altitude": 2816.7373696872496, "GoogleMaps": "http://maps.google.com/maps?q=5.217508333333334,-73.58731944444445", "OSMaps": "https://www.openstreetmap.org/query?lat=5.217508333333334&lon=-73.58731944444445" }, "geometry": { "type": "Point", "coordinates": [ -73.587319444444447, 5.217508333333334 ] } },
{ "type": "Feature", "properties": { "URL": "https://github.com/rcfdtools/R.GISMobile/tree/main/file/gis/POI/23/IMG_0626.JPG", "Altitude": 2815.3085339168488, "GoogleMaps": "http://maps.google.com/maps?q=5.217494444444444,-73.58731944444445", "OSMaps": "https://www.openstreetmap.org/query?lat=5.217494444444444&lon=-73.58731944444445" }, "geometry": { "type": "Point", "coordinates": [ -73.587319444444447, 5.217494444444444 ] } },
{ "type": "Feature", "properties": { "URL": "https://github.com/rcfdtools/R.GISMobile/tree/main/file/gis/POI/23/IMG_0627.JPG", "Altitude": 2809.1613445378152, "GoogleMaps": "http://maps.google.com/maps?q=5.217391666666667,-73.58732777777777", "OSMaps": "https://www.openstreetmap.org/query?lat=5.217391666666667&lon=-73.58732777777777" }, "geometry": { "type": "Point", "coordinates": [ -73.587327777777773, 5.217391666666667 ] } },
{ "type": "Feature", "properties": { "URL": "https://github.com/rcfdtools/R.GISMobile/tree/main/file/gis/POI/23/IMG_0628.JPG", "Altitude": 2810.8910776361531, "GoogleMaps": "http://maps.google.com/maps?q=5.217422222222222,-73.5873111111111", "OSMaps": "https://www.openstreetmap.org/query?lat=5.217422222222222&lon=-73.5873111111111" }, "geometry": { "type": "Point", "coordinates": [ -73.587311111111106, 5.217422222222222 ] } },
{ "type": "Feature", "properties": { "URL": "https://github.com/rcfdtools/R.GISMobile/tree/main/file/gis/POI/23/IMG_0629.JPG", "Altitude": 2811.8439597315441, "GoogleMaps": "http://maps.google.com/maps?q=5.217427777777778,-73.58729444444444", "OSMaps": "https://www.openstreetmap.org/query?lat=5.217427777777778&lon=-73.58729444444444" }, "geometry": { "type": "Point", "coordinates": [ -73.587294444444439, 5.217427777777778 ] } },
{ "type": "Feature", "properties": { "URL": "https://github.com/rcfdtools/R.GISMobile/tree/main/file/gis/POI/23/IMG_0630.JPG", "Altitude": 2813.6457182320441, "GoogleMaps": "http://maps.google.com/maps?q=5.217430555555556,-73.58728888888888", "OSMaps": "https://www.openstreetmap.org/query?lat=5.217430555555556&lon=-73.58728888888888" }, "geometry": { "type": "Point", "coordinates": [ -73.587288888888878, 5.217430555555556 ] } },
{ "type": "Feature", "properties": { "URL": "https://github.com/rcfdtools/R.GISMobile/tree/main/file/gis/POI/23/IMG_0631.JPG", "Altitude": 2812.0143678160921, "GoogleMaps": "http://maps.google.com/maps?q=5.217502777777778,-73.58720277777778", "OSMaps": "https://www.openstreetmap.org/query?lat=5.217502777777778&lon=-73.58720277777778" }, "geometry": { "type": "Point", "coordinates": [ -73.587202777777776, 5.217502777777778 ] } },
{ "type": "Feature", "properties": { "URL": "https://github.com/rcfdtools/R.GISMobile/tree/main/file/gis/POI/23/IMG_0632.JPG", "Altitude": 2818.7694974003466, "GoogleMaps": "http://maps.google.com/maps?q=5.217552777777778,-73.58728888888888", "OSMaps": "https://www.openstreetmap.org/query?lat=5.217552777777778&lon=-73.58728888888888" }, "geometry": { "type": "Point", "coordinates": [ -73.587288888888878, 5.217552777777778 ] } },
{ "type": "Feature", "properties": { "URL": "https://github.com/rcfdtools/R.GISMobile/tree/main/file/gis/POI/23/IMG_0633.JPG", "Altitude": 2818.5776031434184, "GoogleMaps": "http://maps.google.com/maps?q=5.217552777777778,-73.58728888888888", "OSMaps": "https://www.openstreetmap.org/query?lat=5.217552777777778&lon=-73.58728888888888" }, "geometry": { "type": "Point", "coordinates": [ -73.587288888888878, 5.217552777777778 ] } },
{ "type": "Feature", "properties": { "URL": "https://github.com/rcfdtools/R.GISMobile/tree/main/file/gis/POI/23/IMG_0634.JPG", "Altitude": 2819.4477211796248, "GoogleMaps": "http://maps.google.com/maps?q=5.217555555555555,-73.58728888888888", "OSMaps": "https://www.openstreetmap.org/query?lat=5.217555555555555&lon=-73.58728888888888" }, "geometry": { "type": "Point", "coordinates": [ -73.587288888888878, 5.217555555555555 ] } },
{ "type": "Feature", "properties": { "URL": "https://github.com/rcfdtools/R.GISMobile/tree/main/file/gis/POI/23/IMG_0635.JPG", "Altitude": 2758.3403314917127, "GoogleMaps": "http://maps.google.com/maps?q=5.219569444444445,-73.59397222222222", "OSMaps": "https://www.openstreetmap.org/query?lat=5.219569444444445&lon=-73.59397222222222" }, "geometry": { "type": "Point", "coordinates": [ -73.59397222222222, 5.219569444444445 ] } },
{ "type": "Feature", "properties": { "URL": "https://github.com/rcfdtools/R.GISMobile/tree/main/file/gis/POI/23/IMG_0636.JPG", "Altitude": 2819.8195456493786, "GoogleMaps": "http://maps.google.com/maps?q=5.217569444444445,-73.58731944444445", "OSMaps": "https://www.openstreetmap.org/query?lat=5.217569444444445&lon=-73.58731944444445" }, "geometry": { "type": "Point", "coordinates": [ -73.587319444444447, 5.217569444444445 ] } },
{ "type": "Feature", "properties": { "URL": "https://github.com/rcfdtools/R.GISMobile/tree/main/file/gis/POI/23/IMG_0637.JPG", "Altitude": 2819.9457671957671, "GoogleMaps": "http://maps.google.com/maps?q=5.2175666666666665,-73.58731944444445", "OSMaps": "https://www.openstreetmap.org/query?lat=5.2175666666666665&lon=-73.58731944444445" }, "geometry": { "type": "Point", "coordinates": [ -73.587319444444447, 5.217566666666666 ] } },
{ "type": "Feature", "properties": { "URL": "https://github.com/rcfdtools/R.GISMobile/tree/main/file/gis/POI/23/IMG_0638.JPG", "Altitude": 2819.2607076350091, "GoogleMaps": "http://maps.google.com/maps?q=5.217555555555555,-73.58732777777777", "OSMaps": "https://www.openstreetmap.org/query?lat=5.217555555555555&lon=-73.58732777777777" }, "geometry": { "type": "Point", "coordinates": [ -73.587327777777773, 5.217555555555555 ] } },
{ "type": "Feature", "properties": { "URL": "https://github.com/rcfdtools/R.GISMobile/tree/main/file/gis/POI/23/IMG_0639.JPG", "Altitude": 2815.4059829059829, "GoogleMaps": "http://maps.google.com/maps?q=5.2175666666666665,-73.58730277777778", "OSMaps": "https://www.openstreetmap.org/query?lat=5.2175666666666665&lon=-73.58730277777778" }, "geometry": { "type": "Point", "coordinates": [ -73.587302777777779, 5.217566666666666 ] } },
{ "type": "Feature", "properties": { "URL": "https://github.com/rcfdtools/R.GISMobile/tree/main/file/gis/POI/23/IMG_0640.JPG", "Altitude": 2813.1685761047465, "GoogleMaps": "http://maps.google.com/maps?q=5.217413888888889,-73.58723611111111", "OSMaps": "https://www.openstreetmap.org/query?lat=5.217413888888889&lon=-73.58723611111111" }, "geometry": { "type": "Point", "coordinates": [ -73.58723611111111, 5.217413888888889 ] } },
{ "type": "Feature", "properties": { "URL": "https://github.com/rcfdtools/R.GISMobile/tree/main/file/gis/POI/23/IMG_0641.JPG", "Altitude": 2813.2970230040601, "GoogleMaps": "http://maps.google.com/maps?q=5.217391666666667,-73.58722777777777", "OSMaps": "https://www.openstreetmap.org/query?lat=5.217391666666667&lon=-73.58722777777777" }, "geometry": { "type": "Point", "coordinates": [ -73.58722777777777, 5.217391666666667 ] } },
{ "type": "Feature", "properties": { "URL": "https://github.com/rcfdtools/R.GISMobile/tree/main/file/gis/POI/23/IMG_0642.JPG", "Altitude": 2813.7036199095023, "GoogleMaps": "http://maps.google.com/maps?q=5.217422222222222,-73.5872111111111", "OSMaps": "https://www.openstreetmap.org/query?lat=5.217422222222222&lon=-73.5872111111111" }, "geometry": { "type": "Point", "coordinates": [ -73.587211111111102, 5.217422222222222 ] } },
{ "type": "Feature", "properties": { "URL": "https://github.com/rcfdtools/R.GISMobile/tree/main/file/gis/POI/23/IMG_0643.JPG", "Altitude": 2813.4786392405063, "GoogleMaps": "http://maps.google.com/maps?q=5.217402777777778,-73.58721944444444", "OSMaps": "https://www.openstreetmap.org/query?lat=5.217402777777778&lon=-73.58721944444444" }, "geometry": { "type": "Point", "coordinates": [ -73.587219444444443, 5.217402777777778 ] } },
{ "type": "Feature", "properties": { "URL": "https://github.com/rcfdtools/R.GISMobile/tree/main/file/gis/POI/23/IMG_0644.JPG", "Altitude": 2812.7370967741936, "GoogleMaps": "http://maps.google.com/maps?q=5.217388888888889,-73.58722777777777", "OSMaps": "https://www.openstreetmap.org/query?lat=5.217388888888889&lon=-73.58722777777777" }, "geometry": { "type": "Point", "coordinates": [ -73.58722777777777, 5.217388888888889 ] } },
{ "type": "Feature", "properties": { "URL": "https://github.com/rcfdtools/R.GISMobile/tree/main/file/gis/POI/23/IMG_0645.JPG", "Altitude": 2811.9016544117649, "GoogleMaps": "http://maps.google.com/maps?q=5.217447222222222,-73.58733333333333", "OSMaps": "https://www.openstreetmap.org/query?lat=5.217447222222222&lon=-73.58733333333333" }, "geometry": { "type": "Point", "coordinates": [ -73.587333333333333, 5.217447222222222 ] } },
{ "type": "Feature", "properties": { "URL": "https://github.com/rcfdtools/R.GISMobile/tree/main/file/gis/POI/23/IMG_0646.JPG", "Altitude": 2812.3975346687212, "GoogleMaps": "http://maps.google.com/maps?q=5.217438888888889,-73.58731944444445", "OSMaps": "https://www.openstreetmap.org/query?lat=5.217438888888889&lon=-73.58731944444445" }, "geometry": { "type": "Point", "coordinates": [ -73.587319444444447, 5.217438888888889 ] } },
{ "type": "Feature", "properties": { "URL": "https://github.com/rcfdtools/R.GISMobile/tree/main/file/gis/POI/23/IMG_0647.JPG", "Altitude": 2812.4468438538206, "GoogleMaps": "http://maps.google.com/maps?q=5.217405555555556,-73.58733333333333", "OSMaps": "https://www.openstreetmap.org/query?lat=5.217405555555556&lon=-73.58733333333333" }, "geometry": { "type": "Point", "coordinates": [ -73.587333333333333, 5.217405555555556 ] } },
{ "type": "Feature", "properties": { "URL": "https://github.com/rcfdtools/R.GISMobile/tree/main/file/gis/POI/23/IMG_0648.JPG", "Altitude": 2812.1954921803126, "GoogleMaps": "http://maps.google.com/maps?q=5.217436111111112,-73.5873861111111", "OSMaps": "https://www.openstreetmap.org/query?lat=5.217436111111112&lon=-73.5873861111111" }, "geometry": { "type": "Point", "coordinates": [ -73.587386111111101, 5.217436111111112 ] } },
{ "type": "Feature", "properties": { "URL": "https://github.com/rcfdtools/R.GISMobile/tree/main/file/gis/POI/23/IMG_0649.JPG", "Altitude": 2811.0139470013946, "GoogleMaps": "http://maps.google.com/maps?q=5.217408333333333,-73.5874861111111", "OSMaps": "https://www.openstreetmap.org/query?lat=5.217408333333333&lon=-73.5874861111111" }, "geometry": { "type": "Point", "coordinates": [ -73.587486111111104, 5.217408333333333 ] } },
{ "type": "Feature", "properties": { "URL": "https://github.com/rcfdtools/R.GISMobile/tree/main/file/gis/POI/23/IMG_0650.JPG", "Altitude": 2811.5128518971846, "GoogleMaps": "http://maps.google.com/maps?q=5.217402777777778,-73.5874861111111", "OSMaps": "https://www.openstreetmap.org/query?lat=5.217402777777778&lon=-73.5874861111111" }, "geometry": { "type": "Point", "coordinates": [ -73.587486111111104, 5.217402777777778 ] } },
{ "type": "Feature", "properties": { "URL": "https://github.com/rcfdtools/R.GISMobile/tree/main/file/gis/POI/23/IMG_0651.JPG", "Altitude": 2812.3800675675675, "GoogleMaps": "http://maps.google.com/maps?q=5.217494444444444,-73.58741111111111", "OSMaps": "https://www.openstreetmap.org/query?lat=5.217494444444444&lon=-73.58741111111111" }, "geometry": { "type": "Point", "coordinates": [ -73.587411111111109, 5.217494444444444 ] } },
{ "type": "Feature", "properties": { "URL": "https://github.com/rcfdtools/R.GISMobile/tree/main/file/gis/POI/23/IMG_0652.JPG", "Altitude": 2826.5649072753208, "GoogleMaps": "http://maps.google.com/maps?q=5.217708333333333,-73.5873111111111", "OSMaps": "https://www.openstreetmap.org/query?lat=5.217708333333333&lon=-73.5873111111111" }, "geometry": { "type": "Point", "coordinates": [ -73.587311111111106, 5.217708333333333 ] } },
{ "type": "Feature", "properties": { "URL": "https://github.com/rcfdtools/R.GISMobile/tree/main/file/gis/POI/24/IMG_0891.JPEG", "Altitude": 2246.882252559727, "GoogleMaps": "http://maps.google.com/maps?q=39.74532777777778,-105.46987222222222", "OSMaps": "https://www.openstreetmap.org/query?lat=39.74532777777778&lon=-105.46987222222222" }, "geometry": { "type": "Point", "coordinates": [ -105.469872222222222, 39.745327777777781 ] } },
{ "type": "Feature", "properties": { "URL": "https://github.com/rcfdtools/R.GISMobile/tree/main/file/gis/POI/24/IMG_0892.JPEG", "Altitude": 2251.354271356784, "GoogleMaps": "http://maps.google.com/maps?q=39.74536388888889,-105.47200833333333", "OSMaps": "https://www.openstreetmap.org/query?lat=39.74536388888889&lon=-105.47200833333333" }, "geometry": { "type": "Point", "coordinates": [ -105.472008333333321, 39.745363888888889 ] } },
{ "type": "Feature", "properties": { "URL": "https://github.com/rcfdtools/R.GISMobile/tree/main/file/gis/POI/24/IMG_0893.JPEG", "Altitude": 2528.3627450980398, "GoogleMaps": "http://maps.google.com/maps?q=40.14694166666666,-105.89009722222222", "OSMaps": "https://www.openstreetmap.org/query?lat=40.14694166666666&lon=-105.89009722222222" }, "geometry": { "type": "Point", "coordinates": [ -105.890097222222224, 40.146941666666663 ] } },
{ "type": "Feature", "properties": { "URL": "https://github.com/rcfdtools/R.GISMobile/tree/main/file/gis/POI/24/IMG_0894.JPEG", "Altitude": 2528.444587628866, "GoogleMaps": "http://maps.google.com/maps?q=40.146947222222224,-105.89010555555556", "OSMaps": "https://www.openstreetmap.org/query?lat=40.146947222222224&lon=-105.89010555555556" }, "geometry": { "type": "Point", "coordinates": [ -105.890105555555564, 40.146947222222224 ] } },
{ "type": "Feature", "properties": { "URL": "https://github.com/rcfdtools/R.GISMobile/tree/main/file/gis/POI/24/IMG_0895.JPEG", "Altitude": 2528.4762979683974, "GoogleMaps": "http://maps.google.com/maps?q=40.146947222222224,-105.89010555555556", "OSMaps": "https://www.openstreetmap.org/query?lat=40.146947222222224&lon=-105.89010555555556" }, "geometry": { "type": "Point", "coordinates": [ -105.890105555555564, 40.146947222222224 ] } },
{ "type": "Feature", "properties": { "URL": "https://github.com/rcfdtools/R.GISMobile/tree/main/file/gis/POI/24/IMG_0896.JPEG", "Altitude": 2528.5109034267912, "GoogleMaps": "http://maps.google.com/maps?q=40.14691666666667,-105.89014444444445", "OSMaps": "https://www.openstreetmap.org/query?lat=40.14691666666667&lon=-105.89014444444445" }, "geometry": { "type": "Point", "coordinates": [ -105.890144444444445, 40.146916666666669 ] } },
{ "type": "Feature", "properties": { "URL": "https://github.com/rcfdtools/R.GISMobile/tree/main/file/gis/POI/24/IMG_0897.JPEG", "Altitude": 2531.2239657631958, "GoogleMaps": "http://maps.google.com/maps?q=40.16302777777778,-105.89740833333335", "OSMaps": "https://www.openstreetmap.org/query?lat=40.16302777777778&lon=-105.89740833333335" }, "geometry": { "type": "Point", "coordinates": [ -105.89740833333336, 40.163027777777778 ] } },
{ "type": "Feature", "properties": { "URL": "https://github.com/rcfdtools/R.GISMobile/tree/main/file/gis/POI/24/IMG_0898.JPEG", "Altitude": 2534.3743551952839, "GoogleMaps": "http://maps.google.com/maps?q=40.165077777777775,-105.89832222222223", "OSMaps": "https://www.openstreetmap.org/query?lat=40.165077777777775&lon=-105.89832222222223" }, "geometry": { "type": "Point", "coordinates": [ -105.898322222222234, 40.165077777777775 ] } },
{ "type": "Feature", "properties": { "URL": "https://github.com/rcfdtools/R.GISMobile/tree/main/file/gis/POI/24/IMG_0899.JPEG", "Altitude": 2533.6087786259541, "GoogleMaps": "http://maps.google.com/maps?q=40.16571666666667,-105.89855277777778", "OSMaps": "https://www.openstreetmap.org/query?lat=40.16571666666667&lon=-105.89855277777778" }, "geometry": { "type": "Point", "coordinates": [ -105.89855277777778, 40.165716666666668 ] } },
{ "type": "Feature", "properties": { "URL": "https://github.com/rcfdtools/R.GISMobile/tree/main/file/gis/POI/24/IMG_0900.JPEG", "Altitude": 3086.0164271047229, "GoogleMaps": "http://maps.google.com/maps?q=40.39956388888889,-105.83527222222222", "OSMaps": "https://www.openstreetmap.org/query?lat=40.39956388888889&lon=-105.83527222222222" }, "geometry": { "type": "Point", "coordinates": [ -105.835272222222216, 40.399563888888892 ] } },
{ "type": "Feature", "properties": { "URL": "https://github.com/rcfdtools/R.GISMobile/tree/main/file/gis/POI/24/IMG_0901.JPEG", "Altitude": 3086.2737520128826, "GoogleMaps": "http://maps.google.com/maps?q=40.39955277777778,-105.83529722222222", "OSMaps": "https://www.openstreetmap.org/query?lat=40.39955277777778&lon=-105.83529722222222" }, "geometry": { "type": "Point", "coordinates": [ -105.835297222222223, 40.399552777777778 ] } },
{ "type": "Feature", "properties": { "URL": "https://github.com/rcfdtools/R.GISMobile/tree/main/file/gis/POI/24/IMG_0902.JPEG", "Altitude": 3085.0581761006288, "GoogleMaps": "http://maps.google.com/maps?q=40.399547222222225,-105.83528055555556", "OSMaps": "https://www.openstreetmap.org/query?lat=40.399547222222225&lon=-105.83528055555556" }, "geometry": { "type": "Point", "coordinates": [ -105.835280555555556, 40.399547222222232 ] } },
{ "type": "Feature", "properties": { "URL": "https://github.com/rcfdtools/R.GISMobile/tree/main/file/gis/POI/24/IMG_0903.JPEG", "Altitude": 3088.2674050632918, "GoogleMaps": "http://maps.google.com/maps?q=40.399525,-105.83528055555556", "OSMaps": "https://www.openstreetmap.org/query?lat=40.399525&lon=-105.83528055555556" }, "geometry": { "type": "Point", "coordinates": [ -105.835280555555556, 40.399525 ] } },
{ "type": "Feature", "properties": { "URL": "https://github.com/rcfdtools/R.GISMobile/tree/main/file/gis/POI/24/IMG_0904.JPEG", "Altitude": 3086.1795104261105, "GoogleMaps": "http://maps.google.com/maps?q=40.399430555555554,-105.83531111111111", "OSMaps": "https://www.openstreetmap.org/query?lat=40.399430555555554&lon=-105.83531111111111" }, "geometry": { "type": "Point", "coordinates": [ -105.835311111111125, 40.399430555555554 ] } },
{ "type": "Feature", "properties": { "URL": "https://github.com/rcfdtools/R.GISMobile/tree/main/file/gis/POI/24/IMG_0905.JPEG", "Altitude": 3086.4534653465348, "GoogleMaps": "http://maps.google.com/maps?q=40.39943611111111,-105.83530555555555", "OSMaps": "https://www.openstreetmap.org/query?lat=40.39943611111111&lon=-105.83530555555555" }, "geometry": { "type": "Point", "coordinates": [ -105.835305555555564, 40.399436111111108 ] } },
{ "type": "Feature", "properties": { "URL": "https://github.com/rcfdtools/R.GISMobile/tree/main/file/gis/POI/24/IMG_0906.JPEG", "Altitude": 3086.3077274805669, "GoogleMaps": "http://maps.google.com/maps?q=40.39925,-105.83528888888888", "OSMaps": "https://www.openstreetmap.org/query?lat=40.39925&lon=-105.83528888888888" }, "geometry": { "type": "Point", "coordinates": [ -105.835288888888883, 40.39925 ] } },
{ "type": "Feature", "properties": { "URL": "https://github.com/rcfdtools/R.GISMobile/tree/main/file/gis/POI/24/IMG_0907.JPEG", "Altitude": 3084.632986627043, "GoogleMaps": "http://maps.google.com/maps?q=40.39924722222222,-105.83520555555555", "OSMaps": "https://www.openstreetmap.org/query?lat=40.39924722222222&lon=-105.83520555555555" }, "geometry": { "type": "Point", "coordinates": [ -105.835205555555561, 40.399247222222222 ] } },
{ "type": "Feature", "properties": { "URL": "https://github.com/rcfdtools/R.GISMobile/tree/main/file/gis/POI/24/IMG_0909.JPEG", "Altitude": 3091.3618843683084, "GoogleMaps": "http://maps.google.com/maps?q=40.39924166666667,-105.83518055555555", "OSMaps": "https://www.openstreetmap.org/query?lat=40.39924166666667&lon=-105.83518055555555" }, "geometry": { "type": "Point", "coordinates": [ -105.835180555555553, 40.399241666666668 ] } },
{ "type": "Feature", "properties": { "URL": "https://github.com/rcfdtools/R.GISMobile/tree/main/file/gis/POI/24/IMG_0910.JPEG", "Altitude": 3090.9954337899544, "GoogleMaps": "http://maps.google.com/maps?q=40.39925,-105.83521388888889", "OSMaps": "https://www.openstreetmap.org/query?lat=40.39925&lon=-105.83521388888889" }, "geometry": { "type": "Point", "coordinates": [ -105.835213888888873, 40.39925 ] } },
{ "type": "Feature", "properties": { "URL": "https://github.com/rcfdtools/R.GISMobile/tree/main/file/gis/POI/24/IMG_0911.JPEG", "Altitude": 3088.5555967383248, "GoogleMaps": "http://maps.google.com/maps?q=40.39925,-105.83520555555555", "OSMaps": "https://www.openstreetmap.org/query?lat=40.39925&lon=-105.83520555555555" }, "geometry": { "type": "Point", "coordinates": [ -105.835205555555561, 40.39925 ] } },
{ "type": "Feature", "properties": { "URL": "https://github.com/rcfdtools/R.GISMobile/tree/main/file/gis/POI/24/IMG_0912.JPEG", "Altitude": 3087.8117732558139, "GoogleMaps": "http://maps.google.com/maps?q=40.39924722222222,-105.83518888888888", "OSMaps": "https://www.openstreetmap.org/query?lat=40.39924722222222&lon=-105.83518888888888" }, "geometry": { "type": "Point", "coordinates": [ -105.835188888888879, 40.399247222222222 ] } },
{ "type": "Feature", "properties": { "URL": "https://github.com/rcfdtools/R.GISMobile/tree/main/file/gis/POI/24/IMG_0917.JPEG", "Altitude": 3278.1702997275206, "GoogleMaps": "http://maps.google.com/maps?q=40.41996111111111,-105.81195833333334", "OSMaps": "https://www.openstreetmap.org/query?lat=40.41996111111111&lon=-105.81195833333334" }, "geometry": { "type": "Point", "coordinates": [ -105.811958333333337, 40.419961111111107 ] } },
{ "type": "Feature", "properties": { "URL": "https://github.com/rcfdtools/R.GISMobile/tree/main/file/gis/POI/24/IMG_0918.JPEG", "Altitude": 3281.9618055555561, "GoogleMaps": "http://maps.google.com/maps?q=40.42180277777778,-105.81068611111111", "OSMaps": "https://www.openstreetmap.org/query?lat=40.42180277777778&lon=-105.81068611111111" }, "geometry": { "type": "Point", "coordinates": [ -105.810686111111124, 40.421802777777778 ] } },
{ "type": "Feature", "properties": { "URL": "https://github.com/rcfdtools/R.GISMobile/tree/main/file/gis/POI/24/IMG_0919.JPEG", "Altitude": 3277.4837758112094, "GoogleMaps": "http://maps.google.com/maps?q=40.42206944444444,-105.81053888888889", "OSMaps": "https://www.openstreetmap.org/query?lat=40.42206944444444&lon=-105.81053888888889" }, "geometry": { "type": "Point", "coordinates": [ -105.810538888888885, 40.422069444444439 ] } },
{ "type": "Feature", "properties": { "URL": "https://github.com/rcfdtools/R.GISMobile/tree/main/file/gis/POI/24/IMG_0920.JPEG", "Altitude": 3275.951321279555, "GoogleMaps": "http://maps.google.com/maps?q=40.423069444444444,-105.80976944444444", "OSMaps": "https://www.openstreetmap.org/query?lat=40.423069444444444&lon=-105.80976944444444" }, "geometry": { "type": "Point", "coordinates": [ -105.809769444444441, 40.423069444444451 ] } },
{ "type": "Feature", "properties": { "URL": "https://github.com/rcfdtools/R.GISMobile/tree/main/file/gis/POI/24/IMG_0921.JPEG", "Altitude": 3545.7166392092258, "GoogleMaps": "http://maps.google.com/maps?q=40.44727222222222,-105.75441666666667", "OSMaps": "https://www.openstreetmap.org/query?lat=40.44727222222222&lon=-105.75441666666667" }, "geometry": { "type": "Point", "coordinates": [ -105.754416666666685, 40.447272222222217 ] } },
{ "type": "Feature", "properties": { "URL": "https://github.com/rcfdtools/R.GISMobile/tree/main/file/gis/POI/24/IMG_0922.JPEG", "Altitude": 3545.720792079208, "GoogleMaps": "http://maps.google.com/maps?q=40.447269444444444,-105.75441666666667", "OSMaps": "https://www.openstreetmap.org/query?lat=40.447269444444444&lon=-105.75441666666667" }, "geometry": { "type": "Point", "coordinates": [ -105.754416666666685, 40.447269444444451 ] } },
{ "type": "Feature", "properties": { "URL": "https://github.com/rcfdtools/R.GISMobile/tree/main/file/gis/POI/24/IMG_0923.JPEG", "Altitude": 3545.9583397862784, "GoogleMaps": "http://maps.google.com/maps?q=40.447269444444444,-105.75441666666667", "OSMaps": "https://www.openstreetmap.org/query?lat=40.447269444444444&lon=-105.75441666666667" }, "geometry": { "type": "Point", "coordinates": [ -105.754416666666685, 40.447269444444451 ] } },
{ "type": "Feature", "properties": { "URL": "https://github.com/rcfdtools/R.GISMobile/tree/main/file/gis/POI/24/IMG_0924.JPEG", "Altitude": 3546.2918367346938, "GoogleMaps": "http://maps.google.com/maps?q=40.447269444444444,-105.75441666666667", "OSMaps": "https://www.openstreetmap.org/query?lat=40.447269444444444&lon=-105.75441666666667" }, "geometry": { "type": "Point", "coordinates": [ -105.754416666666685, 40.447269444444451 ] } },
{ "type": "Feature", "properties": { "URL": "https://github.com/rcfdtools/R.GISMobile/tree/main/file/gis/POI/24/IMG_0925.JPEG", "Altitude": 3546.3035522066739, "GoogleMaps": "http://maps.google.com/maps?q=40.44727222222222,-105.75441666666667", "OSMaps": "https://www.openstreetmap.org/query?lat=40.44727222222222&lon=-105.75441666666667" }, "geometry": { "type": "Point", "coordinates": [ -105.754416666666685, 40.447272222222217 ] } },
{ "type": "Feature", "properties": { "URL": "https://github.com/rcfdtools/R.GISMobile/tree/main/file/gis/POI/24/IMG_0928.JPEG", "Altitude": 3588.1058020477817, "GoogleMaps": "http://maps.google.com/maps?q=40.44137222222222,-105.75566944444445", "OSMaps": "https://www.openstreetmap.org/query?lat=40.44137222222222&lon=-105.75566944444445" }, "geometry": { "type": "Point", "coordinates": [ -105.755669444444436, 40.441372222222221 ] } },
{ "type": "Feature", "properties": { "URL": "https://github.com/rcfdtools/R.GISMobile/tree/main/file/gis/POI/24/IMG_0929.JPEG", "Altitude": 3591.7151767151768, "GoogleMaps": "http://maps.google.com/maps?q=40.44087777777777,-105.75575277777777", "OSMaps": "https://www.openstreetmap.org/query?lat=40.44087777777777&lon=-105.75575277777777" }, "geometry": { "type": "Point", "coordinates": [ -105.755752777777758, 40.440877777777771 ] } },
{ "type": "Feature", "properties": { "URL": "https://github.com/rcfdtools/R.GISMobile/tree/main/file/gis/POI/24/IMG_0930.JPEG", "Altitude": 3597.2161654135339, "GoogleMaps": "http://maps.google.com/maps?q=40.440061111111106,-105.7572111111111", "OSMaps": "https://www.openstreetmap.org/query?lat=40.440061111111106&lon=-105.7572111111111" }, "geometry": { "type": "Point", "coordinates": [ -105.757211111111104, 40.440061111111113 ] } },
{ "type": "Feature", "properties": { "URL": "https://github.com/rcfdtools/R.GISMobile/tree/main/file/gis/POI/24/IMG_0931.JPEG", "Altitude": 3598.2552301255232, "GoogleMaps": "http://maps.google.com/maps?q=40.439947222222216,-105.7574861111111", "OSMaps": "https://www.openstreetmap.org/query?lat=40.439947222222216&lon=-105.7574861111111" }, "geometry": { "type": "Point", "coordinates": [ -105.757486111111106, 40.439947222222216 ] } },
{ "type": "Feature", "properties": { "URL": "https://github.com/rcfdtools/R.GISMobile/tree/main/file/gis/POI/24/IMG_0932.JPEG", "Altitude": 3608.1059782608695, "GoogleMaps": "http://maps.google.com/maps?q=40.438919444444444,-105.75948333333334", "OSMaps": "https://www.openstreetmap.org/query?lat=40.438919444444444&lon=-105.75948333333334" }, "geometry": { "type": "Point", "coordinates": [ -105.759483333333336, 40.438919444444451 ] } },
{ "type": "Feature", "properties": { "URL": "https://github.com/rcfdtools/R.GISMobile/tree/main/file/gis/POI/24/IMG_0933.JPEG", "Altitude": 3670.4446680080482, "GoogleMaps": "http://maps.google.com/maps?q=40.43259444444444,-105.76841666666667", "OSMaps": "https://www.openstreetmap.org/query?lat=40.43259444444444&lon=-105.76841666666667" }, "geometry": { "type": "Point", "coordinates": [ -105.768416666666681, 40.43259444444444 ] } },
{ "type": "Feature", "properties": { "URL": "https://github.com/rcfdtools/R.GISMobile/tree/main/file/gis/POI/24/IMG_0934.JPEG", "Altitude": 3670.2200557103065, "GoogleMaps": "http://maps.google.com/maps?q=40.43259722222222,-105.76841666666667", "OSMaps": "https://www.openstreetmap.org/query?lat=40.43259722222222&lon=-105.76841666666667" }, "geometry": { "type": "Point", "coordinates": [ -105.768416666666681, 40.432597222222221 ] } },
{ "type": "Feature", "properties": { "URL": "https://github.com/rcfdtools/R.GISMobile/tree/main/file/gis/POI/24/IMG_0935.JPEG", "Altitude": 3669.9353932584263, "GoogleMaps": "http://maps.google.com/maps?q=40.43259722222222,-105.768425", "OSMaps": "https://www.openstreetmap.org/query?lat=40.43259722222222&lon=-105.768425" }, "geometry": { "type": "Point", "coordinates": [ -105.768425, 40.432597222222221 ] } },
{ "type": "Feature", "properties": { "URL": "https://github.com/rcfdtools/R.GISMobile/tree/main/file/gis/POI/24/IMG_0936.JPEG", "Altitude": 3668.80062305296, "GoogleMaps": "http://maps.google.com/maps?q=40.43259722222222,-105.768425", "OSMaps": "https://www.openstreetmap.org/query?lat=40.43259722222222&lon=-105.768425" }, "geometry": { "type": "Point", "coordinates": [ -105.768425, 40.432597222222221 ] } },
{ "type": "Feature", "properties": { "URL": "https://github.com/rcfdtools/R.GISMobile/tree/main/file/gis/POI/24/IMG_0938.JPEG", "Altitude": 3671.4988662131518, "GoogleMaps": "http://maps.google.com/maps?q=40.43258888888889,-105.76840277777778", "OSMaps": "https://www.openstreetmap.org/query?lat=40.43258888888889&lon=-105.76840277777778" }, "geometry": { "type": "Point", "coordinates": [ -105.76840277777778, 40.432588888888887 ] } },
{ "type": "Feature", "properties": { "URL": "https://github.com/rcfdtools/R.GISMobile/tree/main/file/gis/POI/24/IMG_0939.JPEG", "Altitude": 3672.3855855855854, "GoogleMaps": "http://maps.google.com/maps?q=40.43258333333333,-105.76840277777778", "OSMaps": "https://www.openstreetmap.org/query?lat=40.43258333333333&lon=-105.76840277777778" }, "geometry": { "type": "Point", "coordinates": [ -105.76840277777778, 40.432583333333334 ] } },
{ "type": "Feature", "properties": { "URL": "https://github.com/rcfdtools/R.GISMobile/tree/main/file/gis/POI/24/IMG_0940.JPEG", "Altitude": 3672.0271903323264, "GoogleMaps": "http://maps.google.com/maps?q=40.43258611111111,-105.7684111111111", "OSMaps": "https://www.openstreetmap.org/query?lat=40.43258611111111&lon=-105.7684111111111" }, "geometry": { "type": "Point", "coordinates": [ -105.768411111111106, 40.432586111111107 ] } },
{ "type": "Feature", "properties": { "URL": "https://github.com/rcfdtools/R.GISMobile/tree/main/file/gis/POI/24/IMG_0941.JPEG", "Altitude": 3666.27620967742, "GoogleMaps": "http://maps.google.com/maps?q=40.432655555555556,-105.76849444444444", "OSMaps": "https://www.openstreetmap.org/query?lat=40.432655555555556&lon=-105.76849444444444" }, "geometry": { "type": "Point", "coordinates": [ -105.768494444444443, 40.432655555555563 ] } },
{ "type": "Feature", "properties": { "URL": "https://github.com/rcfdtools/R.GISMobile/tree/main/file/gis/POI/24/IMG_0942.JPEG", "Altitude": 3676.6697674418606, "GoogleMaps": "http://maps.google.com/maps?q=40.43246388888889,-105.76576111111112", "OSMaps": "https://www.openstreetmap.org/query?lat=40.43246388888889&lon=-105.76576111111112" }, "geometry": { "type": "Point", "coordinates": [ -105.765761111111118, 40.43246388888889 ] } },
{ "type": "Feature", "properties": { "URL": "https://github.com/rcfdtools/R.GISMobile/tree/main/file/gis/POI/24/IMG_0943.JPEG", "Altitude": 3678.8924205378971, "GoogleMaps": "http://maps.google.com/maps?q=40.43248333333333,-105.76544166666666", "OSMaps": "https://www.openstreetmap.org/query?lat=40.43248333333333&lon=-105.76544166666666" }, "geometry": { "type": "Point", "coordinates": [ -105.765441666666661, 40.43248333333333 ] } },
{ "type": "Feature", "properties": { "URL": "https://github.com/rcfdtools/R.GISMobile/tree/main/file/gis/POI/24/IMG_0944.JPEG", "Altitude": 3682.2967213114753, "GoogleMaps": "http://maps.google.com/maps?q=40.432494444444444,-105.76496944444445", "OSMaps": "https://www.openstreetmap.org/query?lat=40.432494444444444&lon=-105.76496944444445" }, "geometry": { "type": "Point", "coordinates": [ -105.764969444444446, 40.432494444444451 ] } },
{ "type": "Feature", "properties": { "URL": "https://github.com/rcfdtools/R.GISMobile/tree/main/file/gis/POI/24/IMG_0945.JPEG", "Altitude": 3686.4783783783778, "GoogleMaps": "http://maps.google.com/maps?q=40.43241111111111,-105.76381111111111", "OSMaps": "https://www.openstreetmap.org/query?lat=40.43241111111111&lon=-105.76381111111111" }, "geometry": { "type": "Point", "coordinates": [ -105.763811111111124, 40.432411111111108 ] } },
{ "type": "Feature", "properties": { "URL": "https://github.com/rcfdtools/R.GISMobile/tree/main/file/gis/POI/24/IMG_0946.JPEG", "Altitude": 3711.8811881188121, "GoogleMaps": "http://maps.google.com/maps?q=40.428355555555555,-105.75962777777778", "OSMaps": "https://www.openstreetmap.org/query?lat=40.428355555555555&lon=-105.75962777777778" }, "geometry": { "type": "Point", "coordinates": [ -105.75962777777778, 40.428355555555562 ] } },
{ "type": "Feature", "properties": { "URL": "https://github.com/rcfdtools/R.GISMobile/tree/main/file/gis/POI/24/IMG_0947.JPEG", "Altitude": 3711.5843230403798, "GoogleMaps": "http://maps.google.com/maps?q=40.428105555555554,-105.75939166666667", "OSMaps": "https://www.openstreetmap.org/query?lat=40.428105555555554&lon=-105.75939166666667" }, "geometry": { "type": "Point", "coordinates": [ -105.759391666666673, 40.428105555555554 ] } },
{ "type": "Feature", "properties": { "URL": "https://github.com/rcfdtools/R.GISMobile/tree/main/file/gis/POI/24/IMG_0948.JPEG", "Altitude": 3686.3338301043218, "GoogleMaps": "http://maps.google.com/maps?q=40.424819444444445,-105.75332777777778", "OSMaps": "https://www.openstreetmap.org/query?lat=40.424819444444445&lon=-105.75332777777778" }, "geometry": { "type": "Point", "coordinates": [ -105.753327777777784, 40.424819444444445 ] } },
{ "type": "Feature", "properties": { "URL": "https://github.com/rcfdtools/R.GISMobile/tree/main/file/gis/POI/24/IMG_0949.JPEG", "Altitude": 3685.916835699797, "GoogleMaps": "http://maps.google.com/maps?q=40.42480833333333,-105.75333333333333", "OSMaps": "https://www.openstreetmap.org/query?lat=40.42480833333333&lon=-105.75333333333333" }, "geometry": { "type": "Point", "coordinates": [ -105.753333333333316, 40.424808333333331 ] } },
{ "type": "Feature", "properties": { "URL": "https://github.com/rcfdtools/R.GISMobile/tree/main/file/gis/POI/24/IMG_0950.JPEG", "Altitude": 3685.735191637631, "GoogleMaps": "http://maps.google.com/maps?q=40.42480833333333,-105.75333333333333", "OSMaps": "https://www.openstreetmap.org/query?lat=40.42480833333333&lon=-105.75333333333333" }, "geometry": { "type": "Point", "coordinates": [ -105.753333333333316, 40.424808333333331 ] } },
{ "type": "Feature", "properties": { "URL": "https://github.com/rcfdtools/R.GISMobile/tree/main/file/gis/POI/24/IMG_0951.JPEG", "Altitude": 3685.9368556701029, "GoogleMaps": "http://maps.google.com/maps?q=40.42480555555555,-105.75334166666667", "OSMaps": "https://www.openstreetmap.org/query?lat=40.42480555555555&lon=-105.75334166666667" }, "geometry": { "type": "Point", "coordinates": [ -105.753341666666685, 40.424805555555551 ] } },
{ "type": "Feature", "properties": { "URL": "https://github.com/rcfdtools/R.GISMobile/tree/main/file/gis/POI/24/IMG_0952.JPEG", "Altitude": 3685.9461358313815, "GoogleMaps": "http://maps.google.com/maps?q=40.42480555555555,-105.75334166666667", "OSMaps": "https://www.openstreetmap.org/query?lat=40.42480555555555&lon=-105.75334166666667" }, "geometry": { "type": "Point", "coordinates": [ -105.753341666666685, 40.424805555555551 ] } },
{ "type": "Feature", "properties": { "URL": "https://github.com/rcfdtools/R.GISMobile/tree/main/file/gis/POI/24/IMG_0953.JPEG", "Altitude": 3686.0721088435375, "GoogleMaps": "http://maps.google.com/maps?q=40.42480555555555,-105.75334166666667", "OSMaps": "https://www.openstreetmap.org/query?lat=40.42480555555555&lon=-105.75334166666667" }, "geometry": { "type": "Point", "coordinates": [ -105.753341666666685, 40.424805555555551 ] } },
{ "type": "Feature", "properties": { "URL": "https://github.com/rcfdtools/R.GISMobile/tree/main/file/gis/POI/24/IMG_0954.JPEG", "Altitude": 3685.8572687224669, "GoogleMaps": "http://maps.google.com/maps?q=40.42480555555555,-105.75333333333333", "OSMaps": "https://www.openstreetmap.org/query?lat=40.42480555555555&lon=-105.75333333333333" }, "geometry": { "type": "Point", "coordinates": [ -105.753333333333316, 40.424805555555551 ] } },
{ "type": "Feature", "properties": { "URL": "https://github.com/rcfdtools/R.GISMobile/tree/main/file/gis/POI/24/IMG_0955.JPEG", "Altitude": 3685.74495967742, "GoogleMaps": "http://maps.google.com/maps?q=40.42480555555555,-105.75333333333333", "OSMaps": "https://www.openstreetmap.org/query?lat=40.42480555555555&lon=-105.75333333333333" }, "geometry": { "type": "Point", "coordinates": [ -105.753333333333316, 40.424805555555551 ] } },
{ "type": "Feature", "properties": { "URL": "https://github.com/rcfdtools/R.GISMobile/tree/main/file/gis/POI/24/IMG_0957.JPEG", "Altitude": 3690.3191800878481, "GoogleMaps": "http://maps.google.com/maps?q=40.42483055555555,-105.75332777777778", "OSMaps": "https://www.openstreetmap.org/query?lat=40.42483055555555&lon=-105.75332777777778" }, "geometry": { "type": "Point", "coordinates": [ -105.753327777777784, 40.424830555555552 ] } },
{ "type": "Feature", "properties": { "URL": "https://github.com/rcfdtools/R.GISMobile/tree/main/file/gis/POI/24/IMG_0958.JPEG", "Altitude": 3691.1121495327102, "GoogleMaps": "http://maps.google.com/maps?q=40.42483055555555,-105.75332777777778", "OSMaps": "https://www.openstreetmap.org/query?lat=40.42483055555555&lon=-105.75332777777778" }, "geometry": { "type": "Point", "coordinates": [ -105.753327777777784, 40.424830555555552 ] } },
{ "type": "Feature", "properties": { "URL": "https://github.com/rcfdtools/R.GISMobile/tree/main/file/gis/POI/24/IMG_0959.JPEG", "Altitude": 3688.1518438177873, "GoogleMaps": "http://maps.google.com/maps?q=40.42480555555555,-105.75384444444444", "OSMaps": "https://www.openstreetmap.org/query?lat=40.42480555555555&lon=-105.75384444444444" }, "geometry": { "type": "Point", "coordinates": [ -105.753844444444439, 40.424805555555551 ] } },
{ "type": "Feature", "properties": { "URL": "https://github.com/rcfdtools/R.GISMobile/tree/main/file/gis/POI/24/IMG_0960.JPEG", "Altitude": 3688.4608879492598, "GoogleMaps": "http://maps.google.com/maps?q=40.42480833333333,-105.7538611111111", "OSMaps": "https://www.openstreetmap.org/query?lat=40.42480833333333&lon=-105.7538611111111" }, "geometry": { "type": "Point", "coordinates": [ -105.753861111111107, 40.424808333333331 ] } },
{ "type": "Feature", "properties": { "URL": "https://github.com/rcfdtools/R.GISMobile/tree/main/file/gis/POI/24/IMG_0962.JPEG", "Altitude": 3687.7340206185568, "GoogleMaps": "http://maps.google.com/maps?q=40.42480277777778,-105.7538611111111", "OSMaps": "https://www.openstreetmap.org/query?lat=40.42480277777778&lon=-105.7538611111111" }, "geometry": { "type": "Point", "coordinates": [ -105.753861111111107, 40.424802777777778 ] } },
{ "type": "Feature", "properties": { "URL": "https://github.com/rcfdtools/R.GISMobile/tree/main/file/gis/POI/24/IMG_0963.JPEG", "Altitude": 3688.1959287531809, "GoogleMaps": "http://maps.google.com/maps?q=40.42480833333333,-105.7538611111111", "OSMaps": "https://www.openstreetmap.org/query?lat=40.42480833333333&lon=-105.7538611111111" }, "geometry": { "type": "Point", "coordinates": [ -105.753861111111107, 40.424808333333331 ] } },
{ "type": "Feature", "properties": { "URL": "https://github.com/rcfdtools/R.GISMobile/tree/main/file/gis/POI/24/IMG_0965.JPEG", "Altitude": 3660.47542997543, "GoogleMaps": "http://maps.google.com/maps?q=40.413130555555554,-105.73819722222223", "OSMaps": "https://www.openstreetmap.org/query?lat=40.413130555555554&lon=-105.73819722222223" }, "geometry": { "type": "Point", "coordinates": [ -105.73819722222224, 40.413130555555554 ] } },
{ "type": "Feature", "properties": { "URL": "https://github.com/rcfdtools/R.GISMobile/tree/main/file/gis/POI/24/IMG_0966.JPEG", "Altitude": 3674.6902834008097, "GoogleMaps": "http://maps.google.com/maps?q=40.413044444444445,-105.73603055555556", "OSMaps": "https://www.openstreetmap.org/query?lat=40.413044444444445&lon=-105.73603055555556" }, "geometry": { "type": "Point", "coordinates": [ -105.736030555555558, 40.413044444444445 ] } },
{ "type": "Feature", "properties": { "URL": "https://github.com/rcfdtools/R.GISMobile/tree/main/file/gis/POI/24/IMG_0967.JPEG", "Altitude": 3679.5926352128886, "GoogleMaps": "http://maps.google.com/maps?q=40.41316111111111,-105.735275", "OSMaps": "https://www.openstreetmap.org/query?lat=40.41316111111111&lon=-105.735275" }, "geometry": { "type": "Point", "coordinates": [ -105.735275, 40.413161111111108 ] } },
{ "type": "Feature", "properties": { "URL": "https://github.com/rcfdtools/R.GISMobile/tree/main/file/gis/POI/24/IMG_0968.JPEG", "Altitude": 3691.9283950617282, "GoogleMaps": "http://maps.google.com/maps?q=40.41166388888889,-105.7327638888889", "OSMaps": "https://www.openstreetmap.org/query?lat=40.41166388888889&lon=-105.7327638888889" }, "geometry": { "type": "Point", "coordinates": [ -105.732763888888897, 40.411663888888889 ] } },
{ "type": "Feature", "properties": { "URL": "https://github.com/rcfdtools/R.GISMobile/tree/main/file/gis/POI/24/IMG_0969.JPEG", "Altitude": 3691.9283950617282, "GoogleMaps": "http://maps.google.com/maps?q=40.41166388888889,-105.7327638888889", "OSMaps": "https://www.openstreetmap.org/query?lat=40.41166388888889&lon=-105.7327638888889" }, "geometry": { "type": "Point", "coordinates": [ -105.732763888888897, 40.411663888888889 ] } },
{ "type": "Feature", "properties": { "URL": "https://github.com/rcfdtools/R.GISMobile/tree/main/file/gis/POI/24/IMG_0970.JPEG", "Altitude": 3691.9283950617282, "GoogleMaps": "http://maps.google.com/maps?q=40.41166388888889,-105.7327638888889", "OSMaps": "https://www.openstreetmap.org/query?lat=40.41166388888889&lon=-105.7327638888889" }, "geometry": { "type": "Point", "coordinates": [ -105.732763888888897, 40.411663888888889 ] } },
{ "type": "Feature", "properties": { "URL": "https://github.com/rcfdtools/R.GISMobile/tree/main/file/gis/POI/24/IMG_0971.JPEG", "Altitude": 3691.9283950617282, "GoogleMaps": "http://maps.google.com/maps?q=40.41166388888889,-105.7327638888889", "OSMaps": "https://www.openstreetmap.org/query?lat=40.41166388888889&lon=-105.7327638888889" }, "geometry": { "type": "Point", "coordinates": [ -105.732763888888897, 40.411663888888889 ] } },
{ "type": "Feature", "properties": { "URL": "https://github.com/rcfdtools/R.GISMobile/tree/main/file/gis/POI/24/IMG_0972.JPEG", "Altitude": 3691.5581947743462, "GoogleMaps": "http://maps.google.com/maps?q=40.41166388888889,-105.73275833333334", "OSMaps": "https://www.openstreetmap.org/query?lat=40.41166388888889&lon=-105.73275833333334" }, "geometry": { "type": "Point", "coordinates": [ -105.732758333333337, 40.411663888888889 ] } },
{ "type": "Feature", "properties": { "URL": "https://github.com/rcfdtools/R.GISMobile/tree/main/file/gis/POI/24/IMG_0974.JPEG", "Altitude": 3692.9900744416873, "GoogleMaps": "http://maps.google.com/maps?q=40.41169444444444,-105.73275833333334", "OSMaps": "https://www.openstreetmap.org/query?lat=40.41169444444444&lon=-105.73275833333334" }, "geometry": { "type": "Point", "coordinates": [ -105.732758333333337, 40.411694444444443 ] } },
{ "type": "Feature", "properties": { "URL": "https://github.com/rcfdtools/R.GISMobile/tree/main/file/gis/POI/24/IMG_0975.JPEG", "Altitude": 3694.4349030470912, "GoogleMaps": "http://maps.google.com/maps?q=40.41169722222222,-105.7327638888889", "OSMaps": "https://www.openstreetmap.org/query?lat=40.41169722222222&lon=-105.7327638888889" }, "geometry": { "type": "Point", "coordinates": [ -105.732763888888897, 40.411697222222223 ] } },
{ "type": "Feature", "properties": { "URL": "https://github.com/rcfdtools/R.GISMobile/tree/main/file/gis/POI/24/IMG_0976.JPEG", "Altitude": 3695.4305084745761, "GoogleMaps": "http://maps.google.com/maps?q=40.41169722222222,-105.73275833333334", "OSMaps": "https://www.openstreetmap.org/query?lat=40.41169722222222&lon=-105.73275833333334" }, "geometry": { "type": "Point", "coordinates": [ -105.732758333333337, 40.411697222222223 ] } },
{ "type": "Feature", "properties": { "URL": "https://github.com/rcfdtools/R.GISMobile/tree/main/file/gis/POI/24/IMG_0977.JPEG", "Altitude": 3695.1590214067278, "GoogleMaps": "http://maps.google.com/maps?q=40.411677777777776,-105.73273611111111", "OSMaps": "https://www.openstreetmap.org/query?lat=40.411677777777776&lon=-105.73273611111111" }, "geometry": { "type": "Point", "coordinates": [ -105.732736111111123, 40.411677777777776 ] } },
{ "type": "Feature", "properties": { "URL": "https://github.com/rcfdtools/R.GISMobile/tree/main/file/gis/POI/24/IMG_0978.JPEG", "Altitude": 3695.5857843137255, "GoogleMaps": "http://maps.google.com/maps?q=40.411677777777776,-105.73273611111111", "OSMaps": "https://www.openstreetmap.org/query?lat=40.411677777777776&lon=-105.73273611111111" }, "geometry": { "type": "Point", "coordinates": [ -105.732736111111123, 40.411677777777776 ] } },
{ "type": "Feature", "properties": { "URL": "https://github.com/rcfdtools/R.GISMobile/tree/main/file/gis/POI/24/IMG_0979.JPEG", "Altitude": 3695.4920318725099, "GoogleMaps": "http://maps.google.com/maps?q=40.411677777777776,-105.73273611111111", "OSMaps": "https://www.openstreetmap.org/query?lat=40.411677777777776&lon=-105.73273611111111" }, "geometry": { "type": "Point", "coordinates": [ -105.732736111111123, 40.411677777777776 ] } },
{ "type": "Feature", "properties": { "URL": "https://github.com/rcfdtools/R.GISMobile/tree/main/file/gis/POI/24/IMG_1051.JPEG", "Altitude": 2597.7342657342656, "GoogleMaps": "http://maps.google.com/maps?q=5.025569444444445,-73.99639722222223", "OSMaps": "https://www.openstreetmap.org/query?lat=5.025569444444445&lon=-73.99639722222223" }, "geometry": { "type": "Point", "coordinates": [ -73.996397222222228, 5.025569444444445 ] } },
{ "type": "Feature", "properties": { "URL": "https://github.com/rcfdtools/R.GISMobile/tree/main/file/gis/POI/25/IMG_1004.JPEG", "Altitude": 2271.2932454695224, "GoogleMaps": "http://maps.google.com/maps?q=40.37542222222222,-105.48696111111111", "OSMaps": "https://www.openstreetmap.org/query?lat=40.37542222222222&lon=-105.48696111111111" }, "geometry": { "type": "Point", "coordinates": [ -105.486961111111114, 40.37542222222222 ] } },
{ "type": "Feature", "properties": { "URL": "https://github.com/rcfdtools/R.GISMobile/tree/main/file/gis/POI/25/IMG_1005.JPEG", "Altitude": 2271.4131175468483, "GoogleMaps": "http://maps.google.com/maps?q=40.37542222222222,-105.48696111111111", "OSMaps": "https://www.openstreetmap.org/query?lat=40.37542222222222&lon=-105.48696111111111" }, "geometry": { "type": "Point", "coordinates": [ -105.486961111111114, 40.37542222222222 ] } },
{ "type": "Feature", "properties": { "URL": "https://github.com/rcfdtools/R.GISMobile/tree/main/file/gis/POI/25/IMG_1006.JPEG", "Altitude": 2271.4131175468483, "GoogleMaps": "http://maps.google.com/maps?q=40.37542222222222,-105.48696111111111", "OSMaps": "https://www.openstreetmap.org/query?lat=40.37542222222222&lon=-105.48696111111111" }, "geometry": { "type": "Point", "coordinates": [ -105.486961111111114, 40.37542222222222 ] } },
{ "type": "Feature", "properties": { "URL": "https://github.com/rcfdtools/R.GISMobile/tree/main/file/gis/POI/25/IMG_1009.JPEG", "Altitude": 2271.6677577741407, "GoogleMaps": "http://maps.google.com/maps?q=40.37545,-105.48685555555555", "OSMaps": "https://www.openstreetmap.org/query?lat=40.37545&lon=-105.48685555555555" }, "geometry": { "type": "Point", "coordinates": [ -105.486855555555564, 40.37545 ] } },
{ "type": "Feature", "properties": { "URL": "https://github.com/rcfdtools/R.GISMobile/tree/main/file/gis/POI/25/IMG_1010.JPEG", "Altitude": 2270.5364077669901, "GoogleMaps": "http://maps.google.com/maps?q=40.37548888888889,-105.48683055555556", "OSMaps": "https://www.openstreetmap.org/query?lat=40.37548888888889&lon=-105.48683055555556" }, "geometry": { "type": "Point", "coordinates": [ -105.486830555555557, 40.375488888888889 ] } },
{ "type": "Feature", "properties": { "URL": "https://github.com/rcfdtools/R.GISMobile/tree/main/file/gis/POI/25/IMG_1011.JPEG", "Altitude": 2271.7331606217617, "GoogleMaps": "http://maps.google.com/maps?q=40.375502777777776,-105.48683055555556", "OSMaps": "https://www.openstreetmap.org/query?lat=40.375502777777776&lon=-105.48683055555556" }, "geometry": { "type": "Point", "coordinates": [ -105.486830555555557, 40.375502777777776 ] } },
{ "type": "Feature", "properties": { "URL": "https://github.com/rcfdtools/R.GISMobile/tree/main/file/gis/POI/25/IMG_1013.JPEG", "Altitude": 2271.4726890756301, "GoogleMaps": "http://maps.google.com/maps?q=40.37549722222222,-105.48684722222222", "OSMaps": "https://www.openstreetmap.org/query?lat=40.37549722222222&lon=-105.48684722222222" }, "geometry": { "type": "Point", "coordinates": [ -105.486847222222224, 40.375497222222222 ] } },
{ "type": "Feature", "properties": { "URL": "https://github.com/rcfdtools/R.GISMobile/tree/main/file/gis/POI/25/IMG_1014.JPEG", "Altitude": 2271.6584766584765, "GoogleMaps": "http://maps.google.com/maps?q=40.37549722222222,-105.48684722222222", "OSMaps": "https://www.openstreetmap.org/query?lat=40.37549722222222&lon=-105.48684722222222" }, "geometry": { "type": "Point", "coordinates": [ -105.486847222222224, 40.375497222222222 ] } },
{ "type": "Feature", "properties": { "URL": "https://github.com/rcfdtools/R.GISMobile/tree/main/file/gis/POI/25/IMG_1015.JPEG", "Altitude": 2271.5598455598456, "GoogleMaps": "http://maps.google.com/maps?q=40.37535833333333,-105.48678611111112", "OSMaps": "https://www.openstreetmap.org/query?lat=40.37535833333333&lon=-105.48678611111112" }, "geometry": { "type": "Point", "coordinates": [ -105.486786111111115, 40.375358333333331 ] } },
{ "type": "Feature", "properties": { "URL": "https://github.com/rcfdtools/R.GISMobile/tree/main/file/gis/POI/25/IMG_1016.JPEG", "Altitude": 2271.2883597883601, "GoogleMaps": "http://maps.google.com/maps?q=40.375372222222225,-105.48676388888889", "OSMaps": "https://www.openstreetmap.org/query?lat=40.375372222222225&lon=-105.48676388888889" }, "geometry": { "type": "Point", "coordinates": [ -105.486763888888873, 40.375372222222232 ] } },
{ "type": "Feature", "properties": { "URL": "https://github.com/rcfdtools/R.GISMobile/tree/main/file/gis/POI/25/IMG_1017.JPEG", "Altitude": 2282.0959792477302, "GoogleMaps": "http://maps.google.com/maps?q=40.37372222222222,-105.49281944444445", "OSMaps": "https://www.openstreetmap.org/query?lat=40.37372222222222&lon=-105.49281944444445" }, "geometry": { "type": "Point", "coordinates": [ -105.492819444444436, 40.37372222222222 ] } },
{ "type": "Feature", "properties": { "URL": "https://github.com/rcfdtools/R.GISMobile/tree/main/file/gis/POI/25/IMG_1018.JPEG", "Altitude": 2283.4949053857349, "GoogleMaps": "http://maps.google.com/maps?q=40.37377222222222,-105.49312777777777", "OSMaps": "https://www.openstreetmap.org/query?lat=40.37377222222222&lon=-105.49312777777777" }, "geometry": { "type": "Point", "coordinates": [ -105.493127777777758, 40.373772222222222 ] } },
{ "type": "Feature", "properties": { "URL": "https://github.com/rcfdtools/R.GISMobile/tree/main/file/gis/POI/25/IMG_1019.JPEG", "Altitude": 2283.1518867924528, "GoogleMaps": "http://maps.google.com/maps?q=40.37390277777778,-105.49408055555556", "OSMaps": "https://www.openstreetmap.org/query?lat=40.37390277777778&lon=-105.49408055555556" }, "geometry": { "type": "Point", "coordinates": [ -105.494080555555556, 40.373902777777779 ] } },
{ "type": "Feature", "properties": { "URL": "https://github.com/rcfdtools/R.GISMobile/tree/main/file/gis/POI/25/IMG_1020.JPEG", "Altitude": 2281.535922330097, "GoogleMaps": "http://maps.google.com/maps?q=40.37399444444444,-105.49497222222222", "OSMaps": "https://www.openstreetmap.org/query?lat=40.37399444444444&lon=-105.49497222222222" }, "geometry": { "type": "Point", "coordinates": [ -105.494972222222216, 40.373994444444442 ] } },
{ "type": "Feature", "properties": { "URL": "https://github.com/rcfdtools/R.GISMobile/tree/main/file/gis/POI/25/IMG_1021.JPEG", "Altitude": 2282.331086773378, "GoogleMaps": "http://maps.google.com/maps?q=40.37382222222222,-105.49368888888888", "OSMaps": "https://www.openstreetmap.org/query?lat=40.37382222222222&lon=-105.49368888888888" }, "geometry": { "type": "Point", "coordinates": [ -105.493688888888883, 40.373822222222223 ] } },
{ "type": "Feature", "properties": { "URL": "https://github.com/rcfdtools/R.GISMobile/tree/main/file/gis/POI/26/20211225_181618.jpg", "Altitude": 1651.051, "GoogleMaps": "http://maps.google.com/maps?q=39.66133611111111,-104.92289755555556", "OSMaps": "https://www.openstreetmap.org/query?lat=39.66133611111111&lon=-104.92289755555556" }, "geometry": { "type": "Point", "coordinates": [ -104.922897555555565, 39.661336111111112 ] } },
{ "type": "Feature", "properties": { "URL": "https://github.com/rcfdtools/R.GISMobile/tree/main/file/gis/POI/26/20211225_181620.jpg", "Altitude": 1651.051, "GoogleMaps": "http://maps.google.com/maps?q=39.66133611111111,-104.92289755555556", "OSMaps": "https://www.openstreetmap.org/query?lat=39.66133611111111&lon=-104.92289755555556" }, "geometry": { "type": "Point", "coordinates": [ -104.922897555555565, 39.661336111111112 ] } },
{ "type": "Feature", "properties": { "URL": "https://github.com/rcfdtools/R.GISMobile/tree/main/file/gis/POI/26/IMG_1028.JPEG", "Altitude": 1633.5143570536829, "GoogleMaps": "http://maps.google.com/maps?q=39.63398611111111,-104.99208055555556", "OSMaps": "https://www.openstreetmap.org/query?lat=39.63398611111111&lon=-104.99208055555556" }, "geometry": { "type": "Point", "coordinates": [ -104.99208055555556, 39.633986111111113 ] } },
{ "type": "Feature", "properties": { "URL": "https://github.com/rcfdtools/R.GISMobile/tree/main/file/gis/POI/26/IMG_1029.JPEG", "Altitude": 1633.004746835443, "GoogleMaps": "http://maps.google.com/maps?q=39.63382222222222,-104.99203611111112", "OSMaps": "https://www.openstreetmap.org/query?lat=39.63382222222222&lon=-104.99203611111112" }, "geometry": { "type": "Point", "coordinates": [ -104.992036111111119, 39.633822222222221 ] } },
{ "type": "Feature", "properties": { "URL": "https://github.com/rcfdtools/R.GISMobile/tree/main/file/gis/POI/26/IMG_1030.JPEG", "Altitude": 1633.4493284493285, "GoogleMaps": "http://maps.google.com/maps?q=39.63456111111111,-104.99380555555555", "OSMaps": "https://www.openstreetmap.org/query?lat=39.63456111111111&lon=-104.99380555555555" }, "geometry": { "type": "Point", "coordinates": [ -104.993805555555554, 39.634561111111111 ] } },
{ "type": "Feature", "properties": { "URL": "https://github.com/rcfdtools/R.GISMobile/tree/main/file/gis/POI/26/IMG_1031.JPEG", "Altitude": 1630.5643564356435, "GoogleMaps": "http://maps.google.com/maps?q=39.63485277777778,-104.99442222222223", "OSMaps": "https://www.openstreetmap.org/query?lat=39.63485277777778&lon=-104.99442222222223" }, "geometry": { "type": "Point", "coordinates": [ -104.994422222222241, 39.63485277777778 ] } },
{ "type": "Feature", "properties": { "URL": "https://github.com/rcfdtools/R.GISMobile/tree/main/file/gis/POI/26/IMG_1032.JPEG", "Altitude": 1628.4935177182367, "GoogleMaps": "http://maps.google.com/maps?q=39.634927777777776,-104.99591111111111", "OSMaps": "https://www.openstreetmap.org/query?lat=39.634927777777776&lon=-104.99591111111111" }, "geometry": { "type": "Point", "coordinates": [ -104.995911111111127, 39.634927777777776 ] } },
{ "type": "Feature", "properties": { "URL": "https://github.com/rcfdtools/R.GISMobile/tree/main/file/gis/POI/26/IMG_1033.JPEG", "Altitude": 1633.1351179094966, "GoogleMaps": "http://maps.google.com/maps?q=39.63535,-104.99666666666667", "OSMaps": "https://www.openstreetmap.org/query?lat=39.63535&lon=-104.99666666666667" }, "geometry": { "type": "Point", "coordinates": [ -104.996666666666684, 39.63535 ] } },
{ "type": "Feature", "properties": { "URL": "https://github.com/rcfdtools/R.GISMobile/tree/main/file/gis/POI/26/IMG_1034.JPEG", "Altitude": 1601.8216432865731, "GoogleMaps": "http://maps.google.com/maps?q=39.63543611111111,-104.99660555555556", "OSMaps": "https://www.openstreetmap.org/query?lat=39.63543611111111&lon=-104.99660555555556" }, "geometry": { "type": "Point", "coordinates": [ -104.996605555555561, 39.635436111111112 ] } },
{ "type": "Feature", "properties": { "URL": "https://github.com/rcfdtools/R.GISMobile/tree/main/file/gis/POI/27/IMG_0980.JPEG", "Altitude": 2292.8769883351006, "GoogleMaps": "http://maps.google.com/maps?q=40.37665277777778,-105.51924722222222", "OSMaps": "https://www.openstreetmap.org/query?lat=40.37665277777778&lon=-105.51924722222222" }, "geometry": { "type": "Point", "coordinates": [ -105.519247222222219, 40.376652777777778 ] } },
{ "type": "Feature", "properties": { "URL": "https://github.com/rcfdtools/R.GISMobile/tree/main/file/gis/POI/27/IMG_0981.JPEG", "Altitude": 2292.9159891598915, "GoogleMaps": "http://maps.google.com/maps?q=40.37665277777778,-105.51924722222222", "OSMaps": "https://www.openstreetmap.org/query?lat=40.37665277777778&lon=-105.51924722222222" }, "geometry": { "type": "Point", "coordinates": [ -105.519247222222219, 40.376652777777778 ] } },
{ "type": "Feature", "properties": { "URL": "https://github.com/rcfdtools/R.GISMobile/tree/main/file/gis/POI/27/IMG_0982.JPEG", "Altitude": 2293.0843137254901, "GoogleMaps": "http://maps.google.com/maps?q=40.37675277777778,-105.51909722222221", "OSMaps": "https://www.openstreetmap.org/query?lat=40.37675277777778&lon=-105.51909722222221" }, "geometry": { "type": "Point", "coordinates": [ -105.5190972222222, 40.376752777777781 ] } },
{ "type": "Feature", "properties": { "URL": "https://github.com/rcfdtools/R.GISMobile/tree/main/file/gis/POI/27/IMG_0983.JPEG", "Altitude": 2292.7008797653962, "GoogleMaps": "http://maps.google.com/maps?q=40.376736111111114,-105.51908888888889", "OSMaps": "https://www.openstreetmap.org/query?lat=40.376736111111114&lon=-105.51908888888889" }, "geometry": { "type": "Point", "coordinates": [ -105.519088888888874, 40.376736111111121 ] } },
{ "type": "Feature", "properties": { "URL": "https://github.com/rcfdtools/R.GISMobile/tree/main/file/gis/POI/27/IMG_0984.JPEG", "Altitude": 2292.6868091378042, "GoogleMaps": "http://maps.google.com/maps?q=40.376736111111114,-105.51908888888889", "OSMaps": "https://www.openstreetmap.org/query?lat=40.376736111111114&lon=-105.51908888888889" }, "geometry": { "type": "Point", "coordinates": [ -105.519088888888874, 40.376736111111121 ] } },
{ "type": "Feature", "properties": { "URL": "https://github.com/rcfdtools/R.GISMobile/tree/main/file/gis/POI/27/IMG_0985.JPEG", "Altitude": 2293.3870431893688, "GoogleMaps": "http://maps.google.com/maps?q=40.37676944444444,-105.51898055555556", "OSMaps": "https://www.openstreetmap.org/query?lat=40.37676944444444&lon=-105.51898055555556" }, "geometry": { "type": "Point", "coordinates": [ -105.518980555555558, 40.376769444444442 ] } },
{ "type": "Feature", "properties": { "URL": "https://github.com/rcfdtools/R.GISMobile/tree/main/file/gis/POI/27/IMG_0986.JPEG", "Altitude": 2293.4153132250581, "GoogleMaps": "http://maps.google.com/maps?q=40.376758333333335,-105.51896666666667", "OSMaps": "https://www.openstreetmap.org/query?lat=40.376758333333335&lon=-105.51896666666667" }, "geometry": { "type": "Point", "coordinates": [ -105.518966666666685, 40.376758333333335 ] } },
{ "type": "Feature", "properties": { "URL": "https://github.com/rcfdtools/R.GISMobile/tree/main/file/gis/POI/27/IMG_0987.JPEG", "Altitude": 2293.8307453416151, "GoogleMaps": "http://maps.google.com/maps?q=40.376755555555555,-105.51896666666667", "OSMaps": "https://www.openstreetmap.org/query?lat=40.376755555555555&lon=-105.51896666666667" }, "geometry": { "type": "Point", "coordinates": [ -105.518966666666685, 40.376755555555562 ] } },
{ "type": "Feature", "properties": { "URL": "https://github.com/rcfdtools/R.GISMobile/tree/main/file/gis/POI/27/IMG_0988.JPEG", "Altitude": 2293.7332474226805, "GoogleMaps": "http://maps.google.com/maps?q=40.376755555555555,-105.518975", "OSMaps": "https://www.openstreetmap.org/query?lat=40.376755555555555&lon=-105.518975" }, "geometry": { "type": "Point", "coordinates": [ -105.518975, 40.376755555555562 ] } },
{ "type": "Feature", "properties": { "URL": "https://github.com/rcfdtools/R.GISMobile/tree/main/file/gis/POI/27/IMG_0989.JPEG", "Altitude": 2292.6465390279823, "GoogleMaps": "http://maps.google.com/maps?q=40.37682222222222,-105.51882222222223", "OSMaps": "https://www.openstreetmap.org/query?lat=40.37682222222222&lon=-105.51882222222223" }, "geometry": { "type": "Point", "coordinates": [ -105.518822222222241, 40.376822222222224 ] } },
{ "type": "Feature", "properties": { "URL": "https://github.com/rcfdtools/R.GISMobile/tree/main/file/gis/POI/27/IMG_0990.JPEG", "Altitude": 2293.0594262295081, "GoogleMaps": "http://maps.google.com/maps?q=40.37683055555556,-105.51881388888889", "OSMaps": "https://www.openstreetmap.org/query?lat=40.37683055555556&lon=-105.51881388888889" }, "geometry": { "type": "Point", "coordinates": [ -105.518813888888886, 40.376830555555557 ] } },
{ "type": "Feature", "properties": { "URL": "https://github.com/rcfdtools/R.GISMobile/tree/main/file/gis/POI/27/IMG_0991.JPEG", "Altitude": 2292.236530880421, "GoogleMaps": "http://maps.google.com/maps?q=40.37682222222222,-105.51879722222222", "OSMaps": "https://www.openstreetmap.org/query?lat=40.37682222222222&lon=-105.51879722222222" }, "geometry": { "type": "Point", "coordinates": [ -105.518797222222219, 40.376822222222224 ] } },
{ "type": "Feature", "properties": { "URL": "https://github.com/rcfdtools/R.GISMobile/tree/main/file/gis/POI/27/IMG_0992.JPG", "Altitude": 2292.4833451452869, "GoogleMaps": "http://maps.google.com/maps?q=40.37681388888889,-105.51879722222222", "OSMaps": "https://www.openstreetmap.org/query?lat=40.37681388888889&lon=-105.51879722222222" }, "geometry": { "type": "Point", "coordinates": [ -105.518797222222219, 40.37681388888889 ] } },
{ "type": "Feature", "properties": { "URL": "https://github.com/rcfdtools/R.GISMobile/tree/main/file/gis/POI/27/IMG_0993.JPEG", "Altitude": 2293.9268060836503, "GoogleMaps": "http://maps.google.com/maps?q=40.376777777777775,-105.51882222222223", "OSMaps": "https://www.openstreetmap.org/query?lat=40.376777777777775&lon=-105.51882222222223" }, "geometry": { "type": "Point", "coordinates": [ -105.518822222222241, 40.376777777777775 ] } },
{ "type": "Feature", "properties": { "URL": "https://github.com/rcfdtools/R.GISMobile/tree/main/file/gis/POI/28/IMG_0780.JPEG", "Altitude": 1632.9398058252427, "GoogleMaps": "http://maps.google.com/maps?q=39.65049722222222,-104.99135555555556", "OSMaps": "https://www.openstreetmap.org/query?lat=39.65049722222222&lon=-104.99135555555556" }, "geometry": { "type": "Point", "coordinates": [ -104.991355555555558, 39.650497222222221 ] } },
{ "type": "Feature", "properties": { "URL": "https://github.com/rcfdtools/R.GISMobile/tree/main/file/gis/POI/28/IMG_0781.JPEG", "Altitude": 1627.9632446134349, "GoogleMaps": "http://maps.google.com/maps?q=39.65046111111111,-104.99144722222222", "OSMaps": "https://www.openstreetmap.org/query?lat=39.65046111111111&lon=-104.99144722222222" }, "geometry": { "type": "Point", "coordinates": [ -104.99144722222222, 39.650461111111113 ] } },
{ "type": "Feature", "properties": { "URL": "https://github.com/rcfdtools/R.GISMobile/tree/main/file/gis/POI/28/IMG_0784.JPG", "Altitude": 1626.0860289057125, "GoogleMaps": "http://maps.google.com/maps?q=39.65046944444444,-104.99144722222222", "OSMaps": "https://www.openstreetmap.org/query?lat=39.65046944444444&lon=-104.99144722222222" }, "geometry": { "type": "Point", "coordinates": [ -104.99144722222222, 39.65046944444444 ] } },
{ "type": "Feature", "properties": { "URL": "https://github.com/rcfdtools/R.GISMobile/tree/main/file/gis/POI/28/IMG_0856.JPEG", "Altitude": 1609.7850208044383, "GoogleMaps": "http://maps.google.com/maps?q=39.65879722222222,-104.99806944444444", "OSMaps": "https://www.openstreetmap.org/query?lat=39.65879722222222&lon=-104.99806944444444" }, "geometry": { "type": "Point", "coordinates": [ -104.99806944444444, 39.658797222222219 ] } },
{ "type": "Feature", "properties": { "URL": "https://github.com/rcfdtools/R.GISMobile/tree/main/file/gis/POI/28/IMG_0857.JPEG", "Altitude": 1612.9290640394088, "GoogleMaps": "http://maps.google.com/maps?q=39.658852777777774,-104.99812222222222", "OSMaps": "https://www.openstreetmap.org/query?lat=39.658852777777774&lon=-104.99812222222222" }, "geometry": { "type": "Point", "coordinates": [ -104.998122222222221, 39.658852777777774 ] } },
{ "type": "Feature", "properties": { "URL": "https://github.com/rcfdtools/R.GISMobile/tree/main/file/gis/POI/28/IMG_0858.JPEG", "Altitude": 1613.3460559796438, "GoogleMaps": "http://maps.google.com/maps?q=39.65886944444444,-104.99813055555556", "OSMaps": "https://www.openstreetmap.org/query?lat=39.65886944444444&lon=-104.99813055555556" }, "geometry": { "type": "Point", "coordinates": [ -104.998130555555562, 39.658869444444441 ] } },
{ "type": "Feature", "properties": { "URL": "https://github.com/rcfdtools/R.GISMobile/tree/main/file/gis/POI/28/IMG_0859.JPEG", "Altitude": 1612.9444444444443, "GoogleMaps": "http://maps.google.com/maps?q=39.658875,-104.99813055555556", "OSMaps": "https://www.openstreetmap.org/query?lat=39.658875&lon=-104.99813055555556" }, "geometry": { "type": "Point", "coordinates": [ -104.998130555555562, 39.658875 ] } },
{ "type": "Feature", "properties": { "URL": "https://github.com/rcfdtools/R.GISMobile/tree/main/file/gis/POI/28/IMG_0861.JPEG", "Altitude": 1608.8094339622642, "GoogleMaps": "http://maps.google.com/maps?q=39.659,-104.99810000000001", "OSMaps": "https://www.openstreetmap.org/query?lat=39.659&lon=-104.99810000000001" }, "geometry": { "type": "Point", "coordinates": [ -104.9981, 39.659 ] } },
{ "type": "Feature", "properties": { "URL": "https://github.com/rcfdtools/R.GISMobile/tree/main/file/gis/POI/28/IMG_0862.JPEG", "Altitude": 1608.8975694444443, "GoogleMaps": "http://maps.google.com/maps?q=39.65900555555555,-104.99810000000001", "OSMaps": "https://www.openstreetmap.org/query?lat=39.65900555555555&lon=-104.99810000000001" }, "geometry": { "type": "Point", "coordinates": [ -104.9981, 39.659005555555552 ] } },
{ "type": "Feature", "properties": { "URL": "https://github.com/rcfdtools/R.GISMobile/tree/main/file/gis/POI/28/IMG_0863.JPEG", "Altitude": 1611.4490818030049, "GoogleMaps": "http://maps.google.com/maps?q=39.65900833333333,-104.99807777777778", "OSMaps": "https://www.openstreetmap.org/query?lat=39.65900833333333&lon=-104.99807777777778" }, "geometry": { "type": "Point", "coordinates": [ -104.99807777777778, 39.659008333333333 ] } },
{ "type": "Feature", "properties": { "URL": "https://github.com/rcfdtools/R.GISMobile/tree/main/file/gis/POI/28/IMG_0864.JPEG", "Altitude": 1611.1224226804125, "GoogleMaps": "http://maps.google.com/maps?q=39.65902222222222,-104.99804722222223", "OSMaps": "https://www.openstreetmap.org/query?lat=39.65902222222222&lon=-104.99804722222223" }, "geometry": { "type": "Point", "coordinates": [ -104.99804722222224, 39.65902222222222 ] } },
{ "type": "Feature", "properties": { "URL": "https://github.com/rcfdtools/R.GISMobile/tree/main/file/gis/POI/28/IMG_0865.JPEG", "Altitude": 1614.7693965517242, "GoogleMaps": "http://maps.google.com/maps?q=39.659305555555555,-104.99796388888889", "OSMaps": "https://www.openstreetmap.org/query?lat=39.659305555555555&lon=-104.99796388888889" }, "geometry": { "type": "Point", "coordinates": [ -104.997963888888876, 39.659305555555562 ] } },
{ "type": "Feature", "properties": { "URL": "https://github.com/rcfdtools/R.GISMobile/tree/main/file/gis/POI/28/IMG_0866.JPEG", "Altitude": 1616.9315051797685, "GoogleMaps": "http://maps.google.com/maps?q=39.65931111111111,-104.99795555555556", "OSMaps": "https://www.openstreetmap.org/query?lat=39.65931111111111&lon=-104.99795555555556" }, "geometry": { "type": "Point", "coordinates": [ -104.997955555555563, 39.659311111111109 ] } },
{ "type": "Feature", "properties": { "URL": "https://github.com/rcfdtools/R.GISMobile/tree/main/file/gis/POI/28/IMG_0867.JPEG", "Altitude": 1612.0391676866584, "GoogleMaps": "http://maps.google.com/maps?q=39.660063888888885,-104.99740555555556", "OSMaps": "https://www.openstreetmap.org/query?lat=39.660063888888885&lon=-104.99740555555556" }, "geometry": { "type": "Point", "coordinates": [ -104.997405555555559, 39.660063888888885 ] } },
{ "type": "Feature", "properties": { "URL": "https://github.com/rcfdtools/R.GISMobile/tree/main/file/gis/POI/28/IMG_0868.JPEG", "Altitude": 1618.5765247410818, "GoogleMaps": "http://maps.google.com/maps?q=39.65974722222222,-104.99794722222222", "OSMaps": "https://www.openstreetmap.org/query?lat=39.65974722222222&lon=-104.99794722222222" }, "geometry": { "type": "Point", "coordinates": [ -104.997947222222223, 39.659747222222222 ] } },
{ "type": "Feature", "properties": { "URL": "https://github.com/rcfdtools/R.GISMobile/tree/main/file/gis/POI/28/IMG_0869.JPEG", "Altitude": 1613.8880484114975, "GoogleMaps": "http://maps.google.com/maps?q=39.65978055555556,-104.99810833333333", "OSMaps": "https://www.openstreetmap.org/query?lat=39.65978055555556&lon=-104.99810833333333" }, "geometry": { "type": "Point", "coordinates": [ -104.99810833333332, 39.659780555555557 ] } },
{ "type": "Feature", "properties": { "URL": "https://github.com/rcfdtools/R.GISMobile/tree/main/file/gis/POI/28/IMG_0870.JPEG", "Altitude": 1611.2249614791988, "GoogleMaps": "http://maps.google.com/maps?q=39.65980833333333,-104.99810833333333", "OSMaps": "https://www.openstreetmap.org/query?lat=39.65980833333333&lon=-104.99810833333333" }, "geometry": { "type": "Point", "coordinates": [ -104.99810833333332, 39.659808333333331 ] } },
{ "type": "Feature", "properties": { "URL": "https://github.com/rcfdtools/R.GISMobile/tree/main/file/gis/POI/28/IMG_0872.JPEG", "Altitude": 1617.7603626943005, "GoogleMaps": "http://maps.google.com/maps?q=39.66000277777778,-104.99809444444445", "OSMaps": "https://www.openstreetmap.org/query?lat=39.66000277777778&lon=-104.99809444444445" }, "geometry": { "type": "Point", "coordinates": [ -104.998094444444433, 39.660002777777777 ] } },
{ "type": "Feature", "properties": { "URL": "https://github.com/rcfdtools/R.GISMobile/tree/main/file/gis/POI/28/IMG_0873.JPEG", "Altitude": 1618.4036734693875, "GoogleMaps": "http://maps.google.com/maps?q=39.65999166666666,-104.99809444444445", "OSMaps": "https://www.openstreetmap.org/query?lat=39.65999166666666&lon=-104.99809444444445" }, "geometry": { "type": "Point", "coordinates": [ -104.998094444444433, 39.659991666666663 ] } },
{ "type": "Feature", "properties": { "URL": "https://github.com/rcfdtools/R.GISMobile/tree/main/file/gis/POI/28/IMG_0874.JPEG", "Altitude": 1622.8184679958026, "GoogleMaps": "http://maps.google.com/maps?q=39.65982777777778,-104.99778055555555", "OSMaps": "https://www.openstreetmap.org/query?lat=39.65982777777778&lon=-104.99778055555555" }, "geometry": { "type": "Point", "coordinates": [ -104.997780555555565, 39.659827777777778 ] } },
{ "type": "Feature", "properties": { "URL": "https://github.com/rcfdtools/R.GISMobile/tree/main/file/gis/POI/28/IMG_0875.JPEG", "Altitude": 1614.9112426035504, "GoogleMaps": "http://maps.google.com/maps?q=39.65982777777778,-104.99781111111112", "OSMaps": "https://www.openstreetmap.org/query?lat=39.65982777777778&lon=-104.99781111111112" }, "geometry": { "type": "Point", "coordinates": [ -104.997811111111119, 39.659827777777778 ] } },
{ "type": "Feature", "properties": { "URL": "https://github.com/rcfdtools/R.GISMobile/tree/main/file/gis/POI/28/IMG_0876.JPEG", "Altitude": 1614.60362400906, "GoogleMaps": "http://maps.google.com/maps?q=39.659816666666664,-104.99781111111112", "OSMaps": "https://www.openstreetmap.org/query?lat=39.659816666666664&lon=-104.99781111111112" }, "geometry": { "type": "Point", "coordinates": [ -104.997811111111119, 39.659816666666657 ] } },
{ "type": "Feature", "properties": { "URL": "https://github.com/rcfdtools/R.GISMobile/tree/main/file/gis/POI/28/IMG_0877.JPEG", "Altitude": 1605.5716417910448, "GoogleMaps": "http://maps.google.com/maps?q=39.65991944444444,-104.99723888888889", "OSMaps": "https://www.openstreetmap.org/query?lat=39.65991944444444&lon=-104.99723888888889" }, "geometry": { "type": "Point", "coordinates": [ -104.997238888888873, 39.659919444444441 ] } },
{ "type": "Feature", "properties": { "URL": "https://github.com/rcfdtools/R.GISMobile/tree/main/file/gis/POI/29/IMG_0813.JPEG", "Altitude": 1657.5129811996419, "GoogleMaps": "http://maps.google.com/maps?q=39.67765833333333,-104.89486666666667", "OSMaps": "https://www.openstreetmap.org/query?lat=39.67765833333333&lon=-104.89486666666667" }, "geometry": { "type": "Point", "coordinates": [ -104.894866666666687, 39.677658333333333 ] } },
{ "type": "Feature", "properties": { "URL": "https://github.com/rcfdtools/R.GISMobile/tree/main/file/gis/POI/29/IMG_0814.JPEG", "Altitude": 1660.9315286624203, "GoogleMaps": "http://maps.google.com/maps?q=39.67765555555555,-104.89485277777779", "OSMaps": "https://www.openstreetmap.org/query?lat=39.67765555555555&lon=-104.89485277777779" }, "geometry": { "type": "Point", "coordinates": [ -104.8948527777778, 39.677655555555553 ] } },
{ "type": "Feature", "properties": { "URL": "https://github.com/rcfdtools/R.GISMobile/tree/main/file/gis/POI/29/IMG_0815.JPEG", "Altitude": 1659.7606199770378, "GoogleMaps": "http://maps.google.com/maps?q=39.67766388888889,-104.89486111111111", "OSMaps": "https://www.openstreetmap.org/query?lat=39.67766388888889&lon=-104.89486111111111" }, "geometry": { "type": "Point", "coordinates": [ -104.894861111111126, 39.677663888888887 ] } },
{ "type": "Feature", "properties": { "URL": "https://github.com/rcfdtools/R.GISMobile/tree/main/file/gis/POI/29/IMG_0816.JPEG", "Altitude": 1659.713028169014, "GoogleMaps": "http://maps.google.com/maps?q=39.67766388888889,-104.89486111111111", "OSMaps": "https://www.openstreetmap.org/query?lat=39.67766388888889&lon=-104.89486111111111" }, "geometry": { "type": "Point", "coordinates": [ -104.894861111111126, 39.677663888888887 ] } },
{ "type": "Feature", "properties": { "URL": "https://github.com/rcfdtools/R.GISMobile/tree/main/file/gis/POI/29/IMG_0817.JPEG", "Altitude": 1656.807116104869, "GoogleMaps": "http://maps.google.com/maps?q=39.67776944444444,-104.89470555555556", "OSMaps": "https://www.openstreetmap.org/query?lat=39.67776944444444&lon=-104.89470555555556" }, "geometry": { "type": "Point", "coordinates": [ -104.894705555555561, 39.677769444444444 ] } },
{ "type": "Feature", "properties": { "URL": "https://github.com/rcfdtools/R.GISMobile/tree/main/file/gis/POI/29/IMG_0818.JPEG", "Altitude": 1656.2672955974842, "GoogleMaps": "http://maps.google.com/maps?q=39.677749999999996,-104.89466111111112", "OSMaps": "https://www.openstreetmap.org/query?lat=39.677749999999996&lon=-104.89466111111112" }, "geometry": { "type": "Point", "coordinates": [ -104.89466111111112, 39.67775 ] } },
{ "type": "Feature", "properties": { "URL": "https://github.com/rcfdtools/R.GISMobile/tree/main/file/gis/POI/29/IMG_0819.JPEG", "Altitude": 1656.3395225464192, "GoogleMaps": "http://maps.google.com/maps?q=39.677752777777776,-104.89466111111112", "OSMaps": "https://www.openstreetmap.org/query?lat=39.677752777777776&lon=-104.89466111111112" }, "geometry": { "type": "Point", "coordinates": [ -104.89466111111112, 39.677752777777776 ] } },
{ "type": "Feature", "properties": { "URL": "https://github.com/rcfdtools/R.GISMobile/tree/main/file/gis/POI/29/IMG_0820.JPEG", "Altitude": 1656.3162217659135, "GoogleMaps": "http://maps.google.com/maps?q=39.67774444444444,-104.89465277777778", "OSMaps": "https://www.openstreetmap.org/query?lat=39.67774444444444&lon=-104.89465277777778" }, "geometry": { "type": "Point", "coordinates": [ -104.894652777777779, 39.677744444444443 ] } },
{ "type": "Feature", "properties": { "URL": "https://github.com/rcfdtools/R.GISMobile/tree/main/file/gis/POI/29/IMG_0822.JPEG", "Altitude": 1655.8996563573885, "GoogleMaps": "http://maps.google.com/maps?q=39.67778333333333,-104.89467777777779", "OSMaps": "https://www.openstreetmap.org/query?lat=39.67778333333333&lon=-104.89467777777779" }, "geometry": { "type": "Point", "coordinates": [ -104.894677777777801, 39.677783333333331 ] } },
{ "type": "Feature", "properties": { "URL": "https://github.com/rcfdtools/R.GISMobile/tree/main/file/gis/POI/29/IMG_0823.JPEG", "Altitude": 1656.0056818181818, "GoogleMaps": "http://maps.google.com/maps?q=39.677819444444445,-104.89463888888889", "OSMaps": "https://www.openstreetmap.org/query?lat=39.677819444444445&lon=-104.89463888888889" }, "geometry": { "type": "Point", "coordinates": [ -104.894638888888878, 39.677819444444445 ] } },
{ "type": "Feature", "properties": { "URL": "https://github.com/rcfdtools/R.GISMobile/tree/main/file/gis/POI/29/IMG_0824.JPEG", "Altitude": 1656.1416007036059, "GoogleMaps": "http://maps.google.com/maps?q=39.67783333333333,-104.89457777777778", "OSMaps": "https://www.openstreetmap.org/query?lat=39.67783333333333&lon=-104.89457777777778" }, "geometry": { "type": "Point", "coordinates": [ -104.894577777777783, 39.677833333333332 ] } },
{ "type": "Feature", "properties": { "URL": "https://github.com/rcfdtools/R.GISMobile/tree/main/file/gis/POI/29/IMG_0825.JPEG", "Altitude": 1655.8857868020305, "GoogleMaps": "http://maps.google.com/maps?q=39.67783333333333,-104.89458611111112", "OSMaps": "https://www.openstreetmap.org/query?lat=39.67783333333333&lon=-104.89458611111112" }, "geometry": { "type": "Point", "coordinates": [ -104.894586111111124, 39.677833333333332 ] } },
{ "type": "Feature", "properties": { "URL": "https://github.com/rcfdtools/R.GISMobile/tree/main/file/gis/POI/29/IMG_0826.JPEG", "Altitude": 1655.251580278129, "GoogleMaps": "http://maps.google.com/maps?q=39.67785277777777,-104.89455277777779", "OSMaps": "https://www.openstreetmap.org/query?lat=39.67785277777777&lon=-104.89455277777779" }, "geometry": { "type": "Point", "coordinates": [ -104.894552777777804, 39.677852777777773 ] } },
{ "type": "Feature", "properties": { "URL": "https://github.com/rcfdtools/R.GISMobile/tree/main/file/gis/POI/29/IMG_0827.JPEG", "Altitude": 1655.3646496815286, "GoogleMaps": "http://maps.google.com/maps?q=39.67784722222222,-104.89454722222223", "OSMaps": "https://www.openstreetmap.org/query?lat=39.67784722222222&lon=-104.89454722222223" }, "geometry": { "type": "Point", "coordinates": [ -104.894547222222243, 39.677847222222219 ] } },
{ "type": "Feature", "properties": { "URL": "https://github.com/rcfdtools/R.GISMobile/tree/main/file/gis/POI/29/IMG_0828.JPEG", "Altitude": 1655.3203194321206, "GoogleMaps": "http://maps.google.com/maps?q=39.677841666666666,-104.89455277777779", "OSMaps": "https://www.openstreetmap.org/query?lat=39.677841666666666&lon=-104.89455277777779" }, "geometry": { "type": "Point", "coordinates": [ -104.894552777777804, 39.677841666666666 ] } },
{ "type": "Feature", "properties": { "URL": "https://github.com/rcfdtools/R.GISMobile/tree/main/file/gis/POI/29/IMG_0829.JPEG", "Altitude": 1654.0083955223879, "GoogleMaps": "http://maps.google.com/maps?q=39.67789722222222,-104.89447777777778", "OSMaps": "https://www.openstreetmap.org/query?lat=39.67789722222222&lon=-104.89447777777778" }, "geometry": { "type": "Point", "coordinates": [ -104.89447777777778, 39.677897222222221 ] } },
{ "type": "Feature", "properties": { "URL": "https://github.com/rcfdtools/R.GISMobile/tree/main/file/gis/POI/29/IMG_0830.JPEG", "Altitude": 1653.6495798319329, "GoogleMaps": "http://maps.google.com/maps?q=39.67791388888889,-104.89455277777779", "OSMaps": "https://www.openstreetmap.org/query?lat=39.67791388888889&lon=-104.89455277777779" }, "geometry": { "type": "Point", "coordinates": [ -104.894552777777804, 39.677913888888888 ] } },
{ "type": "Feature", "properties": { "URL": "https://github.com/rcfdtools/R.GISMobile/tree/main/file/gis/POI/29/IMG_0831.JPEG", "Altitude": 1654.3271461716938, "GoogleMaps": "http://maps.google.com/maps?q=39.677924999999995,-104.89456111111112", "OSMaps": "https://www.openstreetmap.org/query?lat=39.677924999999995&lon=-104.89456111111112" }, "geometry": { "type": "Point", "coordinates": [ -104.894561111111116, 39.677925 ] } },
{ "type": "Feature", "properties": { "URL": "https://github.com/rcfdtools/R.GISMobile/tree/main/file/gis/POI/29/IMG_0832.JPEG", "Altitude": 1653.5154028436018, "GoogleMaps": "http://maps.google.com/maps?q=39.677875,-104.89454722222223", "OSMaps": "https://www.openstreetmap.org/query?lat=39.677875&lon=-104.89454722222223" }, "geometry": { "type": "Point", "coordinates": [ -104.894547222222243, 39.677875 ] } },
{ "type": "Feature", "properties": { "URL": "https://github.com/rcfdtools/R.GISMobile/tree/main/file/gis/POI/29/IMG_0833.JPEG", "Altitude": 1653.8963503649636, "GoogleMaps": "http://maps.google.com/maps?q=39.677880555555554,-104.89454722222223", "OSMaps": "https://www.openstreetmap.org/query?lat=39.677880555555554&lon=-104.89454722222223" }, "geometry": { "type": "Point", "coordinates": [ -104.894547222222243, 39.677880555555554 ] } },
{ "type": "Feature", "properties": { "URL": "https://github.com/rcfdtools/R.GISMobile/tree/main/file/gis/POI/29/IMG_0836.JPEG", "Altitude": 1658.0235457063711, "GoogleMaps": "http://maps.google.com/maps?q=39.67763055555555,-104.89492777777778", "OSMaps": "https://www.openstreetmap.org/query?lat=39.67763055555555&lon=-104.89492777777778" }, "geometry": { "type": "Point", "coordinates": [ -104.894927777777781, 39.677630555555552 ] } },
{ "type": "Feature", "properties": { "URL": "https://github.com/rcfdtools/R.GISMobile/tree/main/file/gis/POI/29/IMG_0837.JPEG", "Altitude": 1658.1704260651629, "GoogleMaps": "http://maps.google.com/maps?q=39.67783055555555,-104.8951638888889", "OSMaps": "https://www.openstreetmap.org/query?lat=39.67783055555555&lon=-104.8951638888889" }, "geometry": { "type": "Point", "coordinates": [ -104.895163888888902, 39.677830555555552 ] } },
{ "type": "Feature", "properties": { "URL": "https://github.com/rcfdtools/R.GISMobile/tree/main/file/gis/POI/29/IMG_0838.JPEG", "Altitude": 1658.1292059219379, "GoogleMaps": "http://maps.google.com/maps?q=39.67784722222222,-104.89519444444446", "OSMaps": "https://www.openstreetmap.org/query?lat=39.67784722222222&lon=-104.89519444444446" }, "geometry": { "type": "Point", "coordinates": [ -104.895194444444456, 39.677847222222219 ] } },
{ "type": "Feature", "properties": { "URL": "https://github.com/rcfdtools/R.GISMobile/tree/main/file/gis/POI/29/IMG_0839.JPEG", "Altitude": 1653.3599717114569, "GoogleMaps": "http://maps.google.com/maps?q=39.68382222222222,-104.90136111111111", "OSMaps": "https://www.openstreetmap.org/query?lat=39.68382222222222&lon=-104.90136111111111" }, "geometry": { "type": "Point", "coordinates": [ -104.901361111111115, 39.683822222222219 ] } },
{ "type": "Feature", "properties": { "URL": "https://github.com/rcfdtools/R.GISMobile/tree/main/file/gis/POI/29/IMG_0840.JPEG", "Altitude": 1654.0794551645856, "GoogleMaps": "http://maps.google.com/maps?q=39.68382222222222,-104.90136111111111", "OSMaps": "https://www.openstreetmap.org/query?lat=39.68382222222222&lon=-104.90136111111111" }, "geometry": { "type": "Point", "coordinates": [ -104.901361111111115, 39.683822222222219 ] } },
{ "type": "Feature", "properties": { "URL": "https://github.com/rcfdtools/R.GISMobile/tree/main/file/gis/POI/29/IMG_0841.JPEG", "Altitude": 1646.8572895277207, "GoogleMaps": "http://maps.google.com/maps?q=39.68485555555555,-104.90262777777778", "OSMaps": "https://www.openstreetmap.org/query?lat=39.68485555555555&lon=-104.90262777777778" }, "geometry": { "type": "Point", "coordinates": [ -104.902627777777781, 39.684855555555551 ] } },
{ "type": "Feature", "properties": { "URL": "https://github.com/rcfdtools/R.GISMobile/tree/main/file/gis/POI/29/IMG_0842.JPEG", "Altitude": 1649.2086049543675, "GoogleMaps": "http://maps.google.com/maps?q=39.68485277777778,-104.90267222222222", "OSMaps": "https://www.openstreetmap.org/query?lat=39.68485277777778&lon=-104.90267222222222" }, "geometry": { "type": "Point", "coordinates": [ -104.902672222222222, 39.684852777777778 ] } },
{ "type": "Feature", "properties": { "URL": "https://github.com/rcfdtools/R.GISMobile/tree/main/file/gis/POI/29/IMG_0843.JPEG", "Altitude": 1648.8030075187969, "GoogleMaps": "http://maps.google.com/maps?q=39.68513055555555,-104.90306944444445", "OSMaps": "https://www.openstreetmap.org/query?lat=39.68513055555555&lon=-104.90306944444445" }, "geometry": { "type": "Point", "coordinates": [ -104.903069444444441, 39.685130555555553 ] } },
{ "type": "Feature", "properties": { "URL": "https://github.com/rcfdtools/R.GISMobile/tree/main/file/gis/POI/29/IMG_0845.JPEG", "Altitude": 1651.4373650107991, "GoogleMaps": "http://maps.google.com/maps?q=39.68512777777777,-104.9030388888889", "OSMaps": "https://www.openstreetmap.org/query?lat=39.68512777777777&lon=-104.9030388888889" }, "geometry": { "type": "Point", "coordinates": [ -104.903038888888901, 39.685127777777772 ] } },
{ "type": "Feature", "properties": { "URL": "https://github.com/rcfdtools/R.GISMobile/tree/main/file/gis/POI/29/IMG_0846.JPEG", "Altitude": 1651.6041131105401, "GoogleMaps": "http://maps.google.com/maps?q=39.68515277777777,-104.90303055555556", "OSMaps": "https://www.openstreetmap.org/query?lat=39.68515277777777&lon=-104.90303055555556" }, "geometry": { "type": "Point", "coordinates": [ -104.90303055555556, 39.685152777777773 ] } },
{ "type": "Feature", "properties": { "URL": "https://github.com/rcfdtools/R.GISMobile/tree/main/file/gis/POI/29/IMG_0847.JPEG", "Altitude": 1651.5486935866984, "GoogleMaps": "http://maps.google.com/maps?q=39.68515277777777,-104.90303055555556", "OSMaps": "https://www.openstreetmap.org/query?lat=39.68515277777777&lon=-104.90303055555556" }, "geometry": { "type": "Point", "coordinates": [ -104.90303055555556, 39.685152777777773 ] } },
{ "type": "Feature", "properties": { "URL": "https://github.com/rcfdtools/R.GISMobile/tree/main/file/gis/POI/29/IMG_0848.JPEG", "Altitude": 1651.4073359073359, "GoogleMaps": "http://maps.google.com/maps?q=39.68515277777777,-104.90303055555556", "OSMaps": "https://www.openstreetmap.org/query?lat=39.68515277777777&lon=-104.90303055555556" }, "geometry": { "type": "Point", "coordinates": [ -104.90303055555556, 39.685152777777773 ] } },
{ "type": "Feature", "properties": { "URL": "https://github.com/rcfdtools/R.GISMobile/tree/main/file/gis/POI/29/IMG_0849.JPEG", "Altitude": 1651.4149043303121, "GoogleMaps": "http://maps.google.com/maps?q=39.68515,-104.90303055555556", "OSMaps": "https://www.openstreetmap.org/query?lat=39.68515&lon=-104.90303055555556" }, "geometry": { "type": "Point", "coordinates": [ -104.90303055555556, 39.68515 ] } },
{ "type": "Feature", "properties": { "URL": "https://github.com/rcfdtools/R.GISMobile/tree/main/file/gis/POI/29/IMG_0851.JPEG", "Altitude": 1650.063829787234, "GoogleMaps": "http://maps.google.com/maps?q=39.685136111111106,-104.90302222222223", "OSMaps": "https://www.openstreetmap.org/query?lat=39.685136111111106&lon=-104.90302222222223" }, "geometry": { "type": "Point", "coordinates": [ -104.903022222222233, 39.685136111111113 ] } },
{ "type": "Feature", "properties": { "URL": "https://github.com/rcfdtools/R.GISMobile/tree/main/file/gis/POI/29/IMG_0852.JPEG", "Altitude": 1650.0333115610713, "GoogleMaps": "http://maps.google.com/maps?q=39.685136111111106,-104.90302222222223", "OSMaps": "https://www.openstreetmap.org/query?lat=39.685136111111106&lon=-104.90302222222223" }, "geometry": { "type": "Point", "coordinates": [ -104.903022222222233, 39.685136111111113 ] } },
{ "type": "Feature", "properties": { "URL": "https://github.com/rcfdtools/R.GISMobile/tree/main/file/gis/POI/29/IMG_0853.JPEG", "Altitude": 1650.1929797433122, "GoogleMaps": "http://maps.google.com/maps?q=39.685136111111106,-104.90302222222223", "OSMaps": "https://www.openstreetmap.org/query?lat=39.685136111111106&lon=-104.90302222222223" }, "geometry": { "type": "Point", "coordinates": [ -104.903022222222233, 39.685136111111113 ] } },
{ "type": "Feature", "properties": { "URL": "https://github.com/rcfdtools/R.GISMobile/tree/main/file/gis/POI/29/IMG_0854.JPEG", "Altitude": 1649.8919540229886, "GoogleMaps": "http://maps.google.com/maps?q=39.685136111111106,-104.90302222222223", "OSMaps": "https://www.openstreetmap.org/query?lat=39.685136111111106&lon=-104.90302222222223" }, "geometry": { "type": "Point", "coordinates": [ -104.903022222222233, 39.685136111111113 ] } },
{ "type": "Feature", "properties": { "URL": "https://github.com/rcfdtools/R.GISMobile/tree/main/file/gis/POI/29/IMG_0855.JPEG", "Altitude": 1649.908067542214, "GoogleMaps": "http://maps.google.com/maps?q=39.685136111111106,-104.90302222222223", "OSMaps": "https://www.openstreetmap.org/query?lat=39.685136111111106&lon=-104.90302222222223" }, "geometry": { "type": "Point", "coordinates": [ -104.903022222222233, 39.685136111111113 ] } },
{ "type": "Feature", "properties": { "URL": "https://github.com/rcfdtools/R.GISMobile/tree/main/file/gis/POI/3/PXL_20230503_155938980.jpg", "Altitude": 3495.81, "GoogleMaps": "http://maps.google.com/maps?q=4.634430555555555,-73.72469722222222", "OSMaps": "https://www.openstreetmap.org/query?lat=4.634430555555555&lon=-73.72469722222222" }, "geometry": { "type": "Point", "coordinates": [ -73.724697222222218, 4.634430555555555 ] } },
{ "type": "Feature", "properties": { "URL": "https://github.com/rcfdtools/R.GISMobile/tree/main/file/gis/POI/3/PXL_20230503_160044311.jpg", "Altitude": 3051.38, "GoogleMaps": "http://maps.google.com/maps?q=4.634402777777777,-73.72457222222222", "OSMaps": "https://www.openstreetmap.org/query?lat=4.634402777777777&lon=-73.72457222222222" }, "geometry": { "type": "Point", "coordinates": [ -73.724572222222221, 4.634402777777777 ] } },
{ "type": "Feature", "properties": { "URL": "https://github.com/rcfdtools/R.GISMobile/tree/main/file/gis/POI/3/PXL_20230503_160207984.jpg", "Altitude": 3051.38, "GoogleMaps": "http://maps.google.com/maps?q=4.634402777777777,-73.72457222222222", "OSMaps": "https://www.openstreetmap.org/query?lat=4.634402777777777&lon=-73.72457222222222" }, "geometry": { "type": "Point", "coordinates": [ -73.724572222222221, 4.634402777777777 ] } },
{ "type": "Feature", "properties": { "URL": "https://github.com/rcfdtools/R.GISMobile/tree/main/file/gis/POI/3/PXL_20230503_160215078.jpg", "Altitude": 3051.38, "GoogleMaps": "http://maps.google.com/maps?q=4.634402777777777,-73.72457222222222", "OSMaps": "https://www.openstreetmap.org/query?lat=4.634402777777777&lon=-73.72457222222222" }, "geometry": { "type": "Point", "coordinates": [ -73.724572222222221, 4.634402777777777 ] } },
{ "type": "Feature", "properties": { "URL": "https://github.com/rcfdtools/R.GISMobile/tree/main/file/gis/POI/3/PXL_20230503_160224723.jpg", "Altitude": 3051.38, "GoogleMaps": "http://maps.google.com/maps?q=4.634402777777777,-73.72457222222222", "OSMaps": "https://www.openstreetmap.org/query?lat=4.634402777777777&lon=-73.72457222222222" }, "geometry": { "type": "Point", "coordinates": [ -73.724572222222221, 4.634402777777777 ] } },
{ "type": "Feature", "properties": { "URL": "https://github.com/rcfdtools/R.GISMobile/tree/main/file/gis/POI/3/PXL_20230503_160239329.jpg", "Altitude": 3051.38, "GoogleMaps": "http://maps.google.com/maps?q=4.634402777777777,-73.72457222222222", "OSMaps": "https://www.openstreetmap.org/query?lat=4.634402777777777&lon=-73.72457222222222" }, "geometry": { "type": "Point", "coordinates": [ -73.724572222222221, 4.634402777777777 ] } },
{ "type": "Feature", "properties": { "URL": "https://github.com/rcfdtools/R.GISMobile/tree/main/file/gis/POI/3/PXL_20230503_160247835.jpg", "Altitude": 3051.38, "GoogleMaps": "http://maps.google.com/maps?q=4.634402777777777,-73.72457222222222", "OSMaps": "https://www.openstreetmap.org/query?lat=4.634402777777777&lon=-73.72457222222222" }, "geometry": { "type": "Point", "coordinates": [ -73.724572222222221, 4.634402777777777 ] } },
{ "type": "Feature", "properties": { "URL": "https://github.com/rcfdtools/R.GISMobile/tree/main/file/gis/POI/3/PXL_20230503_160321527.jpg", "Altitude": 3052.68, "GoogleMaps": "http://maps.google.com/maps?q=4.634369444444444,-73.72456944444444", "OSMaps": "https://www.openstreetmap.org/query?lat=4.634369444444444&lon=-73.72456944444444" }, "geometry": { "type": "Point", "coordinates": [ -73.724569444444441, 4.634369444444444 ] } },
{ "type": "Feature", "properties": { "URL": "https://github.com/rcfdtools/R.GISMobile/tree/main/file/gis/POI/3/PXL_20230503_214412455.jpg", "Altitude": 3474.67, "GoogleMaps": "http://maps.google.com/maps?q=4.634694444444444,-73.72484722222222", "OSMaps": "https://www.openstreetmap.org/query?lat=4.634694444444444&lon=-73.72484722222222" }, "geometry": { "type": "Point", "coordinates": [ -73.724847222222223, 4.634694444444444 ] } },
{ "type": "Feature", "properties": { "URL": "https://github.com/rcfdtools/R.GISMobile/tree/main/file/gis/POI/3/PXL_20230503_214416501.jpg", "Altitude": 3474.67, "GoogleMaps": "http://maps.google.com/maps?q=4.634694444444444,-73.72484722222222", "OSMaps": "https://www.openstreetmap.org/query?lat=4.634694444444444&lon=-73.72484722222222" }, "geometry": { "type": "Point", "coordinates": [ -73.724847222222223, 4.634694444444444 ] } },
{ "type": "Feature", "properties": { "URL": "https://github.com/rcfdtools/R.GISMobile/tree/main/file/gis/POI/3/PXL_20230503_214439657.jpg", "Altitude": 3474.67, "GoogleMaps": "http://maps.google.com/maps?q=4.634694444444444,-73.72484722222222", "OSMaps": "https://www.openstreetmap.org/query?lat=4.634694444444444&lon=-73.72484722222222" }, "geometry": { "type": "Point", "coordinates": [ -73.724847222222223, 4.634694444444444 ] } },
{ "type": "Feature", "properties": { "URL": "https://github.com/rcfdtools/R.GISMobile/tree/main/file/gis/POI/3/PXL_20230503_214442343.jpg", "Altitude": 3474.67, "GoogleMaps": "http://maps.google.com/maps?q=4.634694444444444,-73.72484722222222", "OSMaps": "https://www.openstreetmap.org/query?lat=4.634694444444444&lon=-73.72484722222222" }, "geometry": { "type": "Point", "coordinates": [ -73.724847222222223, 4.634694444444444 ] } },
{ "type": "Feature", "properties": { "URL": "https://github.com/rcfdtools/R.GISMobile/tree/main/file/gis/POI/30/20201010_065709.jpg", "Altitude": 3270.571, "GoogleMaps": "http://maps.google.com/maps?q=5.0419052777777775,-74.02458202777778", "OSMaps": "https://www.openstreetmap.org/query?lat=5.0419052777777775&lon=-74.02458202777778" }, "geometry": { "type": "Point", "coordinates": [ -74.024582027777782, 5.041905277777778 ] } },
{ "type": "Feature", "properties": { "URL": "https://github.com/rcfdtools/R.GISMobile/tree/main/file/gis/POI/30/20201010_065711.jpg", "Altitude": 3270.571, "GoogleMaps": "http://maps.google.com/maps?q=5.0419052777777775,-74.02458202777778", "OSMaps": "https://www.openstreetmap.org/query?lat=5.0419052777777775&lon=-74.02458202777778" }, "geometry": { "type": "Point", "coordinates": [ -74.024582027777782, 5.041905277777778 ] } },
{ "type": "Feature", "properties": { "URL": "https://github.com/rcfdtools/R.GISMobile/tree/main/file/gis/POI/30/20201010_065715.jpg", "Altitude": 3270.571, "GoogleMaps": "http://maps.google.com/maps?q=5.0419052777777775,-74.02458202777778", "OSMaps": "https://www.openstreetmap.org/query?lat=5.0419052777777775&lon=-74.02458202777778" }, "geometry": { "type": "Point", "coordinates": [ -74.024582027777782, 5.041905277777778 ] } },
{ "type": "Feature", "properties": { "URL": "https://github.com/rcfdtools/R.GISMobile/tree/main/file/gis/POI/31/IMG_2307.JPG", "Altitude": 2902.3476394849786, "GoogleMaps": "http://maps.google.com/maps?q=5.042255555555555,-74.11806388888888", "OSMaps": "https://www.openstreetmap.org/query?lat=5.042255555555555&lon=-74.11806388888888" }, "geometry": { "type": "Point", "coordinates": [ -74.118063888888884, 5.042255555555555 ] } },
{ "type": "Feature", "properties": { "URL": "https://github.com/rcfdtools/R.GISMobile/tree/main/file/gis/POI/31/IMG_2308.JPG", "Altitude": 3154.477519379845, "GoogleMaps": "http://maps.google.com/maps?q=5.0422666666666665,-74.11803333333333", "OSMaps": "https://www.openstreetmap.org/query?lat=5.0422666666666665&lon=-74.11803333333333" }, "geometry": { "type": "Point", "coordinates": [ -74.118033333333329, 5.042266666666666 ] } },
{ "type": "Feature", "properties": { "URL": "https://github.com/rcfdtools/R.GISMobile/tree/main/file/gis/POI/31/IMG_2309.JPG", "Altitude": 3155.7400990099009, "GoogleMaps": "http://maps.google.com/maps?q=5.042258333333333,-74.11803333333333", "OSMaps": "https://www.openstreetmap.org/query?lat=5.042258333333333&lon=-74.11803333333333" }, "geometry": { "type": "Point", "coordinates": [ -74.118033333333329, 5.042258333333333 ] } },
{ "type": "Feature", "properties": { "URL": "https://github.com/rcfdtools/R.GISMobile/tree/main/file/gis/POI/31/IMG_2310.JPG", "Altitude": 3154.2574568288856, "GoogleMaps": "http://maps.google.com/maps?q=5.042258333333333,-74.11804166666666", "OSMaps": "https://www.openstreetmap.org/query?lat=5.042258333333333&lon=-74.11804166666666" }, "geometry": { "type": "Point", "coordinates": [ -74.118041666666656, 5.042258333333333 ] } },
{ "type": "Feature", "properties": { "URL": "https://github.com/rcfdtools/R.GISMobile/tree/main/file/gis/POI/31/IMG_2311.JPG", "Altitude": 3155.371052631579, "GoogleMaps": "http://maps.google.com/maps?q=5.042263888888889,-74.11803333333333", "OSMaps": "https://www.openstreetmap.org/query?lat=5.042263888888889&lon=-74.11803333333333" }, "geometry": { "type": "Point", "coordinates": [ -74.118033333333329, 5.042263888888889 ] } },
{ "type": "Feature", "properties": { "URL": "https://github.com/rcfdtools/R.GISMobile/tree/main/file/gis/POI/31/IMG_2312.JPG", "Altitude": 3155.6251097453905, "GoogleMaps": "http://maps.google.com/maps?q=5.042263888888889,-74.11803333333333", "OSMaps": "https://www.openstreetmap.org/query?lat=5.042263888888889&lon=-74.11803333333333" }, "geometry": { "type": "Point", "coordinates": [ -74.118033333333329, 5.042263888888889 ] } },
{ "type": "Feature", "properties": { "URL": "https://github.com/rcfdtools/R.GISMobile/tree/main/file/gis/POI/31/IMG_2313.JPG", "Altitude": 3155.9717314487634, "GoogleMaps": "http://maps.google.com/maps?q=5.042261111111111,-74.11804166666666", "OSMaps": "https://www.openstreetmap.org/query?lat=5.042261111111111&lon=-74.11804166666666" }, "geometry": { "type": "Point", "coordinates": [ -74.118041666666656, 5.042261111111111 ] } },
{ "type": "Feature", "properties": { "URL": "https://github.com/rcfdtools/R.GISMobile/tree/main/file/gis/POI/31/IMG_2314.JPG", "Altitude": 3155.8731117824773, "GoogleMaps": "http://maps.google.com/maps?q=5.042263888888889,-74.11805", "OSMaps": "https://www.openstreetmap.org/query?lat=5.042263888888889&lon=-74.11805" }, "geometry": { "type": "Point", "coordinates": [ -74.11805, 5.042263888888889 ] } },
{ "type": "Feature", "properties": { "URL": "https://github.com/rcfdtools/R.GISMobile/tree/main/file/gis/POI/31/IMG_2315.JPG", "Altitude": 3155.4009216589861, "GoogleMaps": "http://maps.google.com/maps?q=5.042261111111111,-74.11805", "OSMaps": "https://www.openstreetmap.org/query?lat=5.042261111111111&lon=-74.11805" }, "geometry": { "type": "Point", "coordinates": [ -74.11805, 5.042261111111111 ] } },
{ "type": "Feature", "properties": { "URL": "https://github.com/rcfdtools/R.GISMobile/tree/main/file/gis/POI/31/IMG_2318.JPG", "Altitude": 2942.7647120091656, "GoogleMaps": "http://maps.google.com/maps?q=5.041547222222222,-74.1181861111111", "OSMaps": "https://www.openstreetmap.org/query?lat=5.041547222222222&lon=-74.1181861111111" }, "geometry": { "type": "Point", "coordinates": [ -74.1181861111111, 5.041547222222222 ] } },
{ "type": "Feature", "properties": { "URL": "https://github.com/rcfdtools/R.GISMobile/tree/main/file/gis/POI/31/IMG_2319.JPG", "Altitude": 3137.7647754137115, "GoogleMaps": "http://maps.google.com/maps?q=5.0415777777777775,-74.11818055555555", "OSMaps": "https://www.openstreetmap.org/query?lat=5.0415777777777775&lon=-74.11818055555555" }, "geometry": { "type": "Point", "coordinates": [ -74.118180555555554, 5.041577777777777 ] } },
{ "type": "Feature", "properties": { "URL": "https://github.com/rcfdtools/R.GISMobile/tree/main/file/gis/POI/31/IMG_2320.JPG", "Altitude": 3141.689243027889, "GoogleMaps": "http://maps.google.com/maps?q=5.041558333333334,-74.11818055555555", "OSMaps": "https://www.openstreetmap.org/query?lat=5.041558333333334&lon=-74.11818055555555" }, "geometry": { "type": "Point", "coordinates": [ -74.118180555555554, 5.041558333333334 ] } },
{ "type": "Feature", "properties": { "URL": "https://github.com/rcfdtools/R.GISMobile/tree/main/file/gis/POI/31/IMG_2321.JPG", "Altitude": 3136.137214137214, "GoogleMaps": "http://maps.google.com/maps?q=5.041597222222222,-74.11847777777777", "OSMaps": "https://www.openstreetmap.org/query?lat=5.041597222222222&lon=-74.11847777777777" }, "geometry": { "type": "Point", "coordinates": [ -74.11847777777777, 5.041597222222222 ] } },
{ "type": "Feature", "properties": { "URL": "https://github.com/rcfdtools/R.GISMobile/tree/main/file/gis/POI/31/IMG_2322.JPG", "Altitude": 3144.5187376725839, "GoogleMaps": "http://maps.google.com/maps?q=5.041572222222222,-74.1185", "OSMaps": "https://www.openstreetmap.org/query?lat=5.041572222222222&lon=-74.1185" }, "geometry": { "type": "Point", "coordinates": [ -74.1185, 5.041572222222222 ] } },
{ "type": "Feature", "properties": { "URL": "https://github.com/rcfdtools/R.GISMobile/tree/main/file/gis/POI/31/IMG_2323.JPG", "Altitude": 3141.4767358625627, "GoogleMaps": "http://maps.google.com/maps?q=5.041563888888889,-74.11847777777777", "OSMaps": "https://www.openstreetmap.org/query?lat=5.041563888888889&lon=-74.11847777777777" }, "geometry": { "type": "Point", "coordinates": [ -74.11847777777777, 5.041563888888889 ] } },
{ "type": "Feature", "properties": { "URL": "https://github.com/rcfdtools/R.GISMobile/tree/main/file/gis/POI/31/IMG_2324.JPG", "Altitude": 3142.1560913705584, "GoogleMaps": "http://maps.google.com/maps?q=5.041566666666666,-74.11847777777777", "OSMaps": "https://www.openstreetmap.org/query?lat=5.041566666666666&lon=-74.11847777777777" }, "geometry": { "type": "Point", "coordinates": [ -74.11847777777777, 5.041566666666666 ] } },
{ "type": "Feature", "properties": { "URL": "https://github.com/rcfdtools/R.GISMobile/tree/main/file/gis/POI/31/IMG_2325.JPG", "Altitude": 2783.336141533277, "GoogleMaps": "http://maps.google.com/maps?q=5.042136111111111,-74.11699722222221", "OSMaps": "https://www.openstreetmap.org/query?lat=5.042136111111111&lon=-74.11699722222221" }, "geometry": { "type": "Point", "coordinates": [ -74.11699722222221, 5.042136111111111 ] } },
{ "type": "Feature", "properties": { "URL": "https://github.com/rcfdtools/R.GISMobile/tree/main/file/gis/POI/31/IMG_2326.JPG", "Altitude": 2801.0400390625, "GoogleMaps": "http://maps.google.com/maps?q=5.042133333333333,-74.11699722222221", "OSMaps": "https://www.openstreetmap.org/query?lat=5.042133333333333&lon=-74.11699722222221" }, "geometry": { "type": "Point", "coordinates": [ -74.11699722222221, 5.042133333333333 ] } },
{ "type": "Feature", "properties": { "URL": "https://github.com/rcfdtools/R.GISMobile/tree/main/file/gis/POI/31/IMG_2327.JPG", "Altitude": 3156.5293005671078, "GoogleMaps": "http://maps.google.com/maps?q=5.042344444444445,-74.11821666666665", "OSMaps": "https://www.openstreetmap.org/query?lat=5.042344444444445&lon=-74.11821666666665" }, "geometry": { "type": "Point", "coordinates": [ -74.118216666666655, 5.042344444444445 ] } },
{ "type": "Feature", "properties": { "URL": "https://github.com/rcfdtools/R.GISMobile/tree/main/file/gis/POI/34/IMG_0483.jpg", "Altitude": 1932.4889240506329, "GoogleMaps": "http://maps.google.com/maps?q=38.8717,-104.88516944444446", "OSMaps": "https://www.openstreetmap.org/query?lat=38.8717&lon=-104.88516944444446" }, "geometry": { "type": "Point", "coordinates": [ -104.885169444444458, 38.8717 ] } },
{ "type": "Feature", "properties": { "URL": "https://github.com/rcfdtools/R.GISMobile/tree/main/file/gis/POI/34/IMG_0484.jpg", "Altitude": 1968.4862411347519, "GoogleMaps": "http://maps.google.com/maps?q=38.87549166666667,-104.88235555555555", "OSMaps": "https://www.openstreetmap.org/query?lat=38.87549166666667&lon=-104.88235555555555" }, "geometry": { "type": "Point", "coordinates": [ -104.882355555555563, 38.875491666666669 ] } },
{ "type": "Feature", "properties": { "URL": "https://github.com/rcfdtools/R.GISMobile/tree/main/file/gis/POI/34/IMG_0485.jpg", "Altitude": 1965.9515706806285, "GoogleMaps": "http://maps.google.com/maps?q=38.87580833333333,-104.88227777777777", "OSMaps": "https://www.openstreetmap.org/query?lat=38.87580833333333&lon=-104.88227777777777" }, "geometry": { "type": "Point", "coordinates": [ -104.882277777777759, 38.875808333333332 ] } },
{ "type": "Feature", "properties": { "URL": "https://github.com/rcfdtools/R.GISMobile/tree/main/file/gis/POI/34/IMG_0486.jpg", "Altitude": 1976.4086021505375, "GoogleMaps": "http://maps.google.com/maps?q=38.87595833333334,-104.88194999999999", "OSMaps": "https://www.openstreetmap.org/query?lat=38.87595833333334&lon=-104.88194999999999" }, "geometry": { "type": "Point", "coordinates": [ -104.88195, 38.875958333333337 ] } },
{ "type": "Feature", "properties": { "URL": "https://github.com/rcfdtools/R.GISMobile/tree/main/file/gis/POI/34/IMG_0487.jpg", "Altitude": 1972.54800590842, "GoogleMaps": "http://maps.google.com/maps?q=38.87591111111111,-104.88194166666666", "OSMaps": "https://www.openstreetmap.org/query?lat=38.87591111111111&lon=-104.88194166666666" }, "geometry": { "type": "Point", "coordinates": [ -104.881941666666663, 38.875911111111108 ] } },
{ "type": "Feature", "properties": { "URL": "https://github.com/rcfdtools/R.GISMobile/tree/main/file/gis/POI/34/IMG_0488.jpg", "Altitude": 1971.8668555240797, "GoogleMaps": "http://maps.google.com/maps?q=38.876,-104.88135555555554", "OSMaps": "https://www.openstreetmap.org/query?lat=38.876&lon=-104.88135555555554" }, "geometry": { "type": "Point", "coordinates": [ -104.881355555555544, 38.876 ] } },
{ "type": "Feature", "properties": { "URL": "https://github.com/rcfdtools/R.GISMobile/tree/main/file/gis/POI/34/IMG_0489.jpg", "Altitude": 1971.1441969519344, "GoogleMaps": "http://maps.google.com/maps?q=38.876041666666666,-104.88125555555555", "OSMaps": "https://www.openstreetmap.org/query?lat=38.876041666666666&lon=-104.88125555555555" }, "geometry": { "type": "Point", "coordinates": [ -104.881255555555555, 38.876041666666666 ] } },
{ "type": "Feature", "properties": { "URL": "https://github.com/rcfdtools/R.GISMobile/tree/main/file/gis/POI/34/IMG_0490.jpg", "Altitude": 1971.7560137457044, "GoogleMaps": "http://maps.google.com/maps?q=38.87603888888889,-104.88123333333333", "OSMaps": "https://www.openstreetmap.org/query?lat=38.87603888888889&lon=-104.88123333333333" }, "geometry": { "type": "Point", "coordinates": [ -104.881233333333327, 38.876038888888893 ] } },
{ "type": "Feature", "properties": { "URL": "https://github.com/rcfdtools/R.GISMobile/tree/main/file/gis/POI/34/IMG_0491.jpg", "Altitude": 1980.8016701461379, "GoogleMaps": "http://maps.google.com/maps?q=38.87571666666667,-104.88070555555555", "OSMaps": "https://www.openstreetmap.org/query?lat=38.87571666666667&lon=-104.88070555555555" }, "geometry": { "type": "Point", "coordinates": [ -104.880705555555565, 38.875716666666669 ] } },
{ "type": "Feature", "properties": { "URL": "https://github.com/rcfdtools/R.GISMobile/tree/main/file/gis/POI/34/IMG_0492.jpg", "Altitude": 1980.7731034482761, "GoogleMaps": "http://maps.google.com/maps?q=38.87572222222222,-104.88070555555555", "OSMaps": "https://www.openstreetmap.org/query?lat=38.87572222222222&lon=-104.88070555555555" }, "geometry": { "type": "Point", "coordinates": [ -104.880705555555565, 38.875722222222223 ] } },
{ "type": "Feature", "properties": { "URL": "https://github.com/rcfdtools/R.GISMobile/tree/main/file/gis/POI/34/IMG_0493.jpg", "Altitude": 1971.596590909091, "GoogleMaps": "http://maps.google.com/maps?q=38.87569444444444,-104.880775", "OSMaps": "https://www.openstreetmap.org/query?lat=38.87569444444444&lon=-104.880775" }, "geometry": { "type": "Point", "coordinates": [ -104.880775, 38.875694444444441 ] } },
{ "type": "Feature", "properties": { "URL": "https://github.com/rcfdtools/R.GISMobile/tree/main/file/gis/POI/34/IMG_0494.jpg", "Altitude": 1972.5892648774795, "GoogleMaps": "http://maps.google.com/maps?q=38.87574722222222,-104.88083611111111", "OSMaps": "https://www.openstreetmap.org/query?lat=38.87574722222222&lon=-104.88083611111111" }, "geometry": { "type": "Point", "coordinates": [ -104.880836111111122, 38.875747222222223 ] } },
{ "type": "Feature", "properties": { "URL": "https://github.com/rcfdtools/R.GISMobile/tree/main/file/gis/POI/34/IMG_0495.jpg", "Altitude": 1971.2623626373629, "GoogleMaps": "http://maps.google.com/maps?q=38.87597777777778,-104.88108055555554", "OSMaps": "https://www.openstreetmap.org/query?lat=38.87597777777778&lon=-104.88108055555554" }, "geometry": { "type": "Point", "coordinates": [ -104.881080555555542, 38.875977777777777 ] } },
{ "type": "Feature", "properties": { "URL": "https://github.com/rcfdtools/R.GISMobile/tree/main/file/gis/POI/34/IMG_0496.jpg", "Altitude": 1971.0284757118927, "GoogleMaps": "http://maps.google.com/maps?q=38.87597777777778,-104.88108888888888", "OSMaps": "https://www.openstreetmap.org/query?lat=38.87597777777778&lon=-104.88108888888888" }, "geometry": { "type": "Point", "coordinates": [ -104.881088888888883, 38.875977777777777 ] } },
{ "type": "Feature", "properties": { "URL": "https://github.com/rcfdtools/R.GISMobile/tree/main/file/gis/POI/34/IMG_0497.jpg", "Altitude": 1972.495271867612, "GoogleMaps": "http://maps.google.com/maps?q=38.87605277777778,-104.88117222222222", "OSMaps": "https://www.openstreetmap.org/query?lat=38.87605277777778&lon=-104.88117222222222" }, "geometry": { "type": "Point", "coordinates": [ -104.881172222222219, 38.87605277777778 ] } },
{ "type": "Feature", "properties": { "URL": "https://github.com/rcfdtools/R.GISMobile/tree/main/file/gis/POI/34/IMG_0498.jpg", "Altitude": 1974.4123244222928, "GoogleMaps": "http://maps.google.com/maps?q=38.87609444444445,-104.8812111111111", "OSMaps": "https://www.openstreetmap.org/query?lat=38.87609444444445&lon=-104.8812111111111" }, "geometry": { "type": "Point", "coordinates": [ -104.881211111111099, 38.876094444444448 ] } },
{ "type": "Feature", "properties": { "URL": "https://github.com/rcfdtools/R.GISMobile/tree/main/file/gis/POI/34/IMG_0499.jpg", "Altitude": 1974.1736745886651, "GoogleMaps": "http://maps.google.com/maps?q=38.87611666666667,-104.88123333333333", "OSMaps": "https://www.openstreetmap.org/query?lat=38.87611666666667&lon=-104.88123333333333" }, "geometry": { "type": "Point", "coordinates": [ -104.881233333333327, 38.876116666666668 ] } },
{ "type": "Feature", "properties": { "URL": "https://github.com/rcfdtools/R.GISMobile/tree/main/file/gis/POI/34/IMG_0500.jpg", "Altitude": 1972.8338136407301, "GoogleMaps": "http://maps.google.com/maps?q=38.876475,-104.88127777777777", "OSMaps": "https://www.openstreetmap.org/query?lat=38.876475&lon=-104.88127777777777" }, "geometry": { "type": "Point", "coordinates": [ -104.881277777777754, 38.876475 ] } },
{ "type": "Feature", "properties": { "URL": "https://github.com/rcfdtools/R.GISMobile/tree/main/file/gis/POI/34/IMG_0501.jpg", "Altitude": 1972.9088471849864, "GoogleMaps": "http://maps.google.com/maps?q=38.87591666666667,-104.88130833333332", "OSMaps": "https://www.openstreetmap.org/query?lat=38.87591666666667&lon=-104.88130833333332" }, "geometry": { "type": "Point", "coordinates": [ -104.881308333333322, 38.875916666666669 ] } },
{ "type": "Feature", "properties": { "URL": "https://github.com/rcfdtools/R.GISMobile/tree/main/file/gis/POI/34/IMG_0502.jpg", "Altitude": 1986.0802325581401, "GoogleMaps": "http://maps.google.com/maps?q=38.8759,-104.88146944444443", "OSMaps": "https://www.openstreetmap.org/query?lat=38.8759&lon=-104.88146944444443" }, "geometry": { "type": "Point", "coordinates": [ -104.881469444444434, 38.8759 ] } },
{ "type": "Feature", "properties": { "URL": "https://github.com/rcfdtools/R.GISMobile/tree/main/file/gis/POI/34/IMG_0503.jpg", "Altitude": 1953.5592356687896, "GoogleMaps": "http://maps.google.com/maps?q=38.87014722222222,-104.87837222222221", "OSMaps": "https://www.openstreetmap.org/query?lat=38.87014722222222&lon=-104.87837222222221" }, "geometry": { "type": "Point", "coordinates": [ -104.878372222222197, 38.870147222222222 ] } },
{ "type": "Feature", "properties": { "URL": "https://github.com/rcfdtools/R.GISMobile/tree/main/file/gis/POI/34/IMG_0504.jpg", "Altitude": 1953.125398512221, "GoogleMaps": "http://maps.google.com/maps?q=38.87014722222222,-104.8783861111111", "OSMaps": "https://www.openstreetmap.org/query?lat=38.87014722222222&lon=-104.8783861111111" }, "geometry": { "type": "Point", "coordinates": [ -104.878386111111098, 38.870147222222222 ] } },
{ "type": "Feature", "properties": { "URL": "https://github.com/rcfdtools/R.GISMobile/tree/main/file/gis/POI/34/IMG_0505.jpg", "Altitude": 1973.897615708275, "GoogleMaps": "http://maps.google.com/maps?q=38.881547222222224,-104.88037777777777", "OSMaps": "https://www.openstreetmap.org/query?lat=38.881547222222224&lon=-104.88037777777777" }, "geometry": { "type": "Point", "coordinates": [ -104.880377777777767, 38.881547222222224 ] } },
{ "type": "Feature", "properties": { "URL": "https://github.com/rcfdtools/R.GISMobile/tree/main/file/gis/POI/34/IMG_0506.jpg", "Altitude": 1975.7193932827736, "GoogleMaps": "http://maps.google.com/maps?q=38.88157777777778,-104.88065277777777", "OSMaps": "https://www.openstreetmap.org/query?lat=38.88157777777778&lon=-104.88065277777777" }, "geometry": { "type": "Point", "coordinates": [ -104.880652777777755, 38.881577777777778 ] } },
{ "type": "Feature", "properties": { "URL": "https://github.com/rcfdtools/R.GISMobile/tree/main/file/gis/POI/34/IMG_0507.jpg", "Altitude": 1975.1837488457984, "GoogleMaps": "http://maps.google.com/maps?q=38.88157777777778,-104.88066944444444", "OSMaps": "https://www.openstreetmap.org/query?lat=38.88157777777778&lon=-104.88066944444444" }, "geometry": { "type": "Point", "coordinates": [ -104.880669444444436, 38.881577777777778 ] } },
{ "type": "Feature", "properties": { "URL": "https://github.com/rcfdtools/R.GISMobile/tree/main/file/gis/POI/34/IMG_0508.jpg", "Altitude": 1980.6384323640959, "GoogleMaps": "http://maps.google.com/maps?q=38.88165277777778,-104.88122499999999", "OSMaps": "https://www.openstreetmap.org/query?lat=38.88165277777778&lon=-104.88122499999999" }, "geometry": { "type": "Point", "coordinates": [ -104.881225, 38.881652777777781 ] } },
{ "type": "Feature", "properties": { "URL": "https://github.com/rcfdtools/R.GISMobile/tree/main/file/gis/POI/34/IMG_0509.jpg", "Altitude": 1972.6759358288771, "GoogleMaps": "http://maps.google.com/maps?q=38.87962777777778,-104.88316388888889", "OSMaps": "https://www.openstreetmap.org/query?lat=38.87962777777778&lon=-104.88316388888889" }, "geometry": { "type": "Point", "coordinates": [ -104.883163888888873, 38.879627777777777 ] } },
{ "type": "Feature", "properties": { "URL": "https://github.com/rcfdtools/R.GISMobile/tree/main/file/gis/POI/34/IMG_0510.jpg", "Altitude": 1971.3270588235291, "GoogleMaps": "http://maps.google.com/maps?q=38.87971388888889,-104.88299444444444", "OSMaps": "https://www.openstreetmap.org/query?lat=38.87971388888889&lon=-104.88299444444444" }, "geometry": { "type": "Point", "coordinates": [ -104.882994444444435, 38.879713888888887 ] } },
{ "type": "Feature", "properties": { "URL": "https://github.com/rcfdtools/R.GISMobile/tree/main/file/gis/POI/34/IMG_0511.jpg", "Altitude": 1974.8873626373629, "GoogleMaps": "http://maps.google.com/maps?q=38.87972777777778,-104.88254444444443", "OSMaps": "https://www.openstreetmap.org/query?lat=38.87972777777778&lon=-104.88254444444443" }, "geometry": { "type": "Point", "coordinates": [ -104.882544444444434, 38.879727777777781 ] } },
{ "type": "Feature", "properties": { "URL": "https://github.com/rcfdtools/R.GISMobile/tree/main/file/gis/POI/34/IMG_0512.jpg", "Altitude": 1976.8922448979592, "GoogleMaps": "http://maps.google.com/maps?q=38.879580555555556,-104.8819361111111", "OSMaps": "https://www.openstreetmap.org/query?lat=38.879580555555556&lon=-104.8819361111111" }, "geometry": { "type": "Point", "coordinates": [ -104.881936111111102, 38.879580555555563 ] } },
{ "type": "Feature", "properties": { "URL": "https://github.com/rcfdtools/R.GISMobile/tree/main/file/gis/POI/34/IMG_0513.jpg", "Altitude": 1969.3644123440577, "GoogleMaps": "http://maps.google.com/maps?q=38.879525,-104.88196666666666", "OSMaps": "https://www.openstreetmap.org/query?lat=38.879525&lon=-104.88196666666666" }, "geometry": { "type": "Point", "coordinates": [ -104.881966666666656, 38.879525 ] } },
{ "type": "Feature", "properties": { "URL": "https://github.com/rcfdtools/R.GISMobile/tree/main/file/gis/POI/34/IMG_0514.jpg", "Altitude": 1967.5572815533981, "GoogleMaps": "http://maps.google.com/maps?q=38.87945277777778,-104.88184444444444", "OSMaps": "https://www.openstreetmap.org/query?lat=38.87945277777778&lon=-104.88184444444444" }, "geometry": { "type": "Point", "coordinates": [ -104.88184444444444, 38.879452777777779 ] } },
{ "type": "Feature", "properties": { "URL": "https://github.com/rcfdtools/R.GISMobile/tree/main/file/gis/POI/34/IMG_0515.jpg", "Altitude": 1968.3067961165048, "GoogleMaps": "http://maps.google.com/maps?q=38.879444444444445,-104.88181944444443", "OSMaps": "https://www.openstreetmap.org/query?lat=38.879444444444445&lon=-104.88181944444443" }, "geometry": { "type": "Point", "coordinates": [ -104.881819444444446, 38.879444444444445 ] } },
{ "type": "Feature", "properties": { "URL": "https://github.com/rcfdtools/R.GISMobile/tree/main/file/gis/POI/34/IMG_0516.jpg", "Altitude": 1967.6417556346385, "GoogleMaps": "http://maps.google.com/maps?q=38.879397222222224,-104.88181388888889", "OSMaps": "https://www.openstreetmap.org/query?lat=38.879397222222224&lon=-104.88181388888889" }, "geometry": { "type": "Point", "coordinates": [ -104.881813888888885, 38.879397222222224 ] } },
{ "type": "Feature", "properties": { "URL": "https://github.com/rcfdtools/R.GISMobile/tree/main/file/gis/POI/34/IMG_0517.jpg", "Altitude": 1966.0742459396752, "GoogleMaps": "http://maps.google.com/maps?q=38.879416666666664,-104.88180555555554", "OSMaps": "https://www.openstreetmap.org/query?lat=38.879416666666664&lon=-104.88180555555554" }, "geometry": { "type": "Point", "coordinates": [ -104.881805555555545, 38.879416666666657 ] } },
{ "type": "Feature", "properties": { "URL": "https://github.com/rcfdtools/R.GISMobile/tree/main/file/gis/POI/34/IMG_0518.jpg", "Altitude": 1965.715488215488, "GoogleMaps": "http://maps.google.com/maps?q=38.879197222222224,-104.88172222222221", "OSMaps": "https://www.openstreetmap.org/query?lat=38.879197222222224&lon=-104.88172222222221" }, "geometry": { "type": "Point", "coordinates": [ -104.881722222222194, 38.879197222222224 ] } },
{ "type": "Feature", "properties": { "URL": "https://github.com/rcfdtools/R.GISMobile/tree/main/file/gis/POI/34/IMG_0520.jpg", "Altitude": 1959.7425876010784, "GoogleMaps": "http://maps.google.com/maps?q=38.878461111111115,-104.88091944444444", "OSMaps": "https://www.openstreetmap.org/query?lat=38.878461111111115&lon=-104.88091944444444" }, "geometry": { "type": "Point", "coordinates": [ -104.880919444444444, 38.878461111111122 ] } },
{ "type": "Feature", "properties": { "URL": "https://github.com/rcfdtools/R.GISMobile/tree/main/file/gis/POI/34/IMG_0521.jpg", "Altitude": 1963.3514739229024, "GoogleMaps": "http://maps.google.com/maps?q=38.87844166666667,-104.88088888888888", "OSMaps": "https://www.openstreetmap.org/query?lat=38.87844166666667&lon=-104.88088888888888" }, "geometry": { "type": "Point", "coordinates": [ -104.880888888888876, 38.878441666666667 ] } },
{ "type": "Feature", "properties": { "URL": "https://github.com/rcfdtools/R.GISMobile/tree/main/file/gis/POI/34/IMG_0522.jpg", "Altitude": 1962.2301349325337, "GoogleMaps": "http://maps.google.com/maps?q=38.87844166666667,-104.88088888888888", "OSMaps": "https://www.openstreetmap.org/query?lat=38.87844166666667&lon=-104.88088888888888" }, "geometry": { "type": "Point", "coordinates": [ -104.880888888888876, 38.878441666666667 ] } },
{ "type": "Feature", "properties": { "URL": "https://github.com/rcfdtools/R.GISMobile/tree/main/file/gis/POI/34/IMG_0523.jpg", "Altitude": 1961.0621669627001, "GoogleMaps": "http://maps.google.com/maps?q=38.878505555555556,-104.88065277777777", "OSMaps": "https://www.openstreetmap.org/query?lat=38.878505555555556&lon=-104.88065277777777" }, "geometry": { "type": "Point", "coordinates": [ -104.880652777777755, 38.878505555555563 ] } },
{ "type": "Feature", "properties": { "URL": "https://github.com/rcfdtools/R.GISMobile/tree/main/file/gis/POI/34/IMG_0524.jpg", "Altitude": 1959.2325769854133, "GoogleMaps": "http://maps.google.com/maps?q=38.878477777777775,-104.8805611111111", "OSMaps": "https://www.openstreetmap.org/query?lat=38.878477777777775&lon=-104.8805611111111" }, "geometry": { "type": "Point", "coordinates": [ -104.880561111111106, 38.878477777777775 ] } },
{ "type": "Feature", "properties": { "URL": "https://github.com/rcfdtools/R.GISMobile/tree/main/file/gis/POI/34/IMG_0525.jpg", "Altitude": 1959.2306238185256, "GoogleMaps": "http://maps.google.com/maps?q=38.878477777777775,-104.8805611111111", "OSMaps": "https://www.openstreetmap.org/query?lat=38.878477777777775&lon=-104.8805611111111" }, "geometry": { "type": "Point", "coordinates": [ -104.880561111111106, 38.878477777777775 ] } },
{ "type": "Feature", "properties": { "URL": "https://github.com/rcfdtools/R.GISMobile/tree/main/file/gis/POI/34/IMG_0526.jpg", "Altitude": 1956.952799121844, "GoogleMaps": "http://maps.google.com/maps?q=38.878369444444445,-104.88055555555555", "OSMaps": "https://www.openstreetmap.org/query?lat=38.878369444444445&lon=-104.88055555555555" }, "geometry": { "type": "Point", "coordinates": [ -104.88055555555556, 38.878369444444445 ] } },
{ "type": "Feature", "properties": { "URL": "https://github.com/rcfdtools/R.GISMobile/tree/main/file/gis/POI/34/IMG_0527.jpg", "Altitude": 1957.6570093457944, "GoogleMaps": "http://maps.google.com/maps?q=38.878375,-104.88063055555556", "OSMaps": "https://www.openstreetmap.org/query?lat=38.878375&lon=-104.88063055555556" }, "geometry": { "type": "Point", "coordinates": [ -104.880630555555555, 38.878375 ] } },
{ "type": "Feature", "properties": { "URL": "https://github.com/rcfdtools/R.GISMobile/tree/main/file/gis/POI/34/IMG_0528.jpg", "Altitude": 1963.6109936575051, "GoogleMaps": "http://maps.google.com/maps?q=38.87835277777778,-104.88082777777777", "OSMaps": "https://www.openstreetmap.org/query?lat=38.87835277777778&lon=-104.88082777777777" }, "geometry": { "type": "Point", "coordinates": [ -104.880827777777753, 38.878352777777778 ] } },
{ "type": "Feature", "properties": { "URL": "https://github.com/rcfdtools/R.GISMobile/tree/main/file/gis/POI/34/IMG_0529.jpg", "Altitude": 1938.083162217659, "GoogleMaps": "http://maps.google.com/maps?q=38.86505833333334,-104.89727777777779", "OSMaps": "https://www.openstreetmap.org/query?lat=38.86505833333334&lon=-104.89727777777779" }, "geometry": { "type": "Point", "coordinates": [ -104.897277777777802, 38.865058333333337 ] } },
{ "type": "Feature", "properties": { "URL": "https://github.com/rcfdtools/R.GISMobile/tree/main/file/gis/POI/34/IMG_0530.jpg", "Altitude": 1937.8775956284155, "GoogleMaps": "http://maps.google.com/maps?q=38.865027777777776,-104.8973388888889", "OSMaps": "https://www.openstreetmap.org/query?lat=38.865027777777776&lon=-104.8973388888889" }, "geometry": { "type": "Point", "coordinates": [ -104.897338888888896, 38.865027777777776 ] } },
{ "type": "Feature", "properties": { "URL": "https://github.com/rcfdtools/R.GISMobile/tree/main/file/gis/POI/34/IMG_0531.jpg", "Altitude": 1938.0172443524743, "GoogleMaps": "http://maps.google.com/maps?q=38.865027777777776,-104.8973388888889", "OSMaps": "https://www.openstreetmap.org/query?lat=38.865027777777776&lon=-104.8973388888889" }, "geometry": { "type": "Point", "coordinates": [ -104.897338888888896, 38.865027777777776 ] } },
{ "type": "Feature", "properties": { "URL": "https://github.com/rcfdtools/R.GISMobile/tree/main/file/gis/POI/34/IMG_0532.jpg", "Altitude": 1935.2853107344636, "GoogleMaps": "http://maps.google.com/maps?q=38.86476944444445,-104.89743055555556", "OSMaps": "https://www.openstreetmap.org/query?lat=38.86476944444445&lon=-104.89743055555556" }, "geometry": { "type": "Point", "coordinates": [ -104.897430555555559, 38.864769444444448 ] } },
{ "type": "Feature", "properties": { "URL": "https://github.com/rcfdtools/R.GISMobile/tree/main/file/gis/POI/34/IMG_0533.jpg", "Altitude": 1941.871736662883, "GoogleMaps": "http://maps.google.com/maps?q=38.86479444444445,-104.89742222222223", "OSMaps": "https://www.openstreetmap.org/query?lat=38.86479444444445&lon=-104.89742222222223" }, "geometry": { "type": "Point", "coordinates": [ -104.897422222222247, 38.864794444444449 ] } },
{ "type": "Feature", "properties": { "URL": "https://github.com/rcfdtools/R.GISMobile/tree/main/file/gis/POI/34/IMG_0535.jpg", "Altitude": 1937.9116766467064, "GoogleMaps": "http://maps.google.com/maps?q=38.864783333333335,-104.89737777777779", "OSMaps": "https://www.openstreetmap.org/query?lat=38.864783333333335&lon=-104.89737777777779" }, "geometry": { "type": "Point", "coordinates": [ -104.897377777777805, 38.864783333333335 ] } },
{ "type": "Feature", "properties": { "URL": "https://github.com/rcfdtools/R.GISMobile/tree/main/file/gis/POI/34/IMG_0536.jpg", "Altitude": 1936.9817880794701, "GoogleMaps": "http://maps.google.com/maps?q=38.86471111111111,-104.89742222222223", "OSMaps": "https://www.openstreetmap.org/query?lat=38.86471111111111&lon=-104.89742222222223" }, "geometry": { "type": "Point", "coordinates": [ -104.897422222222247, 38.864711111111113 ] } },
{ "type": "Feature", "properties": { "URL": "https://github.com/rcfdtools/R.GISMobile/tree/main/file/gis/POI/34/IMG_0537.jpg", "Altitude": 1937.326100433974, "GoogleMaps": "http://maps.google.com/maps?q=38.86471111111111,-104.89742222222223", "OSMaps": "https://www.openstreetmap.org/query?lat=38.86471111111111&lon=-104.89742222222223" }, "geometry": { "type": "Point", "coordinates": [ -104.897422222222247, 38.864711111111113 ] } },
{ "type": "Feature", "properties": { "URL": "https://github.com/rcfdtools/R.GISMobile/tree/main/file/gis/POI/34/IMG_0538.jpg", "Altitude": 1937.481188118812, "GoogleMaps": "http://maps.google.com/maps?q=38.86470833333333,-104.89742222222223", "OSMaps": "https://www.openstreetmap.org/query?lat=38.86470833333333&lon=-104.89742222222223" }, "geometry": { "type": "Point", "coordinates": [ -104.897422222222247, 38.864708333333333 ] } },
{ "type": "Feature", "properties": { "URL": "https://github.com/rcfdtools/R.GISMobile/tree/main/file/gis/POI/34/IMG_0539.jpg", "Altitude": 1938.1237721021607, "GoogleMaps": "http://maps.google.com/maps?q=38.86470833333333,-104.8974388888889", "OSMaps": "https://www.openstreetmap.org/query?lat=38.86470833333333&lon=-104.8974388888889" }, "geometry": { "type": "Point", "coordinates": [ -104.8974388888889, 38.864708333333333 ] } },
{ "type": "Feature", "properties": { "URL": "https://github.com/rcfdtools/R.GISMobile/tree/main/file/gis/POI/34/IMG_0540.jpg", "Altitude": 1938.0615796519407, "GoogleMaps": "http://maps.google.com/maps?q=38.86470277777778,-104.89744444444445", "OSMaps": "https://www.openstreetmap.org/query?lat=38.86470277777778&lon=-104.89744444444445" }, "geometry": { "type": "Point", "coordinates": [ -104.897444444444446, 38.864702777777779 ] } },
{ "type": "Feature", "properties": { "URL": "https://github.com/rcfdtools/R.GISMobile/tree/main/file/gis/POI/34/IMG_0541.jpg", "Altitude": 1934.9098228663447, "GoogleMaps": "http://maps.google.com/maps?q=38.86468611111111,-104.89752222222224", "OSMaps": "https://www.openstreetmap.org/query?lat=38.86468611111111&lon=-104.89752222222224" }, "geometry": { "type": "Point", "coordinates": [ -104.897522222222236, 38.864686111111112 ] } },
{ "type": "Feature", "properties": { "URL": "https://github.com/rcfdtools/R.GISMobile/tree/main/file/gis/POI/34/IMG_0542.jpg", "Altitude": 1936.8570879754129, "GoogleMaps": "http://maps.google.com/maps?q=38.86467777777778,-104.8975138888889", "OSMaps": "https://www.openstreetmap.org/query?lat=38.86467777777778&lon=-104.8975138888889" }, "geometry": { "type": "Point", "coordinates": [ -104.897513888888895, 38.864677777777779 ] } },
{ "type": "Feature", "properties": { "URL": "https://github.com/rcfdtools/R.GISMobile/tree/main/file/gis/POI/34/IMG_0543.jpg", "Altitude": 1938.9357021996616, "GoogleMaps": "http://maps.google.com/maps?q=38.86465833333334,-104.89736944444445", "OSMaps": "https://www.openstreetmap.org/query?lat=38.86465833333334&lon=-104.89736944444445" }, "geometry": { "type": "Point", "coordinates": [ -104.897369444444436, 38.864658333333338 ] } },
{ "type": "Feature", "properties": { "URL": "https://github.com/rcfdtools/R.GISMobile/tree/main/file/gis/POI/34/IMG_0544.jpg", "Altitude": 1937.3299232736567, "GoogleMaps": "http://maps.google.com/maps?q=38.864691666666666,-104.89734722222222", "OSMaps": "https://www.openstreetmap.org/query?lat=38.864691666666666&lon=-104.89734722222222" }, "geometry": { "type": "Point", "coordinates": [ -104.897347222222223, 38.864691666666666 ] } },
{ "type": "Feature", "properties": { "URL": "https://github.com/rcfdtools/R.GISMobile/tree/main/file/gis/POI/34/IMG_0545.jpg", "Altitude": 1942.4974704890387, "GoogleMaps": "http://maps.google.com/maps?q=38.864922222222226,-104.89741388888889", "OSMaps": "https://www.openstreetmap.org/query?lat=38.864922222222226&lon=-104.89741388888889" }, "geometry": { "type": "Point", "coordinates": [ -104.897413888888877, 38.864922222222233 ] } },
{ "type": "Feature", "properties": { "URL": "https://github.com/rcfdtools/R.GISMobile/tree/main/file/gis/POI/34/IMG_0546.jpg", "Altitude": 1941.3324287652647, "GoogleMaps": "http://maps.google.com/maps?q=38.864922222222226,-104.89742222222223", "OSMaps": "https://www.openstreetmap.org/query?lat=38.864922222222226&lon=-104.89742222222223" }, "geometry": { "type": "Point", "coordinates": [ -104.897422222222247, 38.864922222222233 ] } },
{ "type": "Feature", "properties": { "URL": "https://github.com/rcfdtools/R.GISMobile/tree/main/file/gis/POI/34/IMG_0547.jpg", "Altitude": 1939.8180242634321, "GoogleMaps": "http://maps.google.com/maps?q=38.86494166666667,-104.89741388888889", "OSMaps": "https://www.openstreetmap.org/query?lat=38.86494166666667&lon=-104.89741388888889" }, "geometry": { "type": "Point", "coordinates": [ -104.897413888888877, 38.864941666666667 ] } },
{ "type": "Feature", "properties": { "URL": "https://github.com/rcfdtools/R.GISMobile/tree/main/file/gis/POI/34/IMG_0548.jpg", "Altitude": 1939.0323809523809, "GoogleMaps": "http://maps.google.com/maps?q=38.86494166666667,-104.89741388888889", "OSMaps": "https://www.openstreetmap.org/query?lat=38.86494166666667&lon=-104.89741388888889" }, "geometry": { "type": "Point", "coordinates": [ -104.897413888888877, 38.864941666666667 ] } },
{ "type": "Feature", "properties": { "URL": "https://github.com/rcfdtools/R.GISMobile/tree/main/file/gis/POI/34/IMG_E0540.jpg", "Altitude": 1938.0615796519407, "GoogleMaps": "http://maps.google.com/maps?q=38.86470277777778,-104.89744444444445", "OSMaps": "https://www.openstreetmap.org/query?lat=38.86470277777778&lon=-104.89744444444445" }, "geometry": { "type": "Point", "coordinates": [ -104.897444444444446, 38.864702777777779 ] } },
{ "type": "Feature", "properties": { "URL": "https://github.com/rcfdtools/R.GISMobile/tree/main/file/gis/POI/36/2013-07-0316.46.26.jpg", "Altitude": 51.49, "GoogleMaps": "http://maps.google.com/maps?q=9.5348931,-73.4835645", "OSMaps": "https://www.openstreetmap.org/query?lat=9.5348931&lon=-73.4835645" }, "geometry": { "type": "Point", "coordinates": [ -73.4835645, 9.5348931 ] } },
{ "type": "Feature", "properties": { "URL": "https://github.com/rcfdtools/R.GISMobile/tree/main/file/gis/POI/36/2013-07-0316.46.29.jpg", "Altitude": 51.49, "GoogleMaps": "http://maps.google.com/maps?q=9.5348931,-73.4835645", "OSMaps": "https://www.openstreetmap.org/query?lat=9.5348931&lon=-73.4835645" }, "geometry": { "type": "Point", "coordinates": [ -73.4835645, 9.5348931 ] } },
{ "type": "Feature", "properties": { "URL": "https://github.com/rcfdtools/R.GISMobile/tree/main/file/gis/POI/36/2013-07-0316.46.32.jpg", "Altitude": 51.49, "GoogleMaps": "http://maps.google.com/maps?q=9.5348931,-73.4835645", "OSMaps": "https://www.openstreetmap.org/query?lat=9.5348931&lon=-73.4835645" }, "geometry": { "type": "Point", "coordinates": [ -73.4835645, 9.5348931 ] } },
{ "type": "Feature", "properties": { "URL": "https://github.com/rcfdtools/R.GISMobile/tree/main/file/gis/POI/36/2013-07-0316.46.34.jpg", "Altitude": 51.49, "GoogleMaps": "http://maps.google.com/maps?q=9.5348931,-73.4835645", "OSMaps": "https://www.openstreetmap.org/query?lat=9.5348931&lon=-73.4835645" }, "geometry": { "type": "Point", "coordinates": [ -73.4835645, 9.5348931 ] } },
{ "type": "Feature", "properties": { "URL": "https://github.com/rcfdtools/R.GISMobile/tree/main/file/gis/POI/36/2013-07-0316.46.43.jpg", "Altitude": 51.49, "GoogleMaps": "http://maps.google.com/maps?q=9.5348931,-73.4835645", "OSMaps": "https://www.openstreetmap.org/query?lat=9.5348931&lon=-73.4835645" }, "geometry": { "type": "Point", "coordinates": [ -73.4835645, 9.5348931 ] } },
{ "type": "Feature", "properties": { "URL": "https://github.com/rcfdtools/R.GISMobile/tree/main/file/gis/POI/36/2013-07-0408.54.52.jpg", "Altitude": 39.24, "GoogleMaps": "http://maps.google.com/maps?q=9.5384802,-73.5215662", "OSMaps": "https://www.openstreetmap.org/query?lat=9.5384802&lon=-73.5215662" }, "geometry": { "type": "Point", "coordinates": [ -73.5215662, 9.5384802 ] } },
{ "type": "Feature", "properties": { "URL": "https://github.com/rcfdtools/R.GISMobile/tree/main/file/gis/POI/36/2013-07-0408.55.15.jpg", "Altitude": 39.24, "GoogleMaps": "http://maps.google.com/maps?q=9.5384802,-73.5215662", "OSMaps": "https://www.openstreetmap.org/query?lat=9.5384802&lon=-73.5215662" }, "geometry": { "type": "Point", "coordinates": [ -73.5215662, 9.5384802 ] } },
{ "type": "Feature", "properties": { "URL": "https://github.com/rcfdtools/R.GISMobile/tree/main/file/gis/POI/36/2013-07-0408.58.04.jpg", "Altitude": 40.13, "GoogleMaps": "http://maps.google.com/maps?q=9.5384264,-73.5215579", "OSMaps": "https://www.openstreetmap.org/query?lat=9.5384264&lon=-73.5215579" }, "geometry": { "type": "Point", "coordinates": [ -73.5215579, 9.5384264 ] } },
{ "type": "Feature", "properties": { "URL": "https://github.com/rcfdtools/R.GISMobile/tree/main/file/gis/POI/36/2013-07-0408.58.24.jpg", "Altitude": 40.13, "GoogleMaps": "http://maps.google.com/maps?q=9.5384264,-73.5215579", "OSMaps": "https://www.openstreetmap.org/query?lat=9.5384264&lon=-73.5215579" }, "geometry": { "type": "Point", "coordinates": [ -73.5215579, 9.5384264 ] } },
{ "type": "Feature", "properties": { "URL": "https://github.com/rcfdtools/R.GISMobile/tree/main/file/gis/POI/36/2013-07-0408.58.43.jpg", "Altitude": 40.13, "GoogleMaps": "http://maps.google.com/maps?q=9.5384264,-73.5215579", "OSMaps": "https://www.openstreetmap.org/query?lat=9.5384264&lon=-73.5215579" }, "geometry": { "type": "Point", "coordinates": [ -73.5215579, 9.5384264 ] } },
{ "type": "Feature", "properties": { "URL": "https://github.com/rcfdtools/R.GISMobile/tree/main/file/gis/POI/36/2013-07-0408.58.48.jpg", "Altitude": 40.13, "GoogleMaps": "http://maps.google.com/maps?q=9.5384264,-73.5215579", "OSMaps": "https://www.openstreetmap.org/query?lat=9.5384264&lon=-73.5215579" }, "geometry": { "type": "Point", "coordinates": [ -73.5215579, 9.5384264 ] } },
{ "type": "Feature", "properties": { "URL": "https://github.com/rcfdtools/R.GISMobile/tree/main/file/gis/POI/36/2013-07-0408.58.52.jpg", "Altitude": 40.13, "GoogleMaps": "http://maps.google.com/maps?q=9.5384264,-73.5215579", "OSMaps": "https://www.openstreetmap.org/query?lat=9.5384264&lon=-73.5215579" }, "geometry": { "type": "Point", "coordinates": [ -73.5215579, 9.5384264 ] } },
{ "type": "Feature", "properties": { "URL": "https://github.com/rcfdtools/R.GISMobile/tree/main/file/gis/POI/36/2013-07-0408.59.56.jpg", "Altitude": 40.13, "GoogleMaps": "http://maps.google.com/maps?q=9.5384264,-73.5215579", "OSMaps": "https://www.openstreetmap.org/query?lat=9.5384264&lon=-73.5215579" }, "geometry": { "type": "Point", "coordinates": [ -73.5215579, 9.5384264 ] } },
{ "type": "Feature", "properties": { "URL": "https://github.com/rcfdtools/R.GISMobile/tree/main/file/gis/POI/36/2013-07-0409.00.00.jpg", "Altitude": 77.59, "GoogleMaps": "http://maps.google.com/maps?q=9.5381873,-73.5215483", "OSMaps": "https://www.openstreetmap.org/query?lat=9.5381873&lon=-73.5215483" }, "geometry": { "type": "Point", "coordinates": [ -73.5215483, 9.5381873 ] } },
{ "type": "Feature", "properties": { "URL": "https://github.com/rcfdtools/R.GISMobile/tree/main/file/gis/POI/36/2013-07-0409.00.06.jpg", "Altitude": 77.59, "GoogleMaps": "http://maps.google.com/maps?q=9.5381873,-73.5215483", "OSMaps": "https://www.openstreetmap.org/query?lat=9.5381873&lon=-73.5215483" }, "geometry": { "type": "Point", "coordinates": [ -73.5215483, 9.5381873 ] } },
{ "type": "Feature", "properties": { "URL": "https://github.com/rcfdtools/R.GISMobile/tree/main/file/gis/POI/36/2013-07-0409.00.11.jpg", "Altitude": 77.59, "GoogleMaps": "http://maps.google.com/maps?q=9.5381873,-73.5215483", "OSMaps": "https://www.openstreetmap.org/query?lat=9.5381873&lon=-73.5215483" }, "geometry": { "type": "Point", "coordinates": [ -73.5215483, 9.5381873 ] } },
{ "type": "Feature", "properties": { "URL": "https://github.com/rcfdtools/R.GISMobile/tree/main/file/gis/POI/36/2013-07-0409.00.17.jpg", "Altitude": 77.59, "GoogleMaps": "http://maps.google.com/maps?q=9.5381873,-73.5215483", "OSMaps": "https://www.openstreetmap.org/query?lat=9.5381873&lon=-73.5215483" }, "geometry": { "type": "Point", "coordinates": [ -73.5215483, 9.5381873 ] } },
{ "type": "Feature", "properties": { "URL": "https://github.com/rcfdtools/R.GISMobile/tree/main/file/gis/POI/36/2013-07-0409.41.06.jpg", "Altitude": 77.59, "GoogleMaps": "http://maps.google.com/maps?q=9.5381873,-73.5215483", "OSMaps": "https://www.openstreetmap.org/query?lat=9.5381873&lon=-73.5215483" }, "geometry": { "type": "Point", "coordinates": [ -73.5215483, 9.5381873 ] } },
{ "type": "Feature", "properties": { "URL": "https://github.com/rcfdtools/R.GISMobile/tree/main/file/gis/POI/36/2013-07-0409.53.16.jpg", "Altitude": 47.31, "GoogleMaps": "http://maps.google.com/maps?q=9.5468784,-73.5108385", "OSMaps": "https://www.openstreetmap.org/query?lat=9.5468784&lon=-73.5108385" }, "geometry": { "type": "Point", "coordinates": [ -73.5108385, 9.5468784 ] } },
{ "type": "Feature", "properties": { "URL": "https://github.com/rcfdtools/R.GISMobile/tree/main/file/gis/POI/36/2013-07-0409.53.20.jpg", "Altitude": 47.31, "GoogleMaps": "http://maps.google.com/maps?q=9.5468784,-73.5108385", "OSMaps": "https://www.openstreetmap.org/query?lat=9.5468784&lon=-73.5108385" }, "geometry": { "type": "Point", "coordinates": [ -73.5108385, 9.5468784 ] } },
{ "type": "Feature", "properties": { "URL": "https://github.com/rcfdtools/R.GISMobile/tree/main/file/gis/POI/36/2013-07-0409.53.22.jpg", "Altitude": 47.31, "GoogleMaps": "http://maps.google.com/maps?q=9.5468784,-73.5108385", "OSMaps": "https://www.openstreetmap.org/query?lat=9.5468784&lon=-73.5108385" }, "geometry": { "type": "Point", "coordinates": [ -73.5108385, 9.5468784 ] } },
{ "type": "Feature", "properties": { "URL": "https://github.com/rcfdtools/R.GISMobile/tree/main/file/gis/POI/36/2013-07-0409.53.26.jpg", "Altitude": 47.31, "GoogleMaps": "http://maps.google.com/maps?q=9.5468784,-73.5108385", "OSMaps": "https://www.openstreetmap.org/query?lat=9.5468784&lon=-73.5108385" }, "geometry": { "type": "Point", "coordinates": [ -73.5108385, 9.5468784 ] } },
{ "type": "Feature", "properties": { "URL": "https://github.com/rcfdtools/R.GISMobile/tree/main/file/gis/POI/36/2013-07-0415.40.54.jpg", "Altitude": 151.67, "GoogleMaps": "http://maps.google.com/maps?q=10.477632,-73.2438307", "OSMaps": "https://www.openstreetmap.org/query?lat=10.477632&lon=-73.2438307" }, "geometry": { "type": "Point", "coordinates": [ -73.2438307, 10.477632 ] } },
{ "type": "Feature", "properties": { "URL": "https://github.com/rcfdtools/R.GISMobile/tree/main/file/gis/POI/36/2013-07-0415.40.58.jpg", "Altitude": 151.67, "GoogleMaps": "http://maps.google.com/maps?q=10.477632,-73.2438307", "OSMaps": "https://www.openstreetmap.org/query?lat=10.477632&lon=-73.2438307" }, "geometry": { "type": "Point", "coordinates": [ -73.2438307, 10.477632 ] } },
{ "type": "Feature", "properties": { "URL": "https://github.com/rcfdtools/R.GISMobile/tree/main/file/gis/POI/36/2013-07-0415.41.17.jpg", "Altitude": 151.67, "GoogleMaps": "http://maps.google.com/maps?q=10.477632,-73.2438307", "OSMaps": "https://www.openstreetmap.org/query?lat=10.477632&lon=-73.2438307" }, "geometry": { "type": "Point", "coordinates": [ -73.2438307, 10.477632 ] } },
{ "type": "Feature", "properties": { "URL": "https://github.com/rcfdtools/R.GISMobile/tree/main/file/gis/POI/39/20190521_132625.jpg", "Altitude": 2057.504, "GoogleMaps": "http://maps.google.com/maps?q=37.166954499999996,-108.49288638888889", "OSMaps": "https://www.openstreetmap.org/query?lat=37.166954499999996&lon=-108.49288638888889" }, "geometry": { "type": "Point", "coordinates": [ -108.492886388888877, 37.1669545 ] } },
{ "type": "Feature", "properties": { "URL": "https://github.com/rcfdtools/R.GISMobile/tree/main/file/gis/POI/39/20190521_132630.jpg", "Altitude": 2057.504, "GoogleMaps": "http://maps.google.com/maps?q=37.166954499999996,-108.49288638888889", "OSMaps": "https://www.openstreetmap.org/query?lat=37.166954499999996&lon=-108.49288638888889" }, "geometry": { "type": "Point", "coordinates": [ -108.492886388888877, 37.1669545 ] } },
{ "type": "Feature", "properties": { "URL": "https://github.com/rcfdtools/R.GISMobile/tree/main/file/gis/POI/39/20190521_132637.jpg", "Altitude": 2057.504, "GoogleMaps": "http://maps.google.com/maps?q=37.166954499999996,-108.49288638888889", "OSMaps": "https://www.openstreetmap.org/query?lat=37.166954499999996&lon=-108.49288638888889" }, "geometry": { "type": "Point", "coordinates": [ -108.492886388888877, 37.1669545 ] } },
{ "type": "Feature", "properties": { "URL": "https://github.com/rcfdtools/R.GISMobile/tree/main/file/gis/POI/39/20190521_132642.jpg", "Altitude": 2057.504, "GoogleMaps": "http://maps.google.com/maps?q=37.166954499999996,-108.49288638888889", "OSMaps": "https://www.openstreetmap.org/query?lat=37.166954499999996&lon=-108.49288638888889" }, "geometry": { "type": "Point", "coordinates": [ -108.492886388888877, 37.1669545 ] } },
{ "type": "Feature", "properties": { "URL": "https://github.com/rcfdtools/R.GISMobile/tree/main/file/gis/POI/39/20190521_133452.jpg", "Altitude": 2062.777, "GoogleMaps": "http://maps.google.com/maps?q=37.16578558333333,-108.49157130555555", "OSMaps": "https://www.openstreetmap.org/query?lat=37.16578558333333&lon=-108.49157130555555" }, "geometry": { "type": "Point", "coordinates": [ -108.491571305555567, 37.165785583333331 ] } },
{ "type": "Feature", "properties": { "URL": "https://github.com/rcfdtools/R.GISMobile/tree/main/file/gis/POI/39/20190521_133455.jpg", "Altitude": 2062.777, "GoogleMaps": "http://maps.google.com/maps?q=37.16578558333333,-108.49157130555555", "OSMaps": "https://www.openstreetmap.org/query?lat=37.16578558333333&lon=-108.49157130555555" }, "geometry": { "type": "Point", "coordinates": [ -108.491571305555567, 37.165785583333331 ] } },
{ "type": "Feature", "properties": { "URL": "https://github.com/rcfdtools/R.GISMobile/tree/main/file/gis/POI/39/20190521_133501.jpg", "Altitude": 2062.777, "GoogleMaps": "http://maps.google.com/maps?q=37.16578558333333,-108.49157130555555", "OSMaps": "https://www.openstreetmap.org/query?lat=37.16578558333333&lon=-108.49157130555555" }, "geometry": { "type": "Point", "coordinates": [ -108.491571305555567, 37.165785583333331 ] } },
{ "type": "Feature", "properties": { "URL": "https://github.com/rcfdtools/R.GISMobile/tree/main/file/gis/POI/39/20190521_133506.jpg", "Altitude": 2062.777, "GoogleMaps": "http://maps.google.com/maps?q=37.16578558333333,-108.49157130555555", "OSMaps": "https://www.openstreetmap.org/query?lat=37.16578558333333&lon=-108.49157130555555" }, "geometry": { "type": "Point", "coordinates": [ -108.491571305555567, 37.165785583333331 ] } },
{ "type": "Feature", "properties": { "URL": "https://github.com/rcfdtools/R.GISMobile/tree/main/file/gis/POI/39/20190521_133509.jpg", "Altitude": 2062.777, "GoogleMaps": "http://maps.google.com/maps?q=37.16578558333333,-108.49157130555555", "OSMaps": "https://www.openstreetmap.org/query?lat=37.16578558333333&lon=-108.49157130555555" }, "geometry": { "type": "Point", "coordinates": [ -108.491571305555567, 37.165785583333331 ] } },
{ "type": "Feature", "properties": { "URL": "https://github.com/rcfdtools/R.GISMobile/tree/main/file/gis/POI/39/20190521_133513.jpg", "Altitude": 2062.777, "GoogleMaps": "http://maps.google.com/maps?q=37.16578558333333,-108.49157130555555", "OSMaps": "https://www.openstreetmap.org/query?lat=37.16578558333333&lon=-108.49157130555555" }, "geometry": { "type": "Point", "coordinates": [ -108.491571305555567, 37.165785583333331 ] } },
{ "type": "Feature", "properties": { "URL": "https://github.com/rcfdtools/R.GISMobile/tree/main/file/gis/POI/39/20190521_133538.jpg", "Altitude": 2072.807, "GoogleMaps": "http://maps.google.com/maps?q=37.165877916666666,-108.49140716666666", "OSMaps": "https://www.openstreetmap.org/query?lat=37.165877916666666&lon=-108.49140716666666" }, "geometry": { "type": "Point", "coordinates": [ -108.491407166666662, 37.165877916666666 ] } },
{ "type": "Feature", "properties": { "URL": "https://github.com/rcfdtools/R.GISMobile/tree/main/file/gis/POI/39/20190521_133543.jpg", "Altitude": 2072.807, "GoogleMaps": "http://maps.google.com/maps?q=37.165877916666666,-108.49140716666666", "OSMaps": "https://www.openstreetmap.org/query?lat=37.165877916666666&lon=-108.49140716666666" }, "geometry": { "type": "Point", "coordinates": [ -108.491407166666662, 37.165877916666666 ] } },
{ "type": "Feature", "properties": { "URL": "https://github.com/rcfdtools/R.GISMobile/tree/main/file/gis/POI/39/20190521_133635.jpg", "Altitude": 2068.949, "GoogleMaps": "http://maps.google.com/maps?q=37.165802194444446,-108.49146708333333", "OSMaps": "https://www.openstreetmap.org/query?lat=37.165802194444446&lon=-108.49146708333333" }, "geometry": { "type": "Point", "coordinates": [ -108.491467083333319, 37.165802194444446 ] } },
{ "type": "Feature", "properties": { "URL": "https://github.com/rcfdtools/R.GISMobile/tree/main/file/gis/POI/39/20190521_133646.jpg", "Altitude": 2068.949, "GoogleMaps": "http://maps.google.com/maps?q=37.165802194444446,-108.49146708333333", "OSMaps": "https://www.openstreetmap.org/query?lat=37.165802194444446&lon=-108.49146708333333" }, "geometry": { "type": "Point", "coordinates": [ -108.491467083333319, 37.165802194444446 ] } },
{ "type": "Feature", "properties": { "URL": "https://github.com/rcfdtools/R.GISMobile/tree/main/file/gis/POI/39/20190521_133722.jpg", "Altitude": 2063.954, "GoogleMaps": "http://maps.google.com/maps?q=37.165782138888886,-108.49154641666667", "OSMaps": "https://www.openstreetmap.org/query?lat=37.165782138888886&lon=-108.49154641666667" }, "geometry": { "type": "Point", "coordinates": [ -108.491546416666679, 37.165782138888886 ] } },
{ "type": "Feature", "properties": { "URL": "https://github.com/rcfdtools/R.GISMobile/tree/main/file/gis/POI/39/20190521_134520.jpg", "Altitude": 2085.062, "GoogleMaps": "http://maps.google.com/maps?q=37.16344997222222,-108.48380227777778", "OSMaps": "https://www.openstreetmap.org/query?lat=37.16344997222222&lon=-108.48380227777778" }, "geometry": { "type": "Point", "coordinates": [ -108.483802277777784, 37.163449972222217 ] } },
{ "type": "Feature", "properties": { "URL": "https://github.com/rcfdtools/R.GISMobile/tree/main/file/gis/POI/39/20190521_134525.jpg", "Altitude": 2083.437, "GoogleMaps": "http://maps.google.com/maps?q=37.16345013888889,-108.48377519444445", "OSMaps": "https://www.openstreetmap.org/query?lat=37.16345013888889&lon=-108.48377519444445" }, "geometry": { "type": "Point", "coordinates": [ -108.483775194444434, 37.163450138888891 ] } },
{ "type": "Feature", "properties": { "URL": "https://github.com/rcfdtools/R.GISMobile/tree/main/file/gis/POI/39/20190521_134640.jpg", "Altitude": 2088.145, "GoogleMaps": "http://maps.google.com/maps?q=37.163358305555555,-108.48377936111112", "OSMaps": "https://www.openstreetmap.org/query?lat=37.163358305555555&lon=-108.48377936111112" }, "geometry": { "type": "Point", "coordinates": [ -108.483779361111118, 37.163358305555562 ] } },
{ "type": "Feature", "properties": { "URL": "https://github.com/rcfdtools/R.GISMobile/tree/main/file/gis/POI/39/20190521_134645.jpg", "Altitude": 2088.145, "GoogleMaps": "http://maps.google.com/maps?q=37.163358305555555,-108.48377936111112", "OSMaps": "https://www.openstreetmap.org/query?lat=37.163358305555555&lon=-108.48377936111112" }, "geometry": { "type": "Point", "coordinates": [ -108.483779361111118, 37.163358305555562 ] } },
{ "type": "Feature", "properties": { "URL": "https://github.com/rcfdtools/R.GISMobile/tree/main/file/gis/POI/39/20190521_134658.jpg", "Altitude": 2088.145, "GoogleMaps": "http://maps.google.com/maps?q=37.163358305555555,-108.48377936111112", "OSMaps": "https://www.openstreetmap.org/query?lat=37.163358305555555&lon=-108.48377936111112" }, "geometry": { "type": "Point", "coordinates": [ -108.483779361111118, 37.163358305555562 ] } },
{ "type": "Feature", "properties": { "URL": "https://github.com/rcfdtools/R.GISMobile/tree/main/file/gis/POI/39/20190521_134823.jpg", "Altitude": 2088.768, "GoogleMaps": "http://maps.google.com/maps?q=37.163253222222224,-108.48373452777778", "OSMaps": "https://www.openstreetmap.org/query?lat=37.163253222222224&lon=-108.48373452777778" }, "geometry": { "type": "Point", "coordinates": [ -108.483734527777784, 37.163253222222224 ] } },
{ "type": "Feature", "properties": { "URL": "https://github.com/rcfdtools/R.GISMobile/tree/main/file/gis/POI/39/20190521_134831.jpg", "Altitude": 2088.768, "GoogleMaps": "http://maps.google.com/maps?q=37.163253222222224,-108.48373452777778", "OSMaps": "https://www.openstreetmap.org/query?lat=37.163253222222224&lon=-108.48373452777778" }, "geometry": { "type": "Point", "coordinates": [ -108.483734527777784, 37.163253222222224 ] } },
{ "type": "Feature", "properties": { "URL": "https://github.com/rcfdtools/R.GISMobile/tree/main/file/gis/POI/39/20190521_135025.jpg", "Altitude": 2077.489, "GoogleMaps": "http://maps.google.com/maps?q=37.16329461111111,-108.48381847222223", "OSMaps": "https://www.openstreetmap.org/query?lat=37.16329461111111&lon=-108.48381847222223" }, "geometry": { "type": "Point", "coordinates": [ -108.483818472222239, 37.163294611111112 ] } },
{ "type": "Feature", "properties": { "URL": "https://github.com/rcfdtools/R.GISMobile/tree/main/file/gis/POI/39/20190521_135030.jpg", "Altitude": 2079.059, "GoogleMaps": "http://maps.google.com/maps?q=37.16330027777778,-108.48383569444445", "OSMaps": "https://www.openstreetmap.org/query?lat=37.16330027777778&lon=-108.48383569444445" }, "geometry": { "type": "Point", "coordinates": [ -108.483835694444437, 37.163300277777779 ] } },
{ "type": "Feature", "properties": { "URL": "https://github.com/rcfdtools/R.GISMobile/tree/main/file/gis/POI/39/20190521_135041.jpg", "Altitude": 2079.059, "GoogleMaps": "http://maps.google.com/maps?q=37.16330027777778,-108.48383569444445", "OSMaps": "https://www.openstreetmap.org/query?lat=37.16330027777778&lon=-108.48383569444445" }, "geometry": { "type": "Point", "coordinates": [ -108.483835694444437, 37.163300277777779 ] } },
{ "type": "Feature", "properties": { "URL": "https://github.com/rcfdtools/R.GISMobile/tree/main/file/gis/POI/39/20190521_135733.jpg", "Altitude": 2036.487, "GoogleMaps": "http://maps.google.com/maps?q=37.16238927777778,-108.4750861388889", "OSMaps": "https://www.openstreetmap.org/query?lat=37.16238927777778&lon=-108.4750861388889" }, "geometry": { "type": "Point", "coordinates": [ -108.475086138888898, 37.162389277777777 ] } },
{ "type": "Feature", "properties": { "URL": "https://github.com/rcfdtools/R.GISMobile/tree/main/file/gis/POI/39/20190521_135740.jpg", "Altitude": 2036.487, "GoogleMaps": "http://maps.google.com/maps?q=37.16238927777778,-108.4750861388889", "OSMaps": "https://www.openstreetmap.org/query?lat=37.16238927777778&lon=-108.4750861388889" }, "geometry": { "type": "Point", "coordinates": [ -108.475086138888898, 37.162389277777777 ] } },
{ "type": "Feature", "properties": { "URL": "https://github.com/rcfdtools/R.GISMobile/tree/main/file/gis/POI/39/20190521_135814.jpg", "Altitude": 2034.625, "GoogleMaps": "http://maps.google.com/maps?q=37.162387277777775,-108.47508405555556", "OSMaps": "https://www.openstreetmap.org/query?lat=37.162387277777775&lon=-108.47508405555556" }, "geometry": { "type": "Point", "coordinates": [ -108.475084055555556, 37.162387277777775 ] } },
{ "type": "Feature", "properties": { "URL": "https://github.com/rcfdtools/R.GISMobile/tree/main/file/gis/POI/39/20190521_135823.jpg", "Altitude": 2034.625, "GoogleMaps": "http://maps.google.com/maps?q=37.162387277777775,-108.47508405555556", "OSMaps": "https://www.openstreetmap.org/query?lat=37.162387277777775&lon=-108.47508405555556" }, "geometry": { "type": "Point", "coordinates": [ -108.475084055555556, 37.162387277777775 ] } },
{ "type": "Feature", "properties": { "URL": "https://github.com/rcfdtools/R.GISMobile/tree/main/file/gis/POI/39/20190521_135837.jpg", "Altitude": 2034.625, "GoogleMaps": "http://maps.google.com/maps?q=37.162387277777775,-108.47508405555556", "OSMaps": "https://www.openstreetmap.org/query?lat=37.162387277777775&lon=-108.47508405555556" }, "geometry": { "type": "Point", "coordinates": [ -108.475084055555556, 37.162387277777775 ] } },
{ "type": "Feature", "properties": { "URL": "https://github.com/rcfdtools/R.GISMobile/tree/main/file/gis/POI/39/20190521_135915.jpg", "Altitude": 2050.059, "GoogleMaps": "http://maps.google.com/maps?q=37.16246958333333,-108.47509244444444", "OSMaps": "https://www.openstreetmap.org/query?lat=37.16246958333333&lon=-108.47509244444444" }, "geometry": { "type": "Point", "coordinates": [ -108.475092444444442, 37.162469583333333 ] } },
{ "type": "Feature", "properties": { "URL": "https://github.com/rcfdtools/R.GISMobile/tree/main/file/gis/POI/39/20190521_135918.jpg", "Altitude": 2050.059, "GoogleMaps": "http://maps.google.com/maps?q=37.16246958333333,-108.47509244444444", "OSMaps": "https://www.openstreetmap.org/query?lat=37.16246958333333&lon=-108.47509244444444" }, "geometry": { "type": "Point", "coordinates": [ -108.475092444444442, 37.162469583333333 ] } },
{ "type": "Feature", "properties": { "URL": "https://github.com/rcfdtools/R.GISMobile/tree/main/file/gis/POI/39/20190521_140107.jpg", "Altitude": 2040.256, "GoogleMaps": "http://maps.google.com/maps?q=37.162389222222224,-108.47499769444444", "OSMaps": "https://www.openstreetmap.org/query?lat=37.162389222222224&lon=-108.47499769444444" }, "geometry": { "type": "Point", "coordinates": [ -108.47499769444444, 37.162389222222224 ] } },
{ "type": "Feature", "properties": { "URL": "https://github.com/rcfdtools/R.GISMobile/tree/main/file/gis/POI/39/20190521_140122.jpg", "Altitude": 2043.135, "GoogleMaps": "http://maps.google.com/maps?q=37.162488249999996,-108.47507852777778", "OSMaps": "https://www.openstreetmap.org/query?lat=37.162488249999996&lon=-108.47507852777778" }, "geometry": { "type": "Point", "coordinates": [ -108.475078527777782, 37.16248825 ] } },
{ "type": "Feature", "properties": { "URL": "https://github.com/rcfdtools/R.GISMobile/tree/main/file/gis/POI/39/20190521_140129.jpg", "Altitude": 2043.135, "GoogleMaps": "http://maps.google.com/maps?q=37.162488249999996,-108.47507852777778", "OSMaps": "https://www.openstreetmap.org/query?lat=37.162488249999996&lon=-108.47507852777778" }, "geometry": { "type": "Point", "coordinates": [ -108.475078527777782, 37.16248825 ] } },
{ "type": "Feature", "properties": { "URL": "https://github.com/rcfdtools/R.GISMobile/tree/main/file/gis/POI/39/20190521_140136.jpg", "Altitude": 2043.135, "GoogleMaps": "http://maps.google.com/maps?q=37.162488249999996,-108.47507852777778", "OSMaps": "https://www.openstreetmap.org/query?lat=37.162488249999996&lon=-108.47507852777778" }, "geometry": { "type": "Point", "coordinates": [ -108.475078527777782, 37.16248825 ] } },
{ "type": "Feature", "properties": { "URL": "https://github.com/rcfdtools/R.GISMobile/tree/main/file/gis/POI/39/20190521_140144.jpg", "Altitude": 2043.135, "GoogleMaps": "http://maps.google.com/maps?q=37.162488249999996,-108.47507852777778", "OSMaps": "https://www.openstreetmap.org/query?lat=37.162488249999996&lon=-108.47507852777778" }, "geometry": { "type": "Point", "coordinates": [ -108.475078527777782, 37.16248825 ] } },
{ "type": "Feature", "properties": { "URL": "https://github.com/rcfdtools/R.GISMobile/tree/main/file/gis/POI/39/20190521_140147.jpg", "Altitude": 2043.135, "GoogleMaps": "http://maps.google.com/maps?q=37.162488249999996,-108.47507852777778", "OSMaps": "https://www.openstreetmap.org/query?lat=37.162488249999996&lon=-108.47507852777778" }, "geometry": { "type": "Point", "coordinates": [ -108.475078527777782, 37.16248825 ] } },
{ "type": "Feature", "properties": { "URL": "https://github.com/rcfdtools/R.GISMobile/tree/main/file/gis/POI/39/20190521_140213.jpg", "Altitude": 2043.135, "GoogleMaps": "http://maps.google.com/maps?q=37.162488249999996,-108.47507852777778", "OSMaps": "https://www.openstreetmap.org/query?lat=37.162488249999996&lon=-108.47507852777778" }, "geometry": { "type": "Point", "coordinates": [ -108.475078527777782, 37.16248825 ] } },
{ "type": "Feature", "properties": { "URL": "https://github.com/rcfdtools/R.GISMobile/tree/main/file/gis/POI/39/20190521_140639.jpg", "Altitude": 2050.622, "GoogleMaps": "http://maps.google.com/maps?q=37.16467169444444,-108.47913194444445", "OSMaps": "https://www.openstreetmap.org/query?lat=37.16467169444444&lon=-108.47913194444445" }, "geometry": { "type": "Point", "coordinates": [ -108.479131944444447, 37.164671694444444 ] } },
{ "type": "Feature", "properties": { "URL": "https://github.com/rcfdtools/R.GISMobile/tree/main/file/gis/POI/39/20190521_140644.jpg", "Altitude": 2052.075, "GoogleMaps": "http://maps.google.com/maps?q=37.16468363888889,-108.47911377777778", "OSMaps": "https://www.openstreetmap.org/query?lat=37.16468363888889&lon=-108.47911377777778" }, "geometry": { "type": "Point", "coordinates": [ -108.479113777777783, 37.164683638888889 ] } },
{ "type": "Feature", "properties": { "URL": "https://github.com/rcfdtools/R.GISMobile/tree/main/file/gis/POI/39/20190521_140651.jpg", "Altitude": 2052.075, "GoogleMaps": "http://maps.google.com/maps?q=37.16468363888889,-108.47911377777778", "OSMaps": "https://www.openstreetmap.org/query?lat=37.16468363888889&lon=-108.47911377777778" }, "geometry": { "type": "Point", "coordinates": [ -108.479113777777783, 37.164683638888889 ] } },
{ "type": "Feature", "properties": { "URL": "https://github.com/rcfdtools/R.GISMobile/tree/main/file/gis/POI/39/20190521_140700.jpg", "Altitude": 2052.075, "GoogleMaps": "http://maps.google.com/maps?q=37.16468363888889,-108.47911377777778", "OSMaps": "https://www.openstreetmap.org/query?lat=37.16468363888889&lon=-108.47911377777778" }, "geometry": { "type": "Point", "coordinates": [ -108.479113777777783, 37.164683638888889 ] } },
{ "type": "Feature", "properties": { "URL": "https://github.com/rcfdtools/R.GISMobile/tree/main/file/gis/POI/39/20190521_140709.jpg", "Altitude": 2044.764, "GoogleMaps": "http://maps.google.com/maps?q=37.164721,-108.47927405555556", "OSMaps": "https://www.openstreetmap.org/query?lat=37.164721&lon=-108.47927405555556" }, "geometry": { "type": "Point", "coordinates": [ -108.479274055555564, 37.164721 ] } },
{ "type": "Feature", "properties": { "URL": "https://github.com/rcfdtools/R.GISMobile/tree/main/file/gis/POI/39/20190521_141222.jpg", "Altitude": 2059.328, "GoogleMaps": "http://maps.google.com/maps?q=37.164703055555556,-108.47552644444444", "OSMaps": "https://www.openstreetmap.org/query?lat=37.164703055555556&lon=-108.47552644444444" }, "geometry": { "type": "Point", "coordinates": [ -108.475526444444441, 37.164703055555563 ] } },
{ "type": "Feature", "properties": { "URL": "https://github.com/rcfdtools/R.GISMobile/tree/main/file/gis/POI/39/20190521_141229.jpg", "Altitude": 2059.328, "GoogleMaps": "http://maps.google.com/maps?q=37.164703055555556,-108.47552644444444", "OSMaps": "https://www.openstreetmap.org/query?lat=37.164703055555556&lon=-108.47552644444444" }, "geometry": { "type": "Point", "coordinates": [ -108.475526444444441, 37.164703055555563 ] } },
{ "type": "Feature", "properties": { "URL": "https://github.com/rcfdtools/R.GISMobile/tree/main/file/gis/POI/39/20190521_141308.jpg", "Altitude": 2059.328, "GoogleMaps": "http://maps.google.com/maps?q=37.164703055555556,-108.47552644444444", "OSMaps": "https://www.openstreetmap.org/query?lat=37.164703055555556&lon=-108.47552644444444" }, "geometry": { "type": "Point", "coordinates": [ -108.475526444444441, 37.164703055555563 ] } },
{ "type": "Feature", "properties": { "URL": "https://github.com/rcfdtools/R.GISMobile/tree/main/file/gis/POI/39/20190521_141403.jpg", "Altitude": 2042.122, "GoogleMaps": "http://maps.google.com/maps?q=37.16481394444444,-108.47503186111112", "OSMaps": "https://www.openstreetmap.org/query?lat=37.16481394444444&lon=-108.47503186111112" }, "geometry": { "type": "Point", "coordinates": [ -108.47503186111112, 37.16481394444444 ] } },
{ "type": "Feature", "properties": { "URL": "https://github.com/rcfdtools/R.GISMobile/tree/main/file/gis/POI/39/20190521_141412.jpg", "Altitude": 2046.485, "GoogleMaps": "http://maps.google.com/maps?q=37.16479386111111,-108.47504438888889", "OSMaps": "https://www.openstreetmap.org/query?lat=37.16479386111111&lon=-108.47504438888889" }, "geometry": { "type": "Point", "coordinates": [ -108.475044388888875, 37.164793861111107 ] } },
{ "type": "Feature", "properties": { "URL": "https://github.com/rcfdtools/R.GISMobile/tree/main/file/gis/POI/39/20190521_141419.jpg", "Altitude": 2046.485, "GoogleMaps": "http://maps.google.com/maps?q=37.16479386111111,-108.47504438888889", "OSMaps": "https://www.openstreetmap.org/query?lat=37.16479386111111&lon=-108.47504438888889" }, "geometry": { "type": "Point", "coordinates": [ -108.475044388888875, 37.164793861111107 ] } },
{ "type": "Feature", "properties": { "URL": "https://github.com/rcfdtools/R.GISMobile/tree/main/file/gis/POI/39/20190521_141617.jpg", "Altitude": 2048.079, "GoogleMaps": "http://maps.google.com/maps?q=37.164696666666664,-108.47521966666667", "OSMaps": "https://www.openstreetmap.org/query?lat=37.164696666666664&lon=-108.47521966666667" }, "geometry": { "type": "Point", "coordinates": [ -108.475219666666675, 37.164696666666657 ] } },
{ "type": "Feature", "properties": { "URL": "https://github.com/rcfdtools/R.GISMobile/tree/main/file/gis/POI/39/20190521_141630.jpg", "Altitude": 2047.629, "GoogleMaps": "http://maps.google.com/maps?q=37.16476147222222,-108.47520677777779", "OSMaps": "https://www.openstreetmap.org/query?lat=37.16476147222222&lon=-108.47520677777779" }, "geometry": { "type": "Point", "coordinates": [ -108.4752067777778, 37.164761472222217 ] } },
{ "type": "Feature", "properties": { "URL": "https://github.com/rcfdtools/R.GISMobile/tree/main/file/gis/POI/39/20190521_141828.jpg", "Altitude": 2051.986, "GoogleMaps": "http://maps.google.com/maps?q=37.16524038888889,-108.47552980555555", "OSMaps": "https://www.openstreetmap.org/query?lat=37.16524038888889&lon=-108.47552980555555" }, "geometry": { "type": "Point", "coordinates": [ -108.475529805555567, 37.16524038888889 ] } },
{ "type": "Feature", "properties": { "URL": "https://github.com/rcfdtools/R.GISMobile/tree/main/file/gis/POI/39/20190521_141833.jpg", "Altitude": 2051.986, "GoogleMaps": "http://maps.google.com/maps?q=37.16524038888889,-108.47552980555555", "OSMaps": "https://www.openstreetmap.org/query?lat=37.16524038888889&lon=-108.47552980555555" }, "geometry": { "type": "Point", "coordinates": [ -108.475529805555567, 37.16524038888889 ] } },
{ "type": "Feature", "properties": { "URL": "https://github.com/rcfdtools/R.GISMobile/tree/main/file/gis/POI/39/20190521_141841.jpg", "Altitude": 2050.014, "GoogleMaps": "http://maps.google.com/maps?q=37.16533666666667,-108.47556694444445", "OSMaps": "https://www.openstreetmap.org/query?lat=37.16533666666667&lon=-108.47556694444445" }, "geometry": { "type": "Point", "coordinates": [ -108.475566944444438, 37.165336666666668 ] } },
{ "type": "Feature", "properties": { "URL": "https://github.com/rcfdtools/R.GISMobile/tree/main/file/gis/POI/39/20190521_141849.jpg", "Altitude": 2050.014, "GoogleMaps": "http://maps.google.com/maps?q=37.16533666666667,-108.47556694444445", "OSMaps": "https://www.openstreetmap.org/query?lat=37.16533666666667&lon=-108.47556694444445" }, "geometry": { "type": "Point", "coordinates": [ -108.475566944444438, 37.165336666666668 ] } },
{ "type": "Feature", "properties": { "URL": "https://github.com/rcfdtools/R.GISMobile/tree/main/file/gis/POI/39/20190521_153419.jpg", "Altitude": 2369.443, "GoogleMaps": "http://maps.google.com/maps?q=37.29698611111111,-108.44155161111111", "OSMaps": "https://www.openstreetmap.org/query?lat=37.29698611111111&lon=-108.44155161111111" }, "geometry": { "type": "Point", "coordinates": [ -108.441551611111123, 37.29698611111111 ] } },
{ "type": "Feature", "properties": { "URL": "https://github.com/rcfdtools/R.GISMobile/tree/main/file/gis/POI/39/20190521_153423.jpg", "Altitude": 2369.443, "GoogleMaps": "http://maps.google.com/maps?q=37.29698611111111,-108.44155161111111", "OSMaps": "https://www.openstreetmap.org/query?lat=37.29698611111111&lon=-108.44155161111111" }, "geometry": { "type": "Point", "coordinates": [ -108.441551611111123, 37.29698611111111 ] } },
{ "type": "Feature", "properties": { "URL": "https://github.com/rcfdtools/R.GISMobile/tree/main/file/gis/POI/39/20190521_153426.jpg", "Altitude": 2369.443, "GoogleMaps": "http://maps.google.com/maps?q=37.29698611111111,-108.44155161111111", "OSMaps": "https://www.openstreetmap.org/query?lat=37.29698611111111&lon=-108.44155161111111" }, "geometry": { "type": "Point", "coordinates": [ -108.441551611111123, 37.29698611111111 ] } },
{ "type": "Feature", "properties": { "URL": "https://github.com/rcfdtools/R.GISMobile/tree/main/file/gis/POI/39/20190521_153429.jpg", "Altitude": 2369.443, "GoogleMaps": "http://maps.google.com/maps?q=37.29698611111111,-108.44155161111111", "OSMaps": "https://www.openstreetmap.org/query?lat=37.29698611111111&lon=-108.44155161111111" }, "geometry": { "type": "Point", "coordinates": [ -108.441551611111123, 37.29698611111111 ] } },
{ "type": "Feature", "properties": { "URL": "https://github.com/rcfdtools/R.GISMobile/tree/main/file/gis/POI/39/20190521_153433.jpg", "Altitude": 2369.443, "GoogleMaps": "http://maps.google.com/maps?q=37.29698611111111,-108.44155161111111", "OSMaps": "https://www.openstreetmap.org/query?lat=37.29698611111111&lon=-108.44155161111111" }, "geometry": { "type": "Point", "coordinates": [ -108.441551611111123, 37.29698611111111 ] } },
{ "type": "Feature", "properties": { "URL": "https://github.com/rcfdtools/R.GISMobile/tree/main/file/gis/POI/39/20190521_153436.jpg", "Altitude": 2369.443, "GoogleMaps": "http://maps.google.com/maps?q=37.29698611111111,-108.44155161111111", "OSMaps": "https://www.openstreetmap.org/query?lat=37.29698611111111&lon=-108.44155161111111" }, "geometry": { "type": "Point", "coordinates": [ -108.441551611111123, 37.29698611111111 ] } },
{ "type": "Feature", "properties": { "URL": "https://github.com/rcfdtools/R.GISMobile/tree/main/file/gis/POI/39/20190521_153554.jpg", "Altitude": 2352.344, "GoogleMaps": "http://maps.google.com/maps?q=37.29693211111111,-108.44161516666667", "OSMaps": "https://www.openstreetmap.org/query?lat=37.29693211111111&lon=-108.44161516666667" }, "geometry": { "type": "Point", "coordinates": [ -108.441615166666679, 37.296932111111111 ] } },
{ "type": "Feature", "properties": { "URL": "https://github.com/rcfdtools/R.GISMobile/tree/main/file/gis/POI/39/20190521_153603.jpg", "Altitude": 2352.344, "GoogleMaps": "http://maps.google.com/maps?q=37.29693211111111,-108.44161516666667", "OSMaps": "https://www.openstreetmap.org/query?lat=37.29693211111111&lon=-108.44161516666667" }, "geometry": { "type": "Point", "coordinates": [ -108.441615166666679, 37.296932111111111 ] } },
{ "type": "Feature", "properties": { "URL": "https://github.com/rcfdtools/R.GISMobile/tree/main/file/gis/POI/39/20190521_153608.jpg", "Altitude": 2352.344, "GoogleMaps": "http://maps.google.com/maps?q=37.29693211111111,-108.44161516666667", "OSMaps": "https://www.openstreetmap.org/query?lat=37.29693211111111&lon=-108.44161516666667" }, "geometry": { "type": "Point", "coordinates": [ -108.441615166666679, 37.296932111111111 ] } },
{ "type": "Feature", "properties": { "URL": "https://github.com/rcfdtools/R.GISMobile/tree/main/file/gis/POI/39/20190521_153611.jpg", "Altitude": 2352.344, "GoogleMaps": "http://maps.google.com/maps?q=37.29693211111111,-108.44161516666667", "OSMaps": "https://www.openstreetmap.org/query?lat=37.29693211111111&lon=-108.44161516666667" }, "geometry": { "type": "Point", "coordinates": [ -108.441615166666679, 37.296932111111111 ] } },
{ "type": "Feature", "properties": { "URL": "https://github.com/rcfdtools/R.GISMobile/tree/main/file/gis/POI/39/20190521_153614.jpg", "Altitude": 2352.344, "GoogleMaps": "http://maps.google.com/maps?q=37.29693211111111,-108.44161516666667", "OSMaps": "https://www.openstreetmap.org/query?lat=37.29693211111111&lon=-108.44161516666667" }, "geometry": { "type": "Point", "coordinates": [ -108.441615166666679, 37.296932111111111 ] } },
{ "type": "Feature", "properties": { "URL": "https://github.com/rcfdtools/R.GISMobile/tree/main/file/gis/POI/39/20190521_153746.jpg", "Altitude": 2355.708, "GoogleMaps": "http://maps.google.com/maps?q=37.29652180555556,-108.4417138888889", "OSMaps": "https://www.openstreetmap.org/query?lat=37.29652180555556&lon=-108.4417138888889" }, "geometry": { "type": "Point", "coordinates": [ -108.441713888888899, 37.296521805555557 ] } },
{ "type": "Feature", "properties": { "URL": "https://github.com/rcfdtools/R.GISMobile/tree/main/file/gis/POI/39/20190521_153750.jpg", "Altitude": 2355.708, "GoogleMaps": "http://maps.google.com/maps?q=37.29652180555556,-108.4417138888889", "OSMaps": "https://www.openstreetmap.org/query?lat=37.29652180555556&lon=-108.4417138888889" }, "geometry": { "type": "Point", "coordinates": [ -108.441713888888899, 37.296521805555557 ] } },
{ "type": "Feature", "properties": { "URL": "https://github.com/rcfdtools/R.GISMobile/tree/main/file/gis/POI/4/PXL_20230503_171644384.jpg", "Altitude": 3402.35, "GoogleMaps": "http://maps.google.com/maps?q=4.585705555555555,-73.72865555555556", "OSMaps": "https://www.openstreetmap.org/query?lat=4.585705555555555&lon=-73.72865555555556" }, "geometry": { "type": "Point", "coordinates": [ -73.728655555555562, 4.585705555555555 ] } },
{ "type": "Feature", "properties": { "URL": "https://github.com/rcfdtools/R.GISMobile/tree/main/file/gis/POI/40/20190523_154256.jpg", "Altitude": 2419.11, "GoogleMaps": "http://maps.google.com/maps?q=38.25431419444445,-105.95302136111111", "OSMaps": "https://www.openstreetmap.org/query?lat=38.25431419444445&lon=-105.95302136111111" }, "geometry": { "type": "Point", "coordinates": [ -105.953021361111126, 38.254314194444447 ] } },
{ "type": "Feature", "properties": { "URL": "https://github.com/rcfdtools/R.GISMobile/tree/main/file/gis/POI/40/20190524_104849.jpg", "Altitude": 1966.812, "GoogleMaps": "http://maps.google.com/maps?q=38.463402638888894,-105.3210451111111", "OSMaps": "https://www.openstreetmap.org/query?lat=38.463402638888894&lon=-105.3210451111111" }, "geometry": { "type": "Point", "coordinates": [ -105.321045111111104, 38.463402638888894 ] } },
{ "type": "Feature", "properties": { "URL": "https://github.com/rcfdtools/R.GISMobile/tree/main/file/gis/POI/40/20190524_104855.jpg", "Altitude": 1966.812, "GoogleMaps": "http://maps.google.com/maps?q=38.463402638888894,-105.3210451111111", "OSMaps": "https://www.openstreetmap.org/query?lat=38.463402638888894&lon=-105.3210451111111" }, "geometry": { "type": "Point", "coordinates": [ -105.321045111111104, 38.463402638888894 ] } },
{ "type": "Feature", "properties": { "URL": "https://github.com/rcfdtools/R.GISMobile/tree/main/file/gis/POI/40/20190524_104915.jpg", "Altitude": 1977.296, "GoogleMaps": "http://maps.google.com/maps?q=38.46332705555556,-105.32100133333333", "OSMaps": "https://www.openstreetmap.org/query?lat=38.46332705555556&lon=-105.32100133333333" }, "geometry": { "type": "Point", "coordinates": [ -105.321001333333314, 38.46332705555556 ] } },
{ "type": "Feature", "properties": { "URL": "https://github.com/rcfdtools/R.GISMobile/tree/main/file/gis/POI/40/20190524_110640.jpg", "Altitude": 1963.785, "GoogleMaps": "http://maps.google.com/maps?q=38.463028333333334,-105.32197769444444", "OSMaps": "https://www.openstreetmap.org/query?lat=38.463028333333334&lon=-105.32197769444444" }, "geometry": { "type": "Point", "coordinates": [ -105.321977694444442, 38.463028333333327 ] } },
{ "type": "Feature", "properties": { "URL": "https://github.com/rcfdtools/R.GISMobile/tree/main/file/gis/POI/40/20190524_111333.jpg", "Altitude": 1975.029, "GoogleMaps": "http://maps.google.com/maps?q=38.46271458333334,-105.32212375", "OSMaps": "https://www.openstreetmap.org/query?lat=38.46271458333334&lon=-105.32212375" }, "geometry": { "type": "Point", "coordinates": [ -105.32212375, 38.462714583333337 ] } },
{ "type": "Feature", "properties": { "URL": "https://github.com/rcfdtools/R.GISMobile/tree/main/file/gis/POI/40/20190524_111339.jpg", "Altitude": 1975.029, "GoogleMaps": "http://maps.google.com/maps?q=38.46271458333334,-105.32212375", "OSMaps": "https://www.openstreetmap.org/query?lat=38.46271458333334&lon=-105.32212375" }, "geometry": { "type": "Point", "coordinates": [ -105.32212375, 38.462714583333337 ] } },
{ "type": "Feature", "properties": { "URL": "https://github.com/rcfdtools/R.GISMobile/tree/main/file/gis/POI/40/20190524_111342.jpg", "Altitude": 1975.029, "GoogleMaps": "http://maps.google.com/maps?q=38.46271458333334,-105.32212375", "OSMaps": "https://www.openstreetmap.org/query?lat=38.46271458333334&lon=-105.32212375" }, "geometry": { "type": "Point", "coordinates": [ -105.32212375, 38.462714583333337 ] } },
{ "type": "Feature", "properties": { "URL": "https://github.com/rcfdtools/R.GISMobile/tree/main/file/gis/POI/40/20190524_111345.jpg", "Altitude": 1975.029, "GoogleMaps": "http://maps.google.com/maps?q=38.46271458333334,-105.32212375", "OSMaps": "https://www.openstreetmap.org/query?lat=38.46271458333334&lon=-105.32212375" }, "geometry": { "type": "Point", "coordinates": [ -105.32212375, 38.462714583333337 ] } },
{ "type": "Feature", "properties": { "URL": "https://github.com/rcfdtools/R.GISMobile/tree/main/file/gis/POI/40/20190524_111417.jpg", "Altitude": 1966.663, "GoogleMaps": "http://maps.google.com/maps?q=38.462122,-105.32225538888889", "OSMaps": "https://www.openstreetmap.org/query?lat=38.462122&lon=-105.32225538888889" }, "geometry": { "type": "Point", "coordinates": [ -105.322255388888877, 38.462122 ] } },
{ "type": "Feature", "properties": { "URL": "https://github.com/rcfdtools/R.GISMobile/tree/main/file/gis/POI/40/20190524_111421.jpg", "Altitude": 1966.663, "GoogleMaps": "http://maps.google.com/maps?q=38.462122,-105.32225538888889", "OSMaps": "https://www.openstreetmap.org/query?lat=38.462122&lon=-105.32225538888889" }, "geometry": { "type": "Point", "coordinates": [ -105.322255388888877, 38.462122 ] } },
{ "type": "Feature", "properties": { "URL": "https://github.com/rcfdtools/R.GISMobile/tree/main/file/gis/POI/40/20190524_111508.jpg", "Altitude": 1969.971, "GoogleMaps": "http://maps.google.com/maps?q=38.45954527777778,-105.32294191666666", "OSMaps": "https://www.openstreetmap.org/query?lat=38.45954527777778&lon=-105.32294191666666" }, "geometry": { "type": "Point", "coordinates": [ -105.322941916666664, 38.459545277777778 ] } },
{ "type": "Feature", "properties": { "URL": "https://github.com/rcfdtools/R.GISMobile/tree/main/file/gis/POI/40/20190524_111510.jpg", "Altitude": 1970.358, "GoogleMaps": "http://maps.google.com/maps?q=38.45947955555556,-105.32295938888889", "OSMaps": "https://www.openstreetmap.org/query?lat=38.45947955555556&lon=-105.32295938888889" }, "geometry": { "type": "Point", "coordinates": [ -105.322959388888876, 38.459479555555561 ] } },
{ "type": "Feature", "properties": { "URL": "https://github.com/rcfdtools/R.GISMobile/tree/main/file/gis/POI/40/20190524_111513.jpg", "Altitude": 1970.358, "GoogleMaps": "http://maps.google.com/maps?q=38.45947955555556,-105.32295938888889", "OSMaps": "https://www.openstreetmap.org/query?lat=38.45947955555556&lon=-105.32295938888889" }, "geometry": { "type": "Point", "coordinates": [ -105.322959388888876, 38.459479555555561 ] } },
{ "type": "Feature", "properties": { "URL": "https://github.com/rcfdtools/R.GISMobile/tree/main/file/gis/POI/40/20190524_112933.jpg", "Altitude": 1995.973, "GoogleMaps": "http://maps.google.com/maps?q=38.459079333333335,-105.32367844444444", "OSMaps": "https://www.openstreetmap.org/query?lat=38.459079333333335&lon=-105.32367844444444" }, "geometry": { "type": "Point", "coordinates": [ -105.32367844444444, 38.459079333333335 ] } },
{ "type": "Feature", "properties": { "URL": "https://github.com/rcfdtools/R.GISMobile/tree/main/file/gis/POI/40/20190524_113026.jpg", "Altitude": 1997.628, "GoogleMaps": "http://maps.google.com/maps?q=38.459041000000006,-105.32386083333333", "OSMaps": "https://www.openstreetmap.org/query?lat=38.459041000000006&lon=-105.32386083333333" }, "geometry": { "type": "Point", "coordinates": [ -105.323860833333313, 38.459041 ] } },
{ "type": "Feature", "properties": { "URL": "https://github.com/rcfdtools/R.GISMobile/tree/main/file/gis/POI/40/20190524_113035.jpg", "Altitude": 1997.628, "GoogleMaps": "http://maps.google.com/maps?q=38.459041000000006,-105.32386083333333", "OSMaps": "https://www.openstreetmap.org/query?lat=38.459041000000006&lon=-105.32386083333333" }, "geometry": { "type": "Point", "coordinates": [ -105.323860833333313, 38.459041 ] } },
{ "type": "Feature", "properties": { "URL": "https://github.com/rcfdtools/R.GISMobile/tree/main/file/gis/POI/40/20190524_113042.jpg", "Altitude": 0.0, "GoogleMaps": "http://maps.google.com/maps?q=38.49675788888889,-105.321145", "OSMaps": "https://www.openstreetmap.org/query?lat=38.49675788888889&lon=-105.321145" }, "geometry": { "type": "Point", "coordinates": [ -105.321145, 38.496757888888887 ] } },
{ "type": "Feature", "properties": { "URL": "https://github.com/rcfdtools/R.GISMobile/tree/main/file/gis/POI/40/20190524_113321.jpg", "Altitude": 1996.209, "GoogleMaps": "http://maps.google.com/maps?q=38.45892830555556,-105.32407963888889", "OSMaps": "https://www.openstreetmap.org/query?lat=38.45892830555556&lon=-105.32407963888889" }, "geometry": { "type": "Point", "coordinates": [ -105.324079638888875, 38.45892830555556 ] } },
{ "type": "Feature", "properties": { "URL": "https://github.com/rcfdtools/R.GISMobile/tree/main/file/gis/POI/40/20190524_123102.jpg", "Altitude": 1960.645, "GoogleMaps": "http://maps.google.com/maps?q=38.45986955555556,-105.32638630555554", "OSMaps": "https://www.openstreetmap.org/query?lat=38.45986955555556&lon=-105.32638630555554" }, "geometry": { "type": "Point", "coordinates": [ -105.326386305555545, 38.459869555555557 ] } },
{ "type": "Feature", "properties": { "URL": "https://github.com/rcfdtools/R.GISMobile/tree/main/file/gis/POI/40/20190524_123106.jpg", "Altitude": 1960.645, "GoogleMaps": "http://maps.google.com/maps?q=38.45986955555556,-105.32638630555554", "OSMaps": "https://www.openstreetmap.org/query?lat=38.45986955555556&lon=-105.32638630555554" }, "geometry": { "type": "Point", "coordinates": [ -105.326386305555545, 38.459869555555557 ] } },
{ "type": "Feature", "properties": { "URL": "https://github.com/rcfdtools/R.GISMobile/tree/main/file/gis/POI/40/20190524_123219.jpg", "Altitude": 1960.697, "GoogleMaps": "http://maps.google.com/maps?q=38.46003788888889,-105.32649711111111", "OSMaps": "https://www.openstreetmap.org/query?lat=38.46003788888889&lon=-105.32649711111111" }, "geometry": { "type": "Point", "coordinates": [ -105.326497111111124, 38.460037888888891 ] } },
{ "type": "Feature", "properties": { "URL": "https://github.com/rcfdtools/R.GISMobile/tree/main/file/gis/POI/40/20190524_123223.jpg", "Altitude": 1960.697, "GoogleMaps": "http://maps.google.com/maps?q=38.46003788888889,-105.32649711111111", "OSMaps": "https://www.openstreetmap.org/query?lat=38.46003788888889&lon=-105.32649711111111" }, "geometry": { "type": "Point", "coordinates": [ -105.326497111111124, 38.460037888888891 ] } },
{ "type": "Feature", "properties": { "URL": "https://github.com/rcfdtools/R.GISMobile/tree/main/file/gis/POI/40/20190524_123229.jpg", "Altitude": 1960.697, "GoogleMaps": "http://maps.google.com/maps?q=38.46003788888889,-105.32649711111111", "OSMaps": "https://www.openstreetmap.org/query?lat=38.46003788888889&lon=-105.32649711111111" }, "geometry": { "type": "Point", "coordinates": [ -105.326497111111124, 38.460037888888891 ] } },
{ "type": "Feature", "properties": { "URL": "https://github.com/rcfdtools/R.GISMobile/tree/main/file/gis/POI/40/20190524_123235.jpg", "Altitude": 1963.0, "GoogleMaps": "http://maps.google.com/maps?q=38.460053638888894,-105.32653808333333", "OSMaps": "https://www.openstreetmap.org/query?lat=38.460053638888894&lon=-105.32653808333333" }, "geometry": { "type": "Point", "coordinates": [ -105.326538083333318, 38.460053638888894 ] } },
{ "type": "Feature", "properties": { "URL": "https://github.com/rcfdtools/R.GISMobile/tree/main/file/gis/POI/40/20190524_123251.jpg", "Altitude": 1963.0, "GoogleMaps": "http://maps.google.com/maps?q=38.460053638888894,-105.32653808333333", "OSMaps": "https://www.openstreetmap.org/query?lat=38.460053638888894&lon=-105.32653808333333" }, "geometry": { "type": "Point", "coordinates": [ -105.326538083333318, 38.460053638888894 ] } },
{ "type": "Feature", "properties": { "URL": "https://github.com/rcfdtools/R.GISMobile/tree/main/file/gis/POI/40/20190524_123409.jpg", "Altitude": 1958.099, "GoogleMaps": "http://maps.google.com/maps?q=38.460224583333336,-105.32680497222222", "OSMaps": "https://www.openstreetmap.org/query?lat=38.460224583333336&lon=-105.32680497222222" }, "geometry": { "type": "Point", "coordinates": [ -105.32680497222222, 38.460224583333336 ] } },
{ "type": "Feature", "properties": { "URL": "https://github.com/rcfdtools/R.GISMobile/tree/main/file/gis/POI/40/20190524_123420.jpg", "Altitude": 1958.099, "GoogleMaps": "http://maps.google.com/maps?q=38.460224583333336,-105.32680497222222", "OSMaps": "https://www.openstreetmap.org/query?lat=38.460224583333336&lon=-105.32680497222222" }, "geometry": { "type": "Point", "coordinates": [ -105.32680497222222, 38.460224583333336 ] } },
{ "type": "Feature", "properties": { "URL": "https://github.com/rcfdtools/R.GISMobile/tree/main/file/gis/POI/40/20190524_123607.jpg", "Altitude": 1965.527, "GoogleMaps": "http://maps.google.com/maps?q=38.459862138888894,-105.32721494444444", "OSMaps": "https://www.openstreetmap.org/query?lat=38.459862138888894&lon=-105.32721494444444" }, "geometry": { "type": "Point", "coordinates": [ -105.327214944444435, 38.459862138888894 ] } },
{ "type": "Feature", "properties": { "URL": "https://github.com/rcfdtools/R.GISMobile/tree/main/file/gis/POI/40/20190524_123619.jpg", "Altitude": 1965.527, "GoogleMaps": "http://maps.google.com/maps?q=38.459862138888894,-105.32721494444444", "OSMaps": "https://www.openstreetmap.org/query?lat=38.459862138888894&lon=-105.32721494444444" }, "geometry": { "type": "Point", "coordinates": [ -105.327214944444435, 38.459862138888894 ] } },
{ "type": "Feature", "properties": { "URL": "https://github.com/rcfdtools/R.GISMobile/tree/main/file/gis/POI/40/20190524_123641.jpg", "Altitude": 1958.099, "GoogleMaps": "http://maps.google.com/maps?q=38.460224583333336,-105.32680497222222", "OSMaps": "https://www.openstreetmap.org/query?lat=38.460224583333336&lon=-105.32680497222222" }, "geometry": { "type": "Point", "coordinates": [ -105.32680497222222, 38.460224583333336 ] } },
{ "type": "Feature", "properties": { "URL": "https://github.com/rcfdtools/R.GISMobile/tree/main/file/gis/POI/40/20190524_123649.jpg", "Altitude": 1958.099, "GoogleMaps": "http://maps.google.com/maps?q=38.460224583333336,-105.32680497222222", "OSMaps": "https://www.openstreetmap.org/query?lat=38.460224583333336&lon=-105.32680497222222" }, "geometry": { "type": "Point", "coordinates": [ -105.32680497222222, 38.460224583333336 ] } },
{ "type": "Feature", "properties": { "URL": "https://github.com/rcfdtools/R.GISMobile/tree/main/file/gis/POI/40/20190524_123653.jpg", "Altitude": 1958.099, "GoogleMaps": "http://maps.google.com/maps?q=38.460224583333336,-105.32680497222222", "OSMaps": "https://www.openstreetmap.org/query?lat=38.460224583333336&lon=-105.32680497222222" }, "geometry": { "type": "Point", "coordinates": [ -105.32680497222222, 38.460224583333336 ] } },
{ "type": "Feature", "properties": { "URL": "https://github.com/rcfdtools/R.GISMobile/tree/main/file/gis/POI/40/20190524_123715.jpg", "Altitude": 1958.099, "GoogleMaps": "http://maps.google.com/maps?q=38.460224583333336,-105.32680497222222", "OSMaps": "https://www.openstreetmap.org/query?lat=38.460224583333336&lon=-105.32680497222222" }, "geometry": { "type": "Point", "coordinates": [ -105.32680497222222, 38.460224583333336 ] } },
{ "type": "Feature", "properties": { "URL": "https://github.com/rcfdtools/R.GISMobile/tree/main/file/gis/POI/40/20190524_123726.jpg", "Altitude": 1958.099, "GoogleMaps": "http://maps.google.com/maps?q=38.460224583333336,-105.32680497222222", "OSMaps": "https://www.openstreetmap.org/query?lat=38.460224583333336&lon=-105.32680497222222" }, "geometry": { "type": "Point", "coordinates": [ -105.32680497222222, 38.460224583333336 ] } },
{ "type": "Feature", "properties": { "URL": "https://github.com/rcfdtools/R.GISMobile/tree/main/file/gis/POI/40/20190524_123736.jpg", "Altitude": 1958.099, "GoogleMaps": "http://maps.google.com/maps?q=38.460224583333336,-105.32680497222222", "OSMaps": "https://www.openstreetmap.org/query?lat=38.460224583333336&lon=-105.32680497222222" }, "geometry": { "type": "Point", "coordinates": [ -105.32680497222222, 38.460224583333336 ] } },
{ "type": "Feature", "properties": { "URL": "https://github.com/rcfdtools/R.GISMobile/tree/main/file/gis/POI/40/20190524_123755.jpg", "Altitude": 1958.099, "GoogleMaps": "http://maps.google.com/maps?q=38.460224583333336,-105.32680497222222", "OSMaps": "https://www.openstreetmap.org/query?lat=38.460224583333336&lon=-105.32680497222222" }, "geometry": { "type": "Point", "coordinates": [ -105.32680497222222, 38.460224583333336 ] } },
{ "type": "Feature", "properties": { "URL": "https://github.com/rcfdtools/R.GISMobile/tree/main/file/gis/POI/40/20190524_123846.jpg", "Altitude": 1958.099, "GoogleMaps": "http://maps.google.com/maps?q=38.460224583333336,-105.32680497222222", "OSMaps": "https://www.openstreetmap.org/query?lat=38.460224583333336&lon=-105.32680497222222" }, "geometry": { "type": "Point", "coordinates": [ -105.32680497222222, 38.460224583333336 ] } },
{ "type": "Feature", "properties": { "URL": "https://github.com/rcfdtools/R.GISMobile/tree/main/file/gis/POI/40/20190524_123853.jpg", "Altitude": 1958.099, "GoogleMaps": "http://maps.google.com/maps?q=38.460224583333336,-105.32680497222222", "OSMaps": "https://www.openstreetmap.org/query?lat=38.460224583333336&lon=-105.32680497222222" }, "geometry": { "type": "Point", "coordinates": [ -105.32680497222222, 38.460224583333336 ] } },
{ "type": "Feature", "properties": { "URL": "https://github.com/rcfdtools/R.GISMobile/tree/main/file/gis/POI/40/20190524_123908.jpg", "Altitude": 1958.099, "GoogleMaps": "http://maps.google.com/maps?q=38.460224583333336,-105.32680497222222", "OSMaps": "https://www.openstreetmap.org/query?lat=38.460224583333336&lon=-105.32680497222222" }, "geometry": { "type": "Point", "coordinates": [ -105.32680497222222, 38.460224583333336 ] } },
{ "type": "Feature", "properties": { "URL": "https://github.com/rcfdtools/R.GISMobile/tree/main/file/gis/POI/40/20190524_123911.jpg", "Altitude": 1958.099, "GoogleMaps": "http://maps.google.com/maps?q=38.460224583333336,-105.32680497222222", "OSMaps": "https://www.openstreetmap.org/query?lat=38.460224583333336&lon=-105.32680497222222" }, "geometry": { "type": "Point", "coordinates": [ -105.32680497222222, 38.460224583333336 ] } },
{ "type": "Feature", "properties": { "URL": "https://github.com/rcfdtools/R.GISMobile/tree/main/file/gis/POI/40/20190524_123947.jpg", "Altitude": 1958.099, "GoogleMaps": "http://maps.google.com/maps?q=38.460224583333336,-105.32680497222222", "OSMaps": "https://www.openstreetmap.org/query?lat=38.460224583333336&lon=-105.32680497222222" }, "geometry": { "type": "Point", "coordinates": [ -105.32680497222222, 38.460224583333336 ] } },
{ "type": "Feature", "properties": { "URL": "https://github.com/rcfdtools/R.GISMobile/tree/main/file/gis/POI/40/20190524_123952.jpg", "Altitude": 1958.099, "GoogleMaps": "http://maps.google.com/maps?q=38.460224583333336,-105.32680497222222", "OSMaps": "https://www.openstreetmap.org/query?lat=38.460224583333336&lon=-105.32680497222222" }, "geometry": { "type": "Point", "coordinates": [ -105.32680497222222, 38.460224583333336 ] } },
{ "type": "Feature", "properties": { "URL": "https://github.com/rcfdtools/R.GISMobile/tree/main/file/gis/POI/40/20190524_124102.jpg", "Altitude": 1958.099, "GoogleMaps": "http://maps.google.com/maps?q=38.460224583333336,-105.32680497222222", "OSMaps": "https://www.openstreetmap.org/query?lat=38.460224583333336&lon=-105.32680497222222" }, "geometry": { "type": "Point", "coordinates": [ -105.32680497222222, 38.460224583333336 ] } },
{ "type": "Feature", "properties": { "URL": "https://github.com/rcfdtools/R.GISMobile/tree/main/file/gis/POI/40/20190524_124108.jpg", "Altitude": 1958.099, "GoogleMaps": "http://maps.google.com/maps?q=38.460224583333336,-105.32680497222222", "OSMaps": "https://www.openstreetmap.org/query?lat=38.460224583333336&lon=-105.32680497222222" }, "geometry": { "type": "Point", "coordinates": [ -105.32680497222222, 38.460224583333336 ] } },
{ "type": "Feature", "properties": { "URL": "https://github.com/rcfdtools/R.GISMobile/tree/main/file/gis/POI/40/20190524_124115.jpg", "Altitude": 1958.099, "GoogleMaps": "http://maps.google.com/maps?q=38.460224583333336,-105.32680497222222", "OSMaps": "https://www.openstreetmap.org/query?lat=38.460224583333336&lon=-105.32680497222222" }, "geometry": { "type": "Point", "coordinates": [ -105.32680497222222, 38.460224583333336 ] } },
{ "type": "Feature", "properties": { "URL": "https://github.com/rcfdtools/R.GISMobile/tree/main/file/gis/POI/40/20190524_124132.jpg", "Altitude": 1958.099, "GoogleMaps": "http://maps.google.com/maps?q=38.460224583333336,-105.32680497222222", "OSMaps": "https://www.openstreetmap.org/query?lat=38.460224583333336&lon=-105.32680497222222" }, "geometry": { "type": "Point", "coordinates": [ -105.32680497222222, 38.460224583333336 ] } },
{ "type": "Feature", "properties": { "URL": "https://github.com/rcfdtools/R.GISMobile/tree/main/file/gis/POI/40/20190524_124136.jpg", "Altitude": 1958.099, "GoogleMaps": "http://maps.google.com/maps?q=38.460224583333336,-105.32680497222222", "OSMaps": "https://www.openstreetmap.org/query?lat=38.460224583333336&lon=-105.32680497222222" }, "geometry": { "type": "Point", "coordinates": [ -105.32680497222222, 38.460224583333336 ] } },
{ "type": "Feature", "properties": { "URL": "https://github.com/rcfdtools/R.GISMobile/tree/main/file/gis/POI/40/20190524_124143.jpg", "Altitude": 1958.099, "GoogleMaps": "http://maps.google.com/maps?q=38.460224583333336,-105.32680497222222", "OSMaps": "https://www.openstreetmap.org/query?lat=38.460224583333336&lon=-105.32680497222222" }, "geometry": { "type": "Point", "coordinates": [ -105.32680497222222, 38.460224583333336 ] } },
{ "type": "Feature", "properties": { "URL": "https://github.com/rcfdtools/R.GISMobile/tree/main/file/gis/POI/40/20190524_124147.jpg", "Altitude": 1958.099, "GoogleMaps": "http://maps.google.com/maps?q=38.460224583333336,-105.32680497222222", "OSMaps": "https://www.openstreetmap.org/query?lat=38.460224583333336&lon=-105.32680497222222" }, "geometry": { "type": "Point", "coordinates": [ -105.32680497222222, 38.460224583333336 ] } },
{ "type": "Feature", "properties": { "URL": "https://github.com/rcfdtools/R.GISMobile/tree/main/file/gis/POI/40/20190524_124204.jpg", "Altitude": 1954.595, "GoogleMaps": "http://maps.google.com/maps?q=38.460651472222224,-105.32643458333332", "OSMaps": "https://www.openstreetmap.org/query?lat=38.460651472222224&lon=-105.32643458333332" }, "geometry": { "type": "Point", "coordinates": [ -105.326434583333324, 38.460651472222224 ] } },
{ "type": "Feature", "properties": { "URL": "https://github.com/rcfdtools/R.GISMobile/tree/main/file/gis/POI/40/20190524_124206.jpg", "Altitude": 1958.717, "GoogleMaps": "http://maps.google.com/maps?q=38.460655583333335,-105.32642630555556", "OSMaps": "https://www.openstreetmap.org/query?lat=38.460655583333335&lon=-105.32642630555556" }, "geometry": { "type": "Point", "coordinates": [ -105.326426305555557, 38.460655583333335 ] } },
{ "type": "Feature", "properties": { "URL": "https://github.com/rcfdtools/R.GISMobile/tree/main/file/gis/POI/40/20190524_124334.jpg", "Altitude": 1951.564, "GoogleMaps": "http://maps.google.com/maps?q=38.46058113888889,-105.32591155555555", "OSMaps": "https://www.openstreetmap.org/query?lat=38.46058113888889&lon=-105.32591155555555" }, "geometry": { "type": "Point", "coordinates": [ -105.325911555555564, 38.460581138888891 ] } },
{ "type": "Feature", "properties": { "URL": "https://github.com/rcfdtools/R.GISMobile/tree/main/file/gis/POI/40/20190524_124611.jpg", "Altitude": 1946.938, "GoogleMaps": "http://maps.google.com/maps?q=38.461115944444444,-105.3258635", "OSMaps": "https://www.openstreetmap.org/query?lat=38.461115944444444&lon=-105.3258635" }, "geometry": { "type": "Point", "coordinates": [ -105.3258635, 38.461115944444451 ] } },
{ "type": "Feature", "properties": { "URL": "https://github.com/rcfdtools/R.GISMobile/tree/main/file/gis/POI/40/20190524_124615.jpg", "Altitude": 1946.938, "GoogleMaps": "http://maps.google.com/maps?q=38.461115944444444,-105.3258635", "OSMaps": "https://www.openstreetmap.org/query?lat=38.461115944444444&lon=-105.3258635" }, "geometry": { "type": "Point", "coordinates": [ -105.3258635, 38.461115944444451 ] } },
{ "type": "Feature", "properties": { "URL": "https://github.com/rcfdtools/R.GISMobile/tree/main/file/gis/POI/40/20190524_124624.jpg", "Altitude": 1946.938, "GoogleMaps": "http://maps.google.com/maps?q=38.461115944444444,-105.3258635", "OSMaps": "https://www.openstreetmap.org/query?lat=38.461115944444444&lon=-105.3258635" }, "geometry": { "type": "Point", "coordinates": [ -105.3258635, 38.461115944444451 ] } },
{ "type": "Feature", "properties": { "URL": "https://github.com/rcfdtools/R.GISMobile/tree/main/file/gis/POI/40/20190524_124630.jpg", "Altitude": 1946.938, "GoogleMaps": "http://maps.google.com/maps?q=38.461115944444444,-105.3258635", "OSMaps": "https://www.openstreetmap.org/query?lat=38.461115944444444&lon=-105.3258635" }, "geometry": { "type": "Point", "coordinates": [ -105.3258635, 38.461115944444451 ] } },
{ "type": "Feature", "properties": { "URL": "https://github.com/rcfdtools/R.GISMobile/tree/main/file/gis/POI/40/20190524_124649.jpg", "Altitude": 1949.622, "GoogleMaps": "http://maps.google.com/maps?q=38.461111,-105.32583269444444", "OSMaps": "https://www.openstreetmap.org/query?lat=38.461111&lon=-105.32583269444444" }, "geometry": { "type": "Point", "coordinates": [ -105.325832694444443, 38.461111 ] } },
{ "type": "Feature", "properties": { "URL": "https://github.com/rcfdtools/R.GISMobile/tree/main/file/gis/POI/40/20190524_124702.jpg", "Altitude": 1949.622, "GoogleMaps": "http://maps.google.com/maps?q=38.461111,-105.32583269444444", "OSMaps": "https://www.openstreetmap.org/query?lat=38.461111&lon=-105.32583269444444" }, "geometry": { "type": "Point", "coordinates": [ -105.325832694444443, 38.461111 ] } },
{ "type": "Feature", "properties": { "URL": "https://github.com/rcfdtools/R.GISMobile/tree/main/file/gis/POI/40/20190524_124741.jpg", "Altitude": 1949.622, "GoogleMaps": "http://maps.google.com/maps?q=38.461111,-105.32583269444444", "OSMaps": "https://www.openstreetmap.org/query?lat=38.461111&lon=-105.32583269444444" }, "geometry": { "type": "Point", "coordinates": [ -105.325832694444443, 38.461111 ] } },
{ "type": "Feature", "properties": { "URL": "https://github.com/rcfdtools/R.GISMobile/tree/main/file/gis/POI/40/20190524_124749.jpg", "Altitude": 1969.977, "GoogleMaps": "http://maps.google.com/maps?q=38.46112572222223,-105.32570205555555", "OSMaps": "https://www.openstreetmap.org/query?lat=38.46112572222223&lon=-105.32570205555555" }, "geometry": { "type": "Point", "coordinates": [ -105.325702055555567, 38.461125722222228 ] } },
{ "type": "Feature", "properties": { "URL": "https://github.com/rcfdtools/R.GISMobile/tree/main/file/gis/POI/40/20190524_124759.jpg", "Altitude": 1969.977, "GoogleMaps": "http://maps.google.com/maps?q=38.46112572222223,-105.32570205555555", "OSMaps": "https://www.openstreetmap.org/query?lat=38.46112572222223&lon=-105.32570205555555" }, "geometry": { "type": "Point", "coordinates": [ -105.325702055555567, 38.461125722222228 ] } },
{ "type": "Feature", "properties": { "URL": "https://github.com/rcfdtools/R.GISMobile/tree/main/file/gis/POI/40/20190524_124808.jpg", "Altitude": 1969.977, "GoogleMaps": "http://maps.google.com/maps?q=38.46112572222223,-105.32570205555555", "OSMaps": "https://www.openstreetmap.org/query?lat=38.46112572222223&lon=-105.32570205555555" }, "geometry": { "type": "Point", "coordinates": [ -105.325702055555567, 38.461125722222228 ] } },
{ "type": "Feature", "properties": { "URL": "https://github.com/rcfdtools/R.GISMobile/tree/main/file/gis/POI/40/20190524_124819.jpg", "Altitude": 1955.727, "GoogleMaps": "http://maps.google.com/maps?q=38.46118677777778,-105.32563144444444", "OSMaps": "https://www.openstreetmap.org/query?lat=38.46118677777778&lon=-105.32563144444444" }, "geometry": { "type": "Point", "coordinates": [ -105.32563144444444, 38.461186777777783 ] } },
{ "type": "Feature", "properties": { "URL": "https://github.com/rcfdtools/R.GISMobile/tree/main/file/gis/POI/40/20190524_124835.jpg", "Altitude": 1955.727, "GoogleMaps": "http://maps.google.com/maps?q=38.46118677777778,-105.32563144444444", "OSMaps": "https://www.openstreetmap.org/query?lat=38.46118677777778&lon=-105.32563144444444" }, "geometry": { "type": "Point", "coordinates": [ -105.32563144444444, 38.461186777777783 ] } },
{ "type": "Feature", "properties": { "URL": "https://github.com/rcfdtools/R.GISMobile/tree/main/file/gis/POI/40/20190524_125007.jpg", "Altitude": 1958.412, "GoogleMaps": "http://maps.google.com/maps?q=38.46140783333334,-105.32551269444444", "OSMaps": "https://www.openstreetmap.org/query?lat=38.46140783333334&lon=-105.32551269444444" }, "geometry": { "type": "Point", "coordinates": [ -105.325512694444441, 38.46140783333334 ] } },
{ "type": "Feature", "properties": { "URL": "https://github.com/rcfdtools/R.GISMobile/tree/main/file/gis/POI/40/20190524_125011.jpg", "Altitude": 1958.412, "GoogleMaps": "http://maps.google.com/maps?q=38.46140783333334,-105.32551269444444", "OSMaps": "https://www.openstreetmap.org/query?lat=38.46140783333334&lon=-105.32551269444444" }, "geometry": { "type": "Point", "coordinates": [ -105.325512694444441, 38.46140783333334 ] } },
{ "type": "Feature", "properties": { "URL": "https://github.com/rcfdtools/R.GISMobile/tree/main/file/gis/POI/40/20190524_125016.jpg", "Altitude": 1958.412, "GoogleMaps": "http://maps.google.com/maps?q=38.46140783333334,-105.32551269444444", "OSMaps": "https://www.openstreetmap.org/query?lat=38.46140783333334&lon=-105.32551269444444" }, "geometry": { "type": "Point", "coordinates": [ -105.325512694444441, 38.46140783333334 ] } },
{ "type": "Feature", "properties": { "URL": "https://github.com/rcfdtools/R.GISMobile/tree/main/file/gis/POI/40/20190524_125018.jpg", "Altitude": 1958.412, "GoogleMaps": "http://maps.google.com/maps?q=38.46140783333334,-105.32551269444444", "OSMaps": "https://www.openstreetmap.org/query?lat=38.46140783333334&lon=-105.32551269444444" }, "geometry": { "type": "Point", "coordinates": [ -105.325512694444441, 38.46140783333334 ] } },
{ "type": "Feature", "properties": { "URL": "https://github.com/rcfdtools/R.GISMobile/tree/main/file/gis/POI/40/20190524_125025.jpg", "Altitude": 1958.412, "GoogleMaps": "http://maps.google.com/maps?q=38.46140783333334,-105.32551269444444", "OSMaps": "https://www.openstreetmap.org/query?lat=38.46140783333334&lon=-105.32551269444444" }, "geometry": { "type": "Point", "coordinates": [ -105.325512694444441, 38.46140783333334 ] } },
{ "type": "Feature", "properties": { "URL": "https://github.com/rcfdtools/R.GISMobile/tree/main/file/gis/POI/40/20190524_125403.jpg", "Altitude": 1955.573, "GoogleMaps": "http://maps.google.com/maps?q=38.46188188888889,-105.32477808333333", "OSMaps": "https://www.openstreetmap.org/query?lat=38.46188188888889&lon=-105.32477808333333" }, "geometry": { "type": "Point", "coordinates": [ -105.324778083333314, 38.46188188888889 ] } },
{ "type": "Feature", "properties": { "URL": "https://github.com/rcfdtools/R.GISMobile/tree/main/file/gis/POI/40/20190524_125413.jpg", "Altitude": 1955.573, "GoogleMaps": "http://maps.google.com/maps?q=38.46188188888889,-105.32477808333333", "OSMaps": "https://www.openstreetmap.org/query?lat=38.46188188888889&lon=-105.32477808333333" }, "geometry": { "type": "Point", "coordinates": [ -105.324778083333314, 38.46188188888889 ] } },
{ "type": "Feature", "properties": { "URL": "https://github.com/rcfdtools/R.GISMobile/tree/main/file/gis/POI/40/20190524_125421.jpg", "Altitude": 1955.573, "GoogleMaps": "http://maps.google.com/maps?q=38.46188188888889,-105.32477808333333", "OSMaps": "https://www.openstreetmap.org/query?lat=38.46188188888889&lon=-105.32477808333333" }, "geometry": { "type": "Point", "coordinates": [ -105.324778083333314, 38.46188188888889 ] } },
{ "type": "Feature", "properties": { "URL": "https://github.com/rcfdtools/R.GISMobile/tree/main/file/gis/POI/40/20190524_125438.jpg", "Altitude": 1957.748, "GoogleMaps": "http://maps.google.com/maps?q=38.46190377777778,-105.32478430555555", "OSMaps": "https://www.openstreetmap.org/query?lat=38.46190377777778&lon=-105.32478430555555" }, "geometry": { "type": "Point", "coordinates": [ -105.324784305555553, 38.461903777777778 ] } },
{ "type": "Feature", "properties": { "URL": "https://github.com/rcfdtools/R.GISMobile/tree/main/file/gis/POI/40/20190524_125441.jpg", "Altitude": 1958.307, "GoogleMaps": "http://maps.google.com/maps?q=38.461893833333335,-105.32478449999999", "OSMaps": "https://www.openstreetmap.org/query?lat=38.461893833333335&lon=-105.32478449999999" }, "geometry": { "type": "Point", "coordinates": [ -105.3247845, 38.461893833333335 ] } },
{ "type": "Feature", "properties": { "URL": "https://github.com/rcfdtools/R.GISMobile/tree/main/file/gis/POI/40/20190524_125446.jpg", "Altitude": 1958.307, "GoogleMaps": "http://maps.google.com/maps?q=38.461893833333335,-105.32478449999999", "OSMaps": "https://www.openstreetmap.org/query?lat=38.461893833333335&lon=-105.32478449999999" }, "geometry": { "type": "Point", "coordinates": [ -105.3247845, 38.461893833333335 ] } },
{ "type": "Feature", "properties": { "URL": "https://github.com/rcfdtools/R.GISMobile/tree/main/file/gis/POI/40/20190524_125459.jpg", "Altitude": 1962.924, "GoogleMaps": "http://maps.google.com/maps?q=38.461885111111116,-105.32473436111111", "OSMaps": "https://www.openstreetmap.org/query?lat=38.461885111111116&lon=-105.32473436111111" }, "geometry": { "type": "Point", "coordinates": [ -105.324734361111126, 38.461885111111123 ] } },
{ "type": "Feature", "properties": { "URL": "https://github.com/rcfdtools/R.GISMobile/tree/main/file/gis/POI/40/20190524_125524.jpg", "Altitude": 1965.972, "GoogleMaps": "http://maps.google.com/maps?q=38.46188519444445,-105.32469144444444", "OSMaps": "https://www.openstreetmap.org/query?lat=38.46188519444445&lon=-105.32469144444444" }, "geometry": { "type": "Point", "coordinates": [ -105.32469144444444, 38.461885194444449 ] } },
{ "type": "Feature", "properties": { "URL": "https://github.com/rcfdtools/R.GISMobile/tree/main/file/gis/POI/40/20190524_125547.jpg", "Altitude": 1965.972, "GoogleMaps": "http://maps.google.com/maps?q=38.46188519444445,-105.32469144444444", "OSMaps": "https://www.openstreetmap.org/query?lat=38.46188519444445&lon=-105.32469144444444" }, "geometry": { "type": "Point", "coordinates": [ -105.32469144444444, 38.461885194444449 ] } },
{ "type": "Feature", "properties": { "URL": "https://github.com/rcfdtools/R.GISMobile/tree/main/file/gis/POI/40/20190524_125552.jpg", "Altitude": 1965.972, "GoogleMaps": "http://maps.google.com/maps?q=38.46188519444445,-105.32469144444444", "OSMaps": "https://www.openstreetmap.org/query?lat=38.46188519444445&lon=-105.32469144444444" }, "geometry": { "type": "Point", "coordinates": [ -105.32469144444444, 38.461885194444449 ] } },
{ "type": "Feature", "properties": { "URL": "https://github.com/rcfdtools/R.GISMobile/tree/main/file/gis/POI/40/20190524_125600.jpg", "Altitude": 1965.972, "GoogleMaps": "http://maps.google.com/maps?q=38.46188519444445,-105.32469144444444", "OSMaps": "https://www.openstreetmap.org/query?lat=38.46188519444445&lon=-105.32469144444444" }, "geometry": { "type": "Point", "coordinates": [ -105.32469144444444, 38.461885194444449 ] } },
{ "type": "Feature", "properties": { "URL": "https://github.com/rcfdtools/R.GISMobile/tree/main/file/gis/POI/40/20190524_125750.jpg", "Altitude": 1967.76, "GoogleMaps": "http://maps.google.com/maps?q=38.46263969444445,-105.32421152777778", "OSMaps": "https://www.openstreetmap.org/query?lat=38.46263969444445&lon=-105.32421152777778" }, "geometry": { "type": "Point", "coordinates": [ -105.324211527777777, 38.462639694444448 ] } },
{ "type": "Feature", "properties": { "URL": "https://github.com/rcfdtools/R.GISMobile/tree/main/file/gis/POI/40/20190524_125819.jpg", "Altitude": 1967.76, "GoogleMaps": "http://maps.google.com/maps?q=38.46263969444445,-105.32421152777778", "OSMaps": "https://www.openstreetmap.org/query?lat=38.46263969444445&lon=-105.32421152777778" }, "geometry": { "type": "Point", "coordinates": [ -105.324211527777777, 38.462639694444448 ] } },
{ "type": "Feature", "properties": { "URL": "https://github.com/rcfdtools/R.GISMobile/tree/main/file/gis/POI/40/20190524_125824.jpg", "Altitude": 1967.76, "GoogleMaps": "http://maps.google.com/maps?q=38.46263969444445,-105.32421152777778", "OSMaps": "https://www.openstreetmap.org/query?lat=38.46263969444445&lon=-105.32421152777778" }, "geometry": { "type": "Point", "coordinates": [ -105.324211527777777, 38.462639694444448 ] } },
{ "type": "Feature", "properties": { "URL": "https://github.com/rcfdtools/R.GISMobile/tree/main/file/gis/POI/40/20190524_125832.jpg", "Altitude": 1967.76, "GoogleMaps": "http://maps.google.com/maps?q=38.46263969444445,-105.32421152777778", "OSMaps": "https://www.openstreetmap.org/query?lat=38.46263969444445&lon=-105.32421152777778" }, "geometry": { "type": "Point", "coordinates": [ -105.324211527777777, 38.462639694444448 ] } },
{ "type": "Feature", "properties": { "URL": "https://github.com/rcfdtools/R.GISMobile/tree/main/file/gis/POI/40/20190524_125838.jpg", "Altitude": 1967.76, "GoogleMaps": "http://maps.google.com/maps?q=38.46263969444445,-105.32421152777778", "OSMaps": "https://www.openstreetmap.org/query?lat=38.46263969444445&lon=-105.32421152777778" }, "geometry": { "type": "Point", "coordinates": [ -105.324211527777777, 38.462639694444448 ] } },
{ "type": "Feature", "properties": { "URL": "https://github.com/rcfdtools/R.GISMobile/tree/main/file/gis/POI/40/20190524_125849.jpg", "Altitude": 1967.76, "GoogleMaps": "http://maps.google.com/maps?q=38.46263969444445,-105.32421152777778", "OSMaps": "https://www.openstreetmap.org/query?lat=38.46263969444445&lon=-105.32421152777778" }, "geometry": { "type": "Point", "coordinates": [ -105.324211527777777, 38.462639694444448 ] } },
{ "type": "Feature", "properties": { "URL": "https://github.com/rcfdtools/R.GISMobile/tree/main/file/gis/POI/40/20190524_125859.jpg", "Altitude": 1967.76, "GoogleMaps": "http://maps.google.com/maps?q=38.46263969444445,-105.32421152777778", "OSMaps": "https://www.openstreetmap.org/query?lat=38.46263969444445&lon=-105.32421152777778" }, "geometry": { "type": "Point", "coordinates": [ -105.324211527777777, 38.462639694444448 ] } },
{ "type": "Feature", "properties": { "URL": "https://github.com/rcfdtools/R.GISMobile/tree/main/file/gis/POI/40/20190524_125908.jpg", "Altitude": 1967.76, "GoogleMaps": "http://maps.google.com/maps?q=38.46263969444445,-105.32421152777778", "OSMaps": "https://www.openstreetmap.org/query?lat=38.46263969444445&lon=-105.32421152777778" }, "geometry": { "type": "Point", "coordinates": [ -105.324211527777777, 38.462639694444448 ] } },
{ "type": "Feature", "properties": { "URL": "https://github.com/rcfdtools/R.GISMobile/tree/main/file/gis/POI/40/20190524_125953.jpg", "Altitude": 1964.525, "GoogleMaps": "http://maps.google.com/maps?q=38.462523805555556,-105.32396266666666", "OSMaps": "https://www.openstreetmap.org/query?lat=38.462523805555556&lon=-105.32396266666666" }, "geometry": { "type": "Point", "coordinates": [ -105.32396266666666, 38.462523805555563 ] } },
{ "type": "Feature", "properties": { "URL": "https://github.com/rcfdtools/R.GISMobile/tree/main/file/gis/POI/40/20190524_130001.jpg", "Altitude": 1964.525, "GoogleMaps": "http://maps.google.com/maps?q=38.462523805555556,-105.32396266666666", "OSMaps": "https://www.openstreetmap.org/query?lat=38.462523805555556&lon=-105.32396266666666" }, "geometry": { "type": "Point", "coordinates": [ -105.32396266666666, 38.462523805555563 ] } },
{ "type": "Feature", "properties": { "URL": "https://github.com/rcfdtools/R.GISMobile/tree/main/file/gis/POI/40/20190524_130026.jpg", "Altitude": 1964.298, "GoogleMaps": "http://maps.google.com/maps?q=38.46262,-105.3238431111111", "OSMaps": "https://www.openstreetmap.org/query?lat=38.46262&lon=-105.3238431111111" }, "geometry": { "type": "Point", "coordinates": [ -105.323843111111103, 38.46262 ] } },
{ "type": "Feature", "properties": { "URL": "https://github.com/rcfdtools/R.GISMobile/tree/main/file/gis/POI/40/20190524_130033.jpg", "Altitude": 1964.298, "GoogleMaps": "http://maps.google.com/maps?q=38.46262,-105.3238431111111", "OSMaps": "https://www.openstreetmap.org/query?lat=38.46262&lon=-105.3238431111111" }, "geometry": { "type": "Point", "coordinates": [ -105.323843111111103, 38.46262 ] } },
{ "type": "Feature", "properties": { "URL": "https://github.com/rcfdtools/R.GISMobile/tree/main/file/gis/POI/40/20190524_130044.jpg", "Altitude": 1964.298, "GoogleMaps": "http://maps.google.com/maps?q=38.46262,-105.3238431111111", "OSMaps": "https://www.openstreetmap.org/query?lat=38.46262&lon=-105.3238431111111" }, "geometry": { "type": "Point", "coordinates": [ -105.323843111111103, 38.46262 ] } },
{ "type": "Feature", "properties": { "URL": "https://github.com/rcfdtools/R.GISMobile/tree/main/file/gis/POI/40/20190524_130111.jpg", "Altitude": 1968.648, "GoogleMaps": "http://maps.google.com/maps?q=38.46253902777778,-105.32392097222221", "OSMaps": "https://www.openstreetmap.org/query?lat=38.46253902777778&lon=-105.32392097222221" }, "geometry": { "type": "Point", "coordinates": [ -105.323920972222197, 38.46253902777778 ] } },
{ "type": "Feature", "properties": { "URL": "https://github.com/rcfdtools/R.GISMobile/tree/main/file/gis/POI/40/20190524_130116.jpg", "Altitude": 1962.622, "GoogleMaps": "http://maps.google.com/maps?q=38.46250341666667,-105.32386508333333", "OSMaps": "https://www.openstreetmap.org/query?lat=38.46250341666667&lon=-105.32386508333333" }, "geometry": { "type": "Point", "coordinates": [ -105.323865083333317, 38.462503416666671 ] } },
{ "type": "Feature", "properties": { "URL": "https://github.com/rcfdtools/R.GISMobile/tree/main/file/gis/POI/40/20190524_130130.jpg", "Altitude": 1962.622, "GoogleMaps": "http://maps.google.com/maps?q=38.46250341666667,-105.32386508333333", "OSMaps": "https://www.openstreetmap.org/query?lat=38.46250341666667&lon=-105.32386508333333" }, "geometry": { "type": "Point", "coordinates": [ -105.323865083333317, 38.462503416666671 ] } },
{ "type": "Feature", "properties": { "URL": "https://github.com/rcfdtools/R.GISMobile/tree/main/file/gis/POI/40/20190524_130311.jpg", "Altitude": 1950.616, "GoogleMaps": "http://maps.google.com/maps?q=38.46282494444445,-105.32333308333332", "OSMaps": "https://www.openstreetmap.org/query?lat=38.46282494444445&lon=-105.32333308333332" }, "geometry": { "type": "Point", "coordinates": [ -105.323333083333324, 38.462824944444449 ] } },
{ "type": "Feature", "properties": { "URL": "https://github.com/rcfdtools/R.GISMobile/tree/main/file/gis/POI/40/20190524_130318.jpg", "Altitude": 1950.616, "GoogleMaps": "http://maps.google.com/maps?q=38.46282494444445,-105.32333308333332", "OSMaps": "https://www.openstreetmap.org/query?lat=38.46282494444445&lon=-105.32333308333332" }, "geometry": { "type": "Point", "coordinates": [ -105.323333083333324, 38.462824944444449 ] } },
{ "type": "Feature", "properties": { "URL": "https://github.com/rcfdtools/R.GISMobile/tree/main/file/gis/POI/41/20210626_110426.jpg", "Altitude": 1654.968, "GoogleMaps": "http://maps.google.com/maps?q=40.37364894444445,-105.23005497222222", "OSMaps": "https://www.openstreetmap.org/query?lat=40.37364894444445&lon=-105.23005497222222" }, "geometry": { "type": "Point", "coordinates": [ -105.23005497222222, 40.373648944444447 ] } },
{ "type": "Feature", "properties": { "URL": "https://github.com/rcfdtools/R.GISMobile/tree/main/file/gis/POI/41/20210626_110525.jpg", "Altitude": 1654.512, "GoogleMaps": "http://maps.google.com/maps?q=40.37360616666667,-105.23002658333334", "OSMaps": "https://www.openstreetmap.org/query?lat=40.37360616666667&lon=-105.23002658333334" }, "geometry": { "type": "Point", "coordinates": [ -105.230026583333341, 40.373606166666669 ] } },
{ "type": "Feature", "properties": { "URL": "https://github.com/rcfdtools/R.GISMobile/tree/main/file/gis/POI/41/20210626_110529.jpg", "Altitude": 1654.512, "GoogleMaps": "http://maps.google.com/maps?q=40.37360616666667,-105.23002658333334", "OSMaps": "https://www.openstreetmap.org/query?lat=40.37360616666667&lon=-105.23002658333334" }, "geometry": { "type": "Point", "coordinates": [ -105.230026583333341, 40.373606166666669 ] } },
{ "type": "Feature", "properties": { "URL": "https://github.com/rcfdtools/R.GISMobile/tree/main/file/gis/POI/41/20210626_110606.jpg", "Altitude": 1654.512, "GoogleMaps": "http://maps.google.com/maps?q=40.37360616666667,-105.23002658333334", "OSMaps": "https://www.openstreetmap.org/query?lat=40.37360616666667&lon=-105.23002658333334" }, "geometry": { "type": "Point", "coordinates": [ -105.230026583333341, 40.373606166666669 ] } },
{ "type": "Feature", "properties": { "URL": "https://github.com/rcfdtools/R.GISMobile/tree/main/file/gis/POI/41/20210626_110807.jpg", "Altitude": 1655.788, "GoogleMaps": "http://maps.google.com/maps?q=40.37362269444444,-105.23000294444445", "OSMaps": "https://www.openstreetmap.org/query?lat=40.37362269444444&lon=-105.23000294444445" }, "geometry": { "type": "Point", "coordinates": [ -105.230002944444436, 40.373622694444443 ] } },
{ "type": "Feature", "properties": { "URL": "https://github.com/rcfdtools/R.GISMobile/tree/main/file/gis/POI/41/20210626_110819.jpg", "Altitude": 1658.843, "GoogleMaps": "http://maps.google.com/maps?q=40.373649444444446,-105.22999180555556", "OSMaps": "https://www.openstreetmap.org/query?lat=40.373649444444446&lon=-105.22999180555556" }, "geometry": { "type": "Point", "coordinates": [ -105.229991805555557, 40.373649444444446 ] } },
{ "type": "Feature", "properties": { "URL": "https://github.com/rcfdtools/R.GISMobile/tree/main/file/gis/POI/41/20210626_110826.jpg", "Altitude": 1658.876, "GoogleMaps": "http://maps.google.com/maps?q=40.37364127777778,-105.22998972222223", "OSMaps": "https://www.openstreetmap.org/query?lat=40.37364127777778&lon=-105.22998972222223" }, "geometry": { "type": "Point", "coordinates": [ -105.229989722222243, 40.373641277777779 ] } },
{ "type": "Feature", "properties": { "URL": "https://github.com/rcfdtools/R.GISMobile/tree/main/file/gis/POI/41/20210626_110938.jpg", "Altitude": 1599.245, "GoogleMaps": "http://maps.google.com/maps?q=40.373515222222224,-105.2294495", "OSMaps": "https://www.openstreetmap.org/query?lat=40.373515222222224&lon=-105.2294495" }, "geometry": { "type": "Point", "coordinates": [ -105.2294495, 40.373515222222224 ] } },
{ "type": "Feature", "properties": { "URL": "https://github.com/rcfdtools/R.GISMobile/tree/main/file/gis/POI/41/20210626_110942.jpg", "Altitude": 1599.245, "GoogleMaps": "http://maps.google.com/maps?q=40.373515222222224,-105.2294495", "OSMaps": "https://www.openstreetmap.org/query?lat=40.373515222222224&lon=-105.2294495" }, "geometry": { "type": "Point", "coordinates": [ -105.2294495, 40.373515222222224 ] } },
{ "type": "Feature", "properties": { "URL": "https://github.com/rcfdtools/R.GISMobile/tree/main/file/gis/POI/41/20210626_111103.jpg", "Altitude": 1688.346, "GoogleMaps": "http://maps.google.com/maps?q=40.37398955555555,-105.23029102777778", "OSMaps": "https://www.openstreetmap.org/query?lat=40.37398955555555&lon=-105.23029102777778" }, "geometry": { "type": "Point", "coordinates": [ -105.230291027777781, 40.373989555555553 ] } },
{ "type": "Feature", "properties": { "URL": "https://github.com/rcfdtools/R.GISMobile/tree/main/file/gis/POI/41/20210626_111105.jpg", "Altitude": 1688.346, "GoogleMaps": "http://maps.google.com/maps?q=40.37398955555555,-105.23029102777778", "OSMaps": "https://www.openstreetmap.org/query?lat=40.37398955555555&lon=-105.23029102777778" }, "geometry": { "type": "Point", "coordinates": [ -105.230291027777781, 40.373989555555553 ] } },
{ "type": "Feature", "properties": { "URL": "https://github.com/rcfdtools/R.GISMobile/tree/main/file/gis/POI/41/20210626_111110.jpg", "Altitude": 1688.346, "GoogleMaps": "http://maps.google.com/maps?q=40.37398955555555,-105.23029102777778", "OSMaps": "https://www.openstreetmap.org/query?lat=40.37398955555555&lon=-105.23029102777778" }, "geometry": { "type": "Point", "coordinates": [ -105.230291027777781, 40.373989555555553 ] } },
{ "type": "Feature", "properties": { "URL": "https://github.com/rcfdtools/R.GISMobile/tree/main/file/gis/POI/41/20210626_111317.jpg", "Altitude": 1691.903, "GoogleMaps": "http://maps.google.com/maps?q=40.374671694444444,-105.2305748888889", "OSMaps": "https://www.openstreetmap.org/query?lat=40.374671694444444&lon=-105.2305748888889" }, "geometry": { "type": "Point", "coordinates": [ -105.230574888888896, 40.374671694444451 ] } },
{ "type": "Feature", "properties": { "URL": "https://github.com/rcfdtools/R.GISMobile/tree/main/file/gis/POI/41/20210626_111320.jpg", "Altitude": 1691.903, "GoogleMaps": "http://maps.google.com/maps?q=40.374671694444444,-105.2305748888889", "OSMaps": "https://www.openstreetmap.org/query?lat=40.374671694444444&lon=-105.2305748888889" }, "geometry": { "type": "Point", "coordinates": [ -105.230574888888896, 40.374671694444451 ] } },
{ "type": "Feature", "properties": { "URL": "https://github.com/rcfdtools/R.GISMobile/tree/main/file/gis/POI/41/20210626_111327.jpg", "Altitude": 1691.903, "GoogleMaps": "http://maps.google.com/maps?q=40.374671694444444,-105.2305748888889", "OSMaps": "https://www.openstreetmap.org/query?lat=40.374671694444444&lon=-105.2305748888889" }, "geometry": { "type": "Point", "coordinates": [ -105.230574888888896, 40.374671694444451 ] } },
{ "type": "Feature", "properties": { "URL": "https://github.com/rcfdtools/R.GISMobile/tree/main/file/gis/POI/41/20210626_111330.jpg", "Altitude": 1691.903, "GoogleMaps": "http://maps.google.com/maps?q=40.374671694444444,-105.2305748888889", "OSMaps": "https://www.openstreetmap.org/query?lat=40.374671694444444&lon=-105.2305748888889" }, "geometry": { "type": "Point", "coordinates": [ -105.230574888888896, 40.374671694444451 ] } },
{ "type": "Feature", "properties": { "URL": "https://github.com/rcfdtools/R.GISMobile/tree/main/file/gis/POI/41/20210626_112800.jpg", "Altitude": 1672.807, "GoogleMaps": "http://maps.google.com/maps?q=40.37339608333333,-105.23172686111111", "OSMaps": "https://www.openstreetmap.org/query?lat=40.37339608333333&lon=-105.23172686111111" }, "geometry": { "type": "Point", "coordinates": [ -105.231726861111113, 40.373396083333333 ] } },
{ "type": "Feature", "properties": { "URL": "https://github.com/rcfdtools/R.GISMobile/tree/main/file/gis/POI/41/20210626_114437.jpg", "Altitude": 1666.398, "GoogleMaps": "http://maps.google.com/maps?q=40.37349783333333,-105.2318983888889", "OSMaps": "https://www.openstreetmap.org/query?lat=40.37349783333333&lon=-105.2318983888889" }, "geometry": { "type": "Point", "coordinates": [ -105.231898388888894, 40.373497833333332 ] } },
{ "type": "Feature", "properties": { "URL": "https://github.com/rcfdtools/R.GISMobile/tree/main/file/gis/POI/42/20210606_120544.jpg", "Altitude": 2662.522, "GoogleMaps": "http://maps.google.com/maps?q=39.62943,-106.06998924999999", "OSMaps": "https://www.openstreetmap.org/query?lat=39.62943&lon=-106.06998924999999" }, "geometry": { "type": "Point", "coordinates": [ -106.06998925, 39.62943 ] } },
{ "type": "Feature", "properties": { "URL": "https://github.com/rcfdtools/R.GISMobile/tree/main/file/gis/POI/42/20210606_120549.jpg", "Altitude": 2662.345, "GoogleMaps": "http://maps.google.com/maps?q=39.629429055555555,-106.06998980555555", "OSMaps": "https://www.openstreetmap.org/query?lat=39.629429055555555&lon=-106.06998980555555" }, "geometry": { "type": "Point", "coordinates": [ -106.069989805555565, 39.629429055555562 ] } },
{ "type": "Feature", "properties": { "URL": "https://github.com/rcfdtools/R.GISMobile/tree/main/file/gis/POI/42/20210606_132054.jpg", "Altitude": 1852.292, "GoogleMaps": "http://maps.google.com/maps?q=39.615677500000004,-107.13713169444445", "OSMaps": "https://www.openstreetmap.org/query?lat=39.615677500000004&lon=-107.13713169444445" }, "geometry": { "type": "Point", "coordinates": [ -107.137131694444435, 39.6156775 ] } },
{ "type": "Feature", "properties": { "URL": "https://github.com/rcfdtools/R.GISMobile/tree/main/file/gis/POI/42/20210606_132101.jpg", "Altitude": 1856.344, "GoogleMaps": "http://maps.google.com/maps?q=39.61497391666667,-107.13941100000001", "OSMaps": "https://www.openstreetmap.org/query?lat=39.61497391666667&lon=-107.13941100000001" }, "geometry": { "type": "Point", "coordinates": [ -107.139411, 39.614973916666671 ] } },
{ "type": "Feature", "properties": { "URL": "https://github.com/rcfdtools/R.GISMobile/tree/main/file/gis/POI/42/20210606_132252.jpg", "Altitude": 1864.24, "GoogleMaps": "http://maps.google.com/maps?q=39.60172219444445,-107.1655346388889", "OSMaps": "https://www.openstreetmap.org/query?lat=39.60172219444445&lon=-107.1655346388889" }, "geometry": { "type": "Point", "coordinates": [ -107.1655346388889, 39.601722194444449 ] } },
{ "type": "Feature", "properties": { "URL": "https://github.com/rcfdtools/R.GISMobile/tree/main/file/gis/POI/42/20210606_132259.jpg", "Altitude": 1864.889, "GoogleMaps": "http://maps.google.com/maps?q=39.60144652777778,-107.16738627777778", "OSMaps": "https://www.openstreetmap.org/query?lat=39.60144652777778&lon=-107.16738627777778" }, "geometry": { "type": "Point", "coordinates": [ -107.16738627777778, 39.601446527777782 ] } },
{ "type": "Feature", "properties": { "URL": "https://github.com/rcfdtools/R.GISMobile/tree/main/file/gis/POI/42/20210606_132401.jpg", "Altitude": 1866.48, "GoogleMaps": "http://maps.google.com/maps?q=39.59123397222223,-107.18064530555556", "OSMaps": "https://www.openstreetmap.org/query?lat=39.59123397222223&lon=-107.18064530555556" }, "geometry": { "type": "Point", "coordinates": [ -107.180645305555558, 39.591233972222227 ] } },
{ "type": "Feature", "properties": { "URL": "https://github.com/rcfdtools/R.GISMobile/tree/main/file/gis/POI/42/20210606_133600.jpg", "Altitude": 1727.191, "GoogleMaps": "http://maps.google.com/maps?q=39.56057555555555,-107.25153508333334", "OSMaps": "https://www.openstreetmap.org/query?lat=39.56057555555555&lon=-107.25153508333334" }, "geometry": { "type": "Point", "coordinates": [ -107.251535083333337, 39.560575555555552 ] } },
{ "type": "Feature", "properties": { "URL": "https://github.com/rcfdtools/R.GISMobile/tree/main/file/gis/POI/42/20210606_133605.jpg", "Altitude": 1727.191, "GoogleMaps": "http://maps.google.com/maps?q=39.56057555555555,-107.25153508333334", "OSMaps": "https://www.openstreetmap.org/query?lat=39.56057555555555&lon=-107.25153508333334" }, "geometry": { "type": "Point", "coordinates": [ -107.251535083333337, 39.560575555555552 ] } },
{ "type": "Feature", "properties": { "URL": "https://github.com/rcfdtools/R.GISMobile/tree/main/file/gis/POI/42/20210606_133609.jpg", "Altitude": 1727.191, "GoogleMaps": "http://maps.google.com/maps?q=39.56057555555555,-107.25153508333334", "OSMaps": "https://www.openstreetmap.org/query?lat=39.56057555555555&lon=-107.25153508333334" }, "geometry": { "type": "Point", "coordinates": [ -107.251535083333337, 39.560575555555552 ] } },
{ "type": "Feature", "properties": { "URL": "https://github.com/rcfdtools/R.GISMobile/tree/main/file/gis/POI/42/20210606_133613.jpg", "Altitude": 1727.191, "GoogleMaps": "http://maps.google.com/maps?q=39.56057555555555,-107.25153508333334", "OSMaps": "https://www.openstreetmap.org/query?lat=39.56057555555555&lon=-107.25153508333334" }, "geometry": { "type": "Point", "coordinates": [ -107.251535083333337, 39.560575555555552 ] } },
{ "type": "Feature", "properties": { "URL": "https://github.com/rcfdtools/R.GISMobile/tree/main/file/gis/POI/42/20210606_134946.jpg", "Altitude": 1731.554, "GoogleMaps": "http://maps.google.com/maps?q=39.549572,-107.32813725", "OSMaps": "https://www.openstreetmap.org/query?lat=39.549572&lon=-107.32813725" }, "geometry": { "type": "Point", "coordinates": [ -107.32813725, 39.549572 ] } },
{ "type": "Feature", "properties": { "URL": "https://github.com/rcfdtools/R.GISMobile/tree/main/file/gis/POI/42/20210606_142046.jpg", "Altitude": 1540.329, "GoogleMaps": "http://maps.google.com/maps?q=39.47547791666667,-108.01339941666667", "OSMaps": "https://www.openstreetmap.org/query?lat=39.47547791666667&lon=-108.01339941666667" }, "geometry": { "type": "Point", "coordinates": [ -108.013399416666687, 39.475477916666669 ] } },
{ "type": "Feature", "properties": { "URL": "https://github.com/rcfdtools/R.GISMobile/tree/main/file/gis/POI/42/20210606_142103.jpg", "Altitude": 1544.609, "GoogleMaps": "http://maps.google.com/maps?q=39.47409583333334,-108.02042897222222", "OSMaps": "https://www.openstreetmap.org/query?lat=39.47409583333334&lon=-108.02042897222222" }, "geometry": { "type": "Point", "coordinates": [ -108.02042897222222, 39.474095833333337 ] } },
{ "type": "Feature", "properties": { "URL": "https://github.com/rcfdtools/R.GISMobile/tree/main/file/gis/POI/42/20210606_142111.jpg", "Altitude": 1540.343, "GoogleMaps": "http://maps.google.com/maps?q=39.47257255555556,-108.02341086111112", "OSMaps": "https://www.openstreetmap.org/query?lat=39.47257255555556&lon=-108.02341086111112" }, "geometry": { "type": "Point", "coordinates": [ -108.023410861111117, 39.472572555555558 ] } },
{ "type": "Feature", "properties": { "URL": "https://github.com/rcfdtools/R.GISMobile/tree/main/file/gis/POI/42/20210606_144238.jpg", "Altitude": 1456.159, "GoogleMaps": "http://maps.google.com/maps?q=39.19500491666666,-108.28063222222222", "OSMaps": "https://www.openstreetmap.org/query?lat=39.19500491666666&lon=-108.28063222222222" }, "geometry": { "type": "Point", "coordinates": [ -108.280632222222224, 39.195004916666662 ] } },
{ "type": "Feature", "properties": { "URL": "https://github.com/rcfdtools/R.GISMobile/tree/main/file/gis/POI/42/20210606_144902.jpg", "Altitude": 1447.153, "GoogleMaps": "http://maps.google.com/maps?q=39.11919397222222,-108.34093697222222", "OSMaps": "https://www.openstreetmap.org/query?lat=39.11919397222222&lon=-108.34093697222222" }, "geometry": { "type": "Point", "coordinates": [ -108.340936972222224, 39.11919397222222 ] } },
{ "type": "Feature", "properties": { "URL": "https://github.com/rcfdtools/R.GISMobile/tree/main/file/gis/POI/42/20210606_145200.jpg", "Altitude": 1443.36, "GoogleMaps": "http://maps.google.com/maps?q=39.113985444444445,-108.40513475", "OSMaps": "https://www.openstreetmap.org/query?lat=39.113985444444445&lon=-108.40513475" }, "geometry": { "type": "Point", "coordinates": [ -108.40513475, 39.113985444444445 ] } },
{ "type": "Feature", "properties": { "URL": "https://github.com/rcfdtools/R.GISMobile/tree/main/file/gis/POI/42/20210606_145208.jpg", "Altitude": 1448.799, "GoogleMaps": "http://maps.google.com/maps?q=39.113198555555556,-108.40805913888889", "OSMaps": "https://www.openstreetmap.org/query?lat=39.113198555555556&lon=-108.40805913888889" }, "geometry": { "type": "Point", "coordinates": [ -108.408059138888873, 39.113198555555563 ] } },
{ "type": "Feature", "properties": { "URL": "https://github.com/rcfdtools/R.GISMobile/tree/main/file/gis/POI/42/20210606_145332.jpg", "Altitude": 1449.832, "GoogleMaps": "http://maps.google.com/maps?q=39.10743538888889,-108.43902491666667", "OSMaps": "https://www.openstreetmap.org/query?lat=39.10743538888889&lon=-108.43902491666667" }, "geometry": { "type": "Point", "coordinates": [ -108.439024916666682, 39.107435388888888 ] } },
{ "type": "Feature", "properties": { "URL": "https://github.com/rcfdtools/R.GISMobile/tree/main/file/gis/POI/42/20210606_152354.jpg", "Altitude": 1430.291, "GoogleMaps": "http://maps.google.com/maps?q=39.19435375,-109.05167541666667", "OSMaps": "https://www.openstreetmap.org/query?lat=39.19435375&lon=-109.05167541666667" }, "geometry": { "type": "Point", "coordinates": [ -109.051675416666683, 39.19435375 ] } },
{ "type": "Feature", "properties": { "URL": "https://github.com/rcfdtools/R.GISMobile/tree/main/file/gis/POI/42/20210606_164554.jpg", "Altitude": 1277.903, "GoogleMaps": "http://maps.google.com/maps?q=38.922028138888884,-110.39643372222223", "OSMaps": "https://www.openstreetmap.org/query?lat=38.922028138888884&lon=-110.39643372222223" }, "geometry": { "type": "Point", "coordinates": [ -110.396433722222241, 38.922028138888876 ] } },
{ "type": "Feature", "properties": { "URL": "https://github.com/rcfdtools/R.GISMobile/tree/main/file/gis/POI/42/20210606_164610.jpg", "Altitude": 1281.917, "GoogleMaps": "http://maps.google.com/maps?q=38.92339358333333,-110.40289008333333", "OSMaps": "https://www.openstreetmap.org/query?lat=38.92339358333333&lon=-110.40289008333333" }, "geometry": { "type": "Point", "coordinates": [ -110.402890083333318, 38.923393583333329 ] } },
{ "type": "Feature", "properties": { "URL": "https://github.com/rcfdtools/R.GISMobile/tree/main/file/gis/POI/42/20210606_164615.jpg", "Altitude": 1283.69, "GoogleMaps": "http://maps.google.com/maps?q=38.923807749999995,-110.40490752777778", "OSMaps": "https://www.openstreetmap.org/query?lat=38.923807749999995&lon=-110.40490752777778" }, "geometry": { "type": "Point", "coordinates": [ -110.40490752777778, 38.92380775 ] } },
{ "type": "Feature", "properties": { "URL": "https://github.com/rcfdtools/R.GISMobile/tree/main/file/gis/POI/42/20210606_164639.jpg", "Altitude": 1283.676, "GoogleMaps": "http://maps.google.com/maps?q=38.92517108333333,-110.41486844444445", "OSMaps": "https://www.openstreetmap.org/query?lat=38.92517108333333&lon=-110.41486844444445" }, "geometry": { "type": "Point", "coordinates": [ -110.414868444444437, 38.925171083333332 ] } },
{ "type": "Feature", "properties": { "URL": "https://github.com/rcfdtools/R.GISMobile/tree/main/file/gis/POI/42/20210606_164707.jpg", "Altitude": 1301.281, "GoogleMaps": "http://maps.google.com/maps?q=38.92290622222222,-110.42457683333333", "OSMaps": "https://www.openstreetmap.org/query?lat=38.92290622222222&lon=-110.42457683333333" }, "geometry": { "type": "Point", "coordinates": [ -110.424576833333319, 38.922906222222217 ] } },
{ "type": "Feature", "properties": { "URL": "https://github.com/rcfdtools/R.GISMobile/tree/main/file/gis/POI/42/20210606_164721.jpg", "Altitude": 1314.266, "GoogleMaps": "http://maps.google.com/maps?q=38.92121727777778,-110.42864297222222", "OSMaps": "https://www.openstreetmap.org/query?lat=38.92121727777778&lon=-110.42864297222222" }, "geometry": { "type": "Point", "coordinates": [ -110.428642972222221, 38.921217277777778 ] } },
{ "type": "Feature", "properties": { "URL": "https://github.com/rcfdtools/R.GISMobile/tree/main/file/gis/POI/42/20210606_164742.jpg", "Altitude": 1331.93, "GoogleMaps": "http://maps.google.com/maps?q=38.91952322222222,-110.43489875", "OSMaps": "https://www.openstreetmap.org/query?lat=38.91952322222222&lon=-110.43489875" }, "geometry": { "type": "Point", "coordinates": [ -110.43489875, 38.919523222222217 ] } },
{ "type": "Feature", "properties": { "URL": "https://github.com/rcfdtools/R.GISMobile/tree/main/file/gis/POI/42/20210606_164809.jpg", "Altitude": 1364.343, "GoogleMaps": "http://maps.google.com/maps?q=38.922466888888884,-110.44242152777778", "OSMaps": "https://www.openstreetmap.org/query?lat=38.922466888888884&lon=-110.44242152777778" }, "geometry": { "type": "Point", "coordinates": [ -110.442421527777782, 38.922466888888877 ] } },
{ "type": "Feature", "properties": { "URL": "https://github.com/rcfdtools/R.GISMobile/tree/main/file/gis/POI/42/20210606_164822.jpg", "Altitude": 1369.665, "GoogleMaps": "http://maps.google.com/maps?q=38.92369372222222,-110.44624261111112", "OSMaps": "https://www.openstreetmap.org/query?lat=38.92369372222222&lon=-110.44624261111112" }, "geometry": { "type": "Point", "coordinates": [ -110.446242611111117, 38.923693722222218 ] } },
{ "type": "Feature", "properties": { "URL": "https://github.com/rcfdtools/R.GISMobile/tree/main/file/gis/POI/42/20210606_164829.jpg", "Altitude": 1377.236, "GoogleMaps": "http://maps.google.com/maps?q=38.924216916666666,-110.4483011388889", "OSMaps": "https://www.openstreetmap.org/query?lat=38.924216916666666&lon=-110.4483011388889" }, "geometry": { "type": "Point", "coordinates": [ -110.448301138888894, 38.924216916666666 ] } },
{ "type": "Feature", "properties": { "URL": "https://github.com/rcfdtools/R.GISMobile/tree/main/file/gis/POI/42/20210606_164835.jpg", "Altitude": 1386.091, "GoogleMaps": "http://maps.google.com/maps?q=38.924331527777774,-110.45013677777779", "OSMaps": "https://www.openstreetmap.org/query?lat=38.924331527777774&lon=-110.45013677777779" }, "geometry": { "type": "Point", "coordinates": [ -110.4501367777778, 38.924331527777774 ] } },
{ "type": "Feature", "properties": { "URL": "https://github.com/rcfdtools/R.GISMobile/tree/main/file/gis/POI/42/20210606_164901.jpg", "Altitude": 1423.817, "GoogleMaps": "http://maps.google.com/maps?q=38.927929999999996,-110.45564894444445", "OSMaps": "https://www.openstreetmap.org/query?lat=38.927929999999996&lon=-110.45564894444445" }, "geometry": { "type": "Point", "coordinates": [ -110.455648944444434, 38.92793 ] } },
{ "type": "Feature", "properties": { "URL": "https://github.com/rcfdtools/R.GISMobile/tree/main/file/gis/POI/42/20210606_164953.jpg", "Altitude": 1533.533, "GoogleMaps": "http://maps.google.com/maps?q=38.935086416666664,-110.46347597222223", "OSMaps": "https://www.openstreetmap.org/query?lat=38.935086416666664&lon=-110.46347597222223" }, "geometry": { "type": "Point", "coordinates": [ -110.463475972222241, 38.935086416666657 ] } },
{ "type": "Feature", "properties": { "URL": "https://github.com/rcfdtools/R.GISMobile/tree/main/file/gis/POI/42/20210606_165025.jpg", "Altitude": 1584.208, "GoogleMaps": "http://maps.google.com/maps?q=38.93754525,-110.47173308333333", "OSMaps": "https://www.openstreetmap.org/query?lat=38.93754525&lon=-110.47173308333333" }, "geometry": { "type": "Point", "coordinates": [ -110.471733083333319, 38.93754525 ] } },
{ "type": "Feature", "properties": { "URL": "https://github.com/rcfdtools/R.GISMobile/tree/main/file/gis/POI/42/20210606_171717.jpg", "Altitude": 1697.197, "GoogleMaps": "http://maps.google.com/maps?q=38.84552927777778,-111.05278872222222", "OSMaps": "https://www.openstreetmap.org/query?lat=38.84552927777778&lon=-111.05278872222222" }, "geometry": { "type": "Point", "coordinates": [ -111.052788722222218, 38.845529277777779 ] } },
{ "type": "Feature", "properties": { "URL": "https://github.com/rcfdtools/R.GISMobile/tree/main/file/gis/POI/42/20210606_171720.jpg", "Altitude": 1697.359, "GoogleMaps": "http://maps.google.com/maps?q=38.84552986111111,-111.05410194444444", "OSMaps": "https://www.openstreetmap.org/query?lat=38.84552986111111&lon=-111.05410194444444" }, "geometry": { "type": "Point", "coordinates": [ -111.05410194444444, 38.84552986111111 ] } },
{ "type": "Feature", "properties": { "URL": "https://github.com/rcfdtools/R.GISMobile/tree/main/file/gis/POI/42/20210606_172427.jpg", "Altitude": 1718.438, "GoogleMaps": "http://maps.google.com/maps?q=38.81136872222222,-111.21207844444444", "OSMaps": "https://www.openstreetmap.org/query?lat=38.81136872222222&lon=-111.21207844444444" }, "geometry": { "type": "Point", "coordinates": [ -111.212078444444444, 38.81136872222222 ] } },
{ "type": "Feature", "properties": { "URL": "https://github.com/rcfdtools/R.GISMobile/tree/main/file/gis/POI/42/20210606_172430.jpg", "Altitude": 1720.345, "GoogleMaps": "http://maps.google.com/maps?q=38.81127908333333,-111.21292552777778", "OSMaps": "https://www.openstreetmap.org/query?lat=38.81127908333333&lon=-111.21292552777778" }, "geometry": { "type": "Point", "coordinates": [ -111.212925527777784, 38.811279083333332 ] } },
{ "type": "Feature", "properties": { "URL": "https://github.com/rcfdtools/R.GISMobile/tree/main/file/gis/POI/42/20210612_120054.jpg", "Altitude": 1770.5, "GoogleMaps": "http://maps.google.com/maps?q=35.88909377777778,-106.01946047222222", "OSMaps": "https://www.openstreetmap.org/query?lat=35.88909377777778&lon=-106.01946047222222" }, "geometry": { "type": "Point", "coordinates": [ -106.019460472222221, 35.889093777777781 ] } },
{ "type": "Feature", "properties": { "URL": "https://github.com/rcfdtools/R.GISMobile/tree/main/file/gis/POI/43/IMG_0052.JPEG", "Altitude": 2327.0388739946379, "GoogleMaps": "http://maps.google.com/maps?q=39.437486111111106,-105.36055833333333", "OSMaps": "https://www.openstreetmap.org/query?lat=39.437486111111106&lon=-105.36055833333333" }, "geometry": { "type": "Point", "coordinates": [ -105.360558333333316, 39.437486111111113 ] } },
{ "type": "Feature", "properties": { "URL": "https://github.com/rcfdtools/R.GISMobile/tree/main/file/gis/POI/43/IMG_0053.JPEG", "Altitude": 2324.0525, "GoogleMaps": "http://maps.google.com/maps?q=39.43733611111111,-105.36034444444444", "OSMaps": "https://www.openstreetmap.org/query?lat=39.43733611111111&lon=-105.36034444444444" }, "geometry": { "type": "Point", "coordinates": [ -105.360344444444436, 39.437336111111108 ] } },
{ "type": "Feature", "properties": { "URL": "https://github.com/rcfdtools/R.GISMobile/tree/main/file/gis/POI/43/IMG_0054.JPEG", "Altitude": 2322.7220496894411, "GoogleMaps": "http://maps.google.com/maps?q=39.43708333333333,-105.35997777777777", "OSMaps": "https://www.openstreetmap.org/query?lat=39.43708333333333&lon=-105.35997777777777" }, "geometry": { "type": "Point", "coordinates": [ -105.359977777777758, 39.437083333333327 ] } },
{ "type": "Feature", "properties": { "URL": "https://github.com/rcfdtools/R.GISMobile/tree/main/file/gis/POI/43/IMG_0055.JPEG", "Altitude": 2322.4017857142858, "GoogleMaps": "http://maps.google.com/maps?q=39.43703333333333,-105.35987222222222", "OSMaps": "https://www.openstreetmap.org/query?lat=39.43703333333333&lon=-105.35987222222222" }, "geometry": { "type": "Point", "coordinates": [ -105.359872222222222, 39.437033333333332 ] } },
{ "type": "Feature", "properties": { "URL": "https://github.com/rcfdtools/R.GISMobile/tree/main/file/gis/POI/43/IMG_0056.JPEG", "Altitude": 2275.939278937381, "GoogleMaps": "http://maps.google.com/maps?q=39.43593333333333,-105.35121111111111", "OSMaps": "https://www.openstreetmap.org/query?lat=39.43593333333333&lon=-105.35121111111111" }, "geometry": { "type": "Point", "coordinates": [ -105.351211111111127, 39.435933333333331 ] } },
{ "type": "Feature", "properties": { "URL": "https://github.com/rcfdtools/R.GISMobile/tree/main/file/gis/POI/43/IMG_0057.JPEG", "Altitude": 2272.3092037228544, "GoogleMaps": "http://maps.google.com/maps?q=39.43550833333333,-105.3505861111111", "OSMaps": "https://www.openstreetmap.org/query?lat=39.43550833333333&lon=-105.3505861111111" }, "geometry": { "type": "Point", "coordinates": [ -105.350586111111099, 39.435508333333331 ] } },
{ "type": "Feature", "properties": { "URL": "https://github.com/rcfdtools/R.GISMobile/tree/main/file/gis/POI/43/IMG_0058.JPEG", "Altitude": 2269.7377423033067, "GoogleMaps": "http://maps.google.com/maps?q=39.435249999999996,-105.35003611111111", "OSMaps": "https://www.openstreetmap.org/query?lat=39.435249999999996&lon=-105.35003611111111" }, "geometry": { "type": "Point", "coordinates": [ -105.350036111111123, 39.43525 ] } },
{ "type": "Feature", "properties": { "URL": "https://github.com/rcfdtools/R.GISMobile/tree/main/file/gis/POI/43/IMG_0059.JPEG", "Altitude": 2051.5368956743005, "GoogleMaps": "http://maps.google.com/maps?q=39.407025,-105.31226388888889", "OSMaps": "https://www.openstreetmap.org/query?lat=39.407025&lon=-105.31226388888889" }, "geometry": { "type": "Point", "coordinates": [ -105.312263888888879, 39.407025 ] } },
{ "type": "Feature", "properties": { "URL": "https://github.com/rcfdtools/R.GISMobile/tree/main/file/gis/POI/43/IMG_0060.JPEG", "Altitude": 2050.7814992025519, "GoogleMaps": "http://maps.google.com/maps?q=39.406330555555556,-105.3106", "OSMaps": "https://www.openstreetmap.org/query?lat=39.406330555555556&lon=-105.3106" }, "geometry": { "type": "Point", "coordinates": [ -105.3106, 39.406330555555563 ] } },
{ "type": "Feature", "properties": { "URL": "https://github.com/rcfdtools/R.GISMobile/tree/main/file/gis/POI/43/IMG_0061.JPEG", "Altitude": 2040.2108013937279, "GoogleMaps": "http://maps.google.com/maps?q=39.39828611111111,-105.29528055555555", "OSMaps": "https://www.openstreetmap.org/query?lat=39.39828611111111&lon=-105.29528055555555" }, "geometry": { "type": "Point", "coordinates": [ -105.295280555555564, 39.398286111111112 ] } },
{ "type": "Feature", "properties": { "URL": "https://github.com/rcfdtools/R.GISMobile/tree/main/file/gis/POI/43/IMG_0062.JPEG", "Altitude": 2038.3516699410609, "GoogleMaps": "http://maps.google.com/maps?q=39.398047222222225,-105.29488333333333", "OSMaps": "https://www.openstreetmap.org/query?lat=39.398047222222225&lon=-105.29488333333333" }, "geometry": { "type": "Point", "coordinates": [ -105.294883333333317, 39.398047222222232 ] } },
{ "type": "Feature", "properties": { "URL": "https://github.com/rcfdtools/R.GISMobile/tree/main/file/gis/POI/43/IMG_0063.JPEG", "Altitude": 2035.945652173913, "GoogleMaps": "http://maps.google.com/maps?q=39.397758333333336,-105.29439444444444", "OSMaps": "https://www.openstreetmap.org/query?lat=39.397758333333336&lon=-105.29439444444444" }, "geometry": { "type": "Point", "coordinates": [ -105.294394444444436, 39.397758333333336 ] } },
{ "type": "Feature", "properties": { "URL": "https://github.com/rcfdtools/R.GISMobile/tree/main/file/gis/POI/43/IMG_0064.JPEG", "Altitude": 2035.7274011299437, "GoogleMaps": "http://maps.google.com/maps?q=39.397638888888885,-105.29419722222222", "OSMaps": "https://www.openstreetmap.org/query?lat=39.397638888888885&lon=-105.29419722222222" }, "geometry": { "type": "Point", "coordinates": [ -105.294197222222223, 39.397638888888885 ] } },
{ "type": "Feature", "properties": { "URL": "https://github.com/rcfdtools/R.GISMobile/tree/main/file/gis/POI/43/IMG_0065.JPEG", "Altitude": 2028.5247465712584, "GoogleMaps": "http://maps.google.com/maps?q=39.39513888888889,-105.28256111111111", "OSMaps": "https://www.openstreetmap.org/query?lat=39.39513888888889&lon=-105.28256111111111" }, "geometry": { "type": "Point", "coordinates": [ -105.282561111111121, 39.395138888888887 ] } },
{ "type": "Feature", "properties": { "URL": "https://github.com/rcfdtools/R.GISMobile/tree/main/file/gis/POI/43/IMG_0067.JPEG", "Altitude": 2084.9857346647645, "GoogleMaps": "http://maps.google.com/maps?q=39.384572222222225,-105.26621944444445", "OSMaps": "https://www.openstreetmap.org/query?lat=39.384572222222225&lon=-105.26621944444445" }, "geometry": { "type": "Point", "coordinates": [ -105.266219444444445, 39.384572222222232 ] } },
{ "type": "Feature", "properties": { "URL": "https://github.com/rcfdtools/R.GISMobile/tree/main/file/gis/POI/43/IMG_0068.JPEG", "Altitude": 2259.9229508196722, "GoogleMaps": "http://maps.google.com/maps?q=39.368272222222224,-105.24684166666667", "OSMaps": "https://www.openstreetmap.org/query?lat=39.368272222222224&lon=-105.24684166666667" }, "geometry": { "type": "Point", "coordinates": [ -105.246841666666683, 39.368272222222224 ] } },
{ "type": "Feature", "properties": { "URL": "https://github.com/rcfdtools/R.GISMobile/tree/main/file/gis/POI/43/IMG_0069.JPEG", "Altitude": 2277.1442857142856, "GoogleMaps": "http://maps.google.com/maps?q=39.365966666666665,-105.24655833333334", "OSMaps": "https://www.openstreetmap.org/query?lat=39.365966666666665&lon=-105.24655833333334" }, "geometry": { "type": "Point", "coordinates": [ -105.24655833333334, 39.365966666666665 ] } },
{ "type": "Feature", "properties": { "URL": "https://github.com/rcfdtools/R.GISMobile/tree/main/file/gis/POI/43/IMG_0070.JPEG", "Altitude": 2359.5055679287307, "GoogleMaps": "http://maps.google.com/maps?q=39.28629166666666,-105.276475", "OSMaps": "https://www.openstreetmap.org/query?lat=39.28629166666666&lon=-105.276475" }, "geometry": { "type": "Point", "coordinates": [ -105.276475, 39.286291666666664 ] } },
{ "type": "Feature", "properties": { "URL": "https://github.com/rcfdtools/R.GISMobile/tree/main/file/gis/POI/43/IMG_0071.JPEG", "Altitude": 2348.2895027624309, "GoogleMaps": "http://maps.google.com/maps?q=39.284905555555554,-105.27561944444444", "OSMaps": "https://www.openstreetmap.org/query?lat=39.284905555555554&lon=-105.27561944444444" }, "geometry": { "type": "Point", "coordinates": [ -105.275619444444445, 39.284905555555554 ] } },
{ "type": "Feature", "properties": { "URL": "https://github.com/rcfdtools/R.GISMobile/tree/main/file/gis/POI/43/IMG_0072.JPEG", "Altitude": 2338.7191489361703, "GoogleMaps": "http://maps.google.com/maps?q=39.284461111111106,-105.27508611111111", "OSMaps": "https://www.openstreetmap.org/query?lat=39.284461111111106&lon=-105.27508611111111" }, "geometry": { "type": "Point", "coordinates": [ -105.275086111111122, 39.284461111111113 ] } },
{ "type": "Feature", "properties": { "URL": "https://github.com/rcfdtools/R.GISMobile/tree/main/file/gis/POI/43/IMG_0073.JPEG", "Altitude": 2326.6328928046992, "GoogleMaps": "http://maps.google.com/maps?q=39.28337222222222,-105.27382777777778", "OSMaps": "https://www.openstreetmap.org/query?lat=39.28337222222222&lon=-105.27382777777778" }, "geometry": { "type": "Point", "coordinates": [ -105.273827777777782, 39.283372222222219 ] } },
{ "type": "Feature", "properties": { "URL": "https://github.com/rcfdtools/R.GISMobile/tree/main/file/gis/POI/43/IMG_0074.JPEG", "Altitude": 1987.5792592592595, "GoogleMaps": "http://maps.google.com/maps?q=39.24424444444445,-105.25221388888889", "OSMaps": "https://www.openstreetmap.org/query?lat=39.24424444444445&lon=-105.25221388888889" }, "geometry": { "type": "Point", "coordinates": [ -105.252213888888875, 39.244244444444448 ] } },
{ "type": "Feature", "properties": { "URL": "https://github.com/rcfdtools/R.GISMobile/tree/main/file/gis/POI/43/IMG_0075.JPEG", "Altitude": 1986.1234487263227, "GoogleMaps": "http://maps.google.com/maps?q=39.24431111111111,-105.251625", "OSMaps": "https://www.openstreetmap.org/query?lat=39.24431111111111&lon=-105.251625" }, "geometry": { "type": "Point", "coordinates": [ -105.251625, 39.244311111111109 ] } },
{ "type": "Feature", "properties": { "URL": "https://github.com/rcfdtools/R.GISMobile/tree/main/file/gis/POI/43/IMG_0084.JPEG", "Altitude": 1931.2447844228093, "GoogleMaps": "http://maps.google.com/maps?q=39.291108333333334,-105.20651944444445", "OSMaps": "https://www.openstreetmap.org/query?lat=39.291108333333334&lon=-105.20651944444445" }, "geometry": { "type": "Point", "coordinates": [ -105.206519444444439, 39.291108333333327 ] } },
{ "type": "Feature", "properties": { "URL": "https://github.com/rcfdtools/R.GISMobile/tree/main/file/gis/POI/43/IMG_0085.JPEG", "Altitude": 1930.5405092592596, "GoogleMaps": "http://maps.google.com/maps?q=39.29108055555555,-105.20644444444444", "OSMaps": "https://www.openstreetmap.org/query?lat=39.29108055555555&lon=-105.20644444444444" }, "geometry": { "type": "Point", "coordinates": [ -105.206444444444443, 39.291080555555553 ] } },
{ "type": "Feature", "properties": { "URL": "https://github.com/rcfdtools/R.GISMobile/tree/main/file/gis/POI/43/IMG_0086.JPEG", "Altitude": 1924.7599243856328, "GoogleMaps": "http://maps.google.com/maps?q=39.29107777777777,-105.20645833333333", "OSMaps": "https://www.openstreetmap.org/query?lat=39.29107777777777&lon=-105.20645833333333" }, "geometry": { "type": "Point", "coordinates": [ -105.206458333333316, 39.291077777777772 ] } },
{ "type": "Feature", "properties": { "URL": "https://github.com/rcfdtools/R.GISMobile/tree/main/file/gis/POI/43/IMG_0087.JPEG", "Altitude": 1926.072669826224, "GoogleMaps": "http://maps.google.com/maps?q=39.29107777777777,-105.20645277777778", "OSMaps": "https://www.openstreetmap.org/query?lat=39.29107777777777&lon=-105.20645277777778" }, "geometry": { "type": "Point", "coordinates": [ -105.206452777777784, 39.291077777777772 ] } },
{ "type": "Feature", "properties": { "URL": "https://github.com/rcfdtools/R.GISMobile/tree/main/file/gis/POI/43/IMG_0088.JPEG", "Altitude": 1928.3700305810401, "GoogleMaps": "http://maps.google.com/maps?q=39.29111944444444,-105.20665", "OSMaps": "https://www.openstreetmap.org/query?lat=39.29111944444444&lon=-105.20665" }, "geometry": { "type": "Point", "coordinates": [ -105.20665, 39.29111944444444 ] } },
{ "type": "Feature", "properties": { "URL": "https://github.com/rcfdtools/R.GISMobile/tree/main/file/gis/POI/43/IMG_0089.JPEG", "Altitude": 1930.933626159102, "GoogleMaps": "http://maps.google.com/maps?q=39.29108333333333,-105.20665", "OSMaps": "https://www.openstreetmap.org/query?lat=39.29108333333333&lon=-105.20665" }, "geometry": { "type": "Point", "coordinates": [ -105.20665, 39.291083333333333 ] } },
{ "type": "Feature", "properties": { "URL": "https://github.com/rcfdtools/R.GISMobile/tree/main/file/gis/POI/44/IMG_1209.JPEG", "Altitude": 3042.5136138613861, "GoogleMaps": "http://maps.google.com/maps?q=5.139055555555556,-73.97645555555556", "OSMaps": "https://www.openstreetmap.org/query?lat=5.139055555555556&lon=-73.97645555555556" }, "geometry": { "type": "Point", "coordinates": [ -73.97645555555556, 5.139055555555556 ] } },
{ "type": "Feature", "properties": { "URL": "https://github.com/rcfdtools/R.GISMobile/tree/main/file/gis/POI/44/IMG_1210.JPEG", "Altitude": 2990.9262135922331, "GoogleMaps": "http://maps.google.com/maps?q=5.141680555555556,-73.97077222222222", "OSMaps": "https://www.openstreetmap.org/query?lat=5.141680555555556&lon=-73.97077222222222" }, "geometry": { "type": "Point", "coordinates": [ -73.970772222222223, 5.141680555555556 ] } },
{ "type": "Feature", "properties": { "URL": "https://github.com/rcfdtools/R.GISMobile/tree/main/file/gis/POI/44/IMG_1211.JPEG", "Altitude": 2983.1774332472005, "GoogleMaps": "http://maps.google.com/maps?q=5.135969444444445,-73.96980277777779", "OSMaps": "https://www.openstreetmap.org/query?lat=5.135969444444445&lon=-73.96980277777779" }, "geometry": { "type": "Point", "coordinates": [ -73.969802777777787, 5.135969444444445 ] } },
{ "type": "Feature", "properties": { "URL": "https://github.com/rcfdtools/R.GISMobile/tree/main/file/gis/POI/44/IMG_1212.JPEG", "Altitude": 2981.78436657682, "GoogleMaps": "http://maps.google.com/maps?q=5.135958333333334,-73.96980277777779", "OSMaps": "https://www.openstreetmap.org/query?lat=5.135958333333334&lon=-73.96980277777779" }, "geometry": { "type": "Point", "coordinates": [ -73.969802777777787, 5.135958333333334 ] } },
{ "type": "Feature", "properties": { "URL": "https://github.com/rcfdtools/R.GISMobile/tree/main/file/gis/POI/44/IMG_1213.JPEG", "Altitude": 2979.5966228893058, "GoogleMaps": "http://maps.google.com/maps?q=5.1359666666666675,-73.96980277777779", "OSMaps": "https://www.openstreetmap.org/query?lat=5.1359666666666675&lon=-73.96980277777779" }, "geometry": { "type": "Point", "coordinates": [ -73.969802777777787, 5.135966666666668 ] } },
{ "type": "Feature", "properties": { "URL": "https://github.com/rcfdtools/R.GISMobile/tree/main/file/gis/POI/44/IMG_1214.JPEG", "Altitude": 2980.7929104477612, "GoogleMaps": "http://maps.google.com/maps?q=5.1359666666666675,-73.96980277777779", "OSMaps": "https://www.openstreetmap.org/query?lat=5.1359666666666675&lon=-73.96980277777779" }, "geometry": { "type": "Point", "coordinates": [ -73.969802777777787, 5.135966666666668 ] } },
{ "type": "Feature", "properties": { "URL": "https://github.com/rcfdtools/R.GISMobile/tree/main/file/gis/POI/44/IMG_1215.JPEG", "Altitude": 2979.3796610169493, "GoogleMaps": "http://maps.google.com/maps?q=5.1358500000000005,-73.96971944444445", "OSMaps": "https://www.openstreetmap.org/query?lat=5.1358500000000005&lon=-73.96971944444445" }, "geometry": { "type": "Point", "coordinates": [ -73.969719444444451, 5.13585 ] } },
{ "type": "Feature", "properties": { "URL": "https://github.com/rcfdtools/R.GISMobile/tree/main/file/gis/POI/44/IMG_1216.JPEG", "Altitude": 2977.8627596439169, "GoogleMaps": "http://maps.google.com/maps?q=5.135838888888889,-73.96972777777778", "OSMaps": "https://www.openstreetmap.org/query?lat=5.135838888888889&lon=-73.96972777777778" }, "geometry": { "type": "Point", "coordinates": [ -73.969727777777777, 5.135838888888889 ] } },
{ "type": "Feature", "properties": { "URL": "https://github.com/rcfdtools/R.GISMobile/tree/main/file/gis/POI/44/IMG_1217.JPEG", "Altitude": 2978.1009933774835, "GoogleMaps": "http://maps.google.com/maps?q=5.135852777777778,-73.96971944444445", "OSMaps": "https://www.openstreetmap.org/query?lat=5.135852777777778&lon=-73.96971944444445" }, "geometry": { "type": "Point", "coordinates": [ -73.969719444444451, 5.135852777777778 ] } },
{ "type": "Feature", "properties": { "URL": "https://github.com/rcfdtools/R.GISMobile/tree/main/file/gis/POI/44/IMG_1218.JPEG", "Altitude": 2978.6985981308412, "GoogleMaps": "http://maps.google.com/maps?q=5.1358500000000005,-73.96971944444445", "OSMaps": "https://www.openstreetmap.org/query?lat=5.1358500000000005&lon=-73.96971944444445" }, "geometry": { "type": "Point", "coordinates": [ -73.969719444444451, 5.13585 ] } },
{ "type": "Feature", "properties": { "URL": "https://github.com/rcfdtools/R.GISMobile/tree/main/file/gis/POI/44/IMG_1219.JPEG", "Altitude": 2977.5505319148938, "GoogleMaps": "http://maps.google.com/maps?q=5.135863888888889,-73.96971944444445", "OSMaps": "https://www.openstreetmap.org/query?lat=5.135863888888889&lon=-73.96971944444445" }, "geometry": { "type": "Point", "coordinates": [ -73.969719444444451, 5.135863888888889 ] } },
{ "type": "Feature", "properties": { "URL": "https://github.com/rcfdtools/R.GISMobile/tree/main/file/gis/POI/44/IMG_1220.JPEG", "Altitude": 2980.196905766526, "GoogleMaps": "http://maps.google.com/maps?q=5.135875,-73.96971111111111", "OSMaps": "https://www.openstreetmap.org/query?lat=5.135875&lon=-73.96971111111111" }, "geometry": { "type": "Point", "coordinates": [ -73.96971111111111, 5.135875 ] } },
{ "type": "Feature", "properties": { "URL": "https://github.com/rcfdtools/R.GISMobile/tree/main/file/gis/POI/44/IMG_1221.JPEG", "Altitude": 2982.872611464968, "GoogleMaps": "http://maps.google.com/maps?q=5.1359666666666675,-73.96962777777777", "OSMaps": "https://www.openstreetmap.org/query?lat=5.1359666666666675&lon=-73.96962777777777" }, "geometry": { "type": "Point", "coordinates": [ -73.969627777777774, 5.135966666666668 ] } },
{ "type": "Feature", "properties": { "URL": "https://github.com/rcfdtools/R.GISMobile/tree/main/file/gis/POI/44/IMG_1222.JPEG", "Altitude": 2982.3701842546066, "GoogleMaps": "http://maps.google.com/maps?q=5.13595,-73.96963611111111", "OSMaps": "https://www.openstreetmap.org/query?lat=5.13595&lon=-73.96963611111111" }, "geometry": { "type": "Point", "coordinates": [ -73.969636111111114, 5.13595 ] } },
{ "type": "Feature", "properties": { "URL": "https://github.com/rcfdtools/R.GISMobile/tree/main/file/gis/POI/44/IMG_1223.JPEG", "Altitude": 2982.670818505338, "GoogleMaps": "http://maps.google.com/maps?q=5.13595,-73.96963611111111", "OSMaps": "https://www.openstreetmap.org/query?lat=5.13595&lon=-73.96963611111111" }, "geometry": { "type": "Point", "coordinates": [ -73.969636111111114, 5.13595 ] } },
{ "type": "Feature", "properties": { "URL": "https://github.com/rcfdtools/R.GISMobile/tree/main/file/gis/POI/44/IMG_1224.JPEG", "Altitude": 2982.6807909604522, "GoogleMaps": "http://maps.google.com/maps?q=5.13595,-73.96963611111111", "OSMaps": "https://www.openstreetmap.org/query?lat=5.13595&lon=-73.96963611111111" }, "geometry": { "type": "Point", "coordinates": [ -73.969636111111114, 5.13595 ] } },
{ "type": "Feature", "properties": { "URL": "https://github.com/rcfdtools/R.GISMobile/tree/main/file/gis/POI/44/IMG_1225.JPEG", "Altitude": 2968.6972111553787, "GoogleMaps": "http://maps.google.com/maps?q=5.136,-73.96899444444445", "OSMaps": "https://www.openstreetmap.org/query?lat=5.136&lon=-73.96899444444445" }, "geometry": { "type": "Point", "coordinates": [ -73.968994444444448, 5.136 ] } },
{ "type": "Feature", "properties": { "URL": "https://github.com/rcfdtools/R.GISMobile/tree/main/file/gis/POI/44/IMG_1226.JPEG", "Altitude": 2975.4581939799332, "GoogleMaps": "http://maps.google.com/maps?q=5.13603888888889,-73.96901666666668", "OSMaps": "https://www.openstreetmap.org/query?lat=5.13603888888889&lon=-73.96901666666668" }, "geometry": { "type": "Point", "coordinates": [ -73.969016666666676, 5.13603888888889 ] } },
{ "type": "Feature", "properties": { "URL": "https://github.com/rcfdtools/R.GISMobile/tree/main/file/gis/POI/44/IMG_1227.JPEG", "Altitude": 2977.3734776725305, "GoogleMaps": "http://maps.google.com/maps?q=5.136047222222222,-73.969025", "OSMaps": "https://www.openstreetmap.org/query?lat=5.136047222222222&lon=-73.969025" }, "geometry": { "type": "Point", "coordinates": [ -73.969025, 5.136047222222222 ] } },
{ "type": "Feature", "properties": { "URL": "https://github.com/rcfdtools/R.GISMobile/tree/main/file/gis/POI/44/IMG_1228.JPEG", "Altitude": 2961.7211328976041, "GoogleMaps": "http://maps.google.com/maps?q=5.135866666666667,-73.96788055555555", "OSMaps": "https://www.openstreetmap.org/query?lat=5.135866666666667&lon=-73.96788055555555" }, "geometry": { "type": "Point", "coordinates": [ -73.967880555555553, 5.135866666666667 ] } },
{ "type": "Feature", "properties": { "URL": "https://github.com/rcfdtools/R.GISMobile/tree/main/file/gis/POI/44/IMG_1229.JPEG", "Altitude": 2942.3139097744361, "GoogleMaps": "http://maps.google.com/maps?q=5.122836111111111,-73.96465277777779", "OSMaps": "https://www.openstreetmap.org/query?lat=5.122836111111111&lon=-73.96465277777779" }, "geometry": { "type": "Point", "coordinates": [ -73.964652777777786, 5.122836111111111 ] } },
{ "type": "Feature", "properties": { "URL": "https://github.com/rcfdtools/R.GISMobile/tree/main/file/gis/POI/44/IMG_1230.JPEG", "Altitude": 2943.3917910447763, "GoogleMaps": "http://maps.google.com/maps?q=5.122830555555555,-73.96465277777779", "OSMaps": "https://www.openstreetmap.org/query?lat=5.122830555555555&lon=-73.96465277777779" }, "geometry": { "type": "Point", "coordinates": [ -73.964652777777786, 5.122830555555555 ] } },
{ "type": "Feature", "properties": { "URL": "https://github.com/rcfdtools/R.GISMobile/tree/main/file/gis/POI/44/IMG_1231.JPEG", "Altitude": 2942.8952042628771, "GoogleMaps": "http://maps.google.com/maps?q=5.122825,-73.96465277777779", "OSMaps": "https://www.openstreetmap.org/query?lat=5.122825&lon=-73.96465277777779" }, "geometry": { "type": "Point", "coordinates": [ -73.964652777777786, 5.122825 ] } },
{ "type": "Feature", "properties": { "URL": "https://github.com/rcfdtools/R.GISMobile/tree/main/file/gis/POI/44/IMG_1232.JPEG", "Altitude": 2947.0995542347696, "GoogleMaps": "http://maps.google.com/maps?q=5.122797222222222,-73.96465277777779", "OSMaps": "https://www.openstreetmap.org/query?lat=5.122797222222222&lon=-73.96465277777779" }, "geometry": { "type": "Point", "coordinates": [ -73.964652777777786, 5.122797222222222 ] } },
{ "type": "Feature", "properties": { "URL": "https://github.com/rcfdtools/R.GISMobile/tree/main/file/gis/POI/44/IMG_1233.JPEG", "Altitude": 2934.5180102915951, "GoogleMaps": "http://maps.google.com/maps?q=5.122716666666666,-73.96461388888889", "OSMaps": "https://www.openstreetmap.org/query?lat=5.122716666666666&lon=-73.96461388888889" }, "geometry": { "type": "Point", "coordinates": [ -73.964613888888891, 5.122716666666666 ] } },
{ "type": "Feature", "properties": { "URL": "https://github.com/rcfdtools/R.GISMobile/tree/main/file/gis/POI/44/IMG_1234.JPEG", "Altitude": 2934.934268185802, "GoogleMaps": "http://maps.google.com/maps?q=5.122713888888889,-73.96460555555556", "OSMaps": "https://www.openstreetmap.org/query?lat=5.122713888888889&lon=-73.96460555555556" }, "geometry": { "type": "Point", "coordinates": [ -73.964605555555565, 5.122713888888889 ] } },
{ "type": "Feature", "properties": { "URL": "https://github.com/rcfdtools/R.GISMobile/tree/main/file/gis/POI/44/IMG_1235.JPEG", "Altitude": 2935.1681574239715, "GoogleMaps": "http://maps.google.com/maps?q=5.12271111111111,-73.9646", "OSMaps": "https://www.openstreetmap.org/query?lat=5.12271111111111&lon=-73.9646" }, "geometry": { "type": "Point", "coordinates": [ -73.9646, 5.12271111111111 ] } },
{ "type": "Feature", "properties": { "URL": "https://github.com/rcfdtools/R.GISMobile/tree/main/file/gis/POI/44/IMG_1236.JPEG", "Altitude": 2952.341252699784, "GoogleMaps": "http://maps.google.com/maps?q=5.122827777777777,-73.96465277777779", "OSMaps": "https://www.openstreetmap.org/query?lat=5.122827777777777&lon=-73.96465277777779" }, "geometry": { "type": "Point", "coordinates": [ -73.964652777777786, 5.122827777777777 ] } },
{ "type": "Feature", "properties": { "URL": "https://github.com/rcfdtools/R.GISMobile/tree/main/file/gis/POI/44/IMG_1928.JPG", "Altitude": 2899.5900900900901, "GoogleMaps": "http://maps.google.com/maps?q=5.1348,-73.968125", "OSMaps": "https://www.openstreetmap.org/query?lat=5.1348&lon=-73.968125" }, "geometry": { "type": "Point", "coordinates": [ -73.968125, 5.1348 ] } },
{ "type": "Feature", "properties": { "URL": "https://github.com/rcfdtools/R.GISMobile/tree/main/file/gis/POI/44/IMG_1929.JPG", "Altitude": 2731.6502546689303, "GoogleMaps": "http://maps.google.com/maps?q=5.136125000000001,-73.9692388888889", "OSMaps": "https://www.openstreetmap.org/query?lat=5.136125000000001&lon=-73.9692388888889" }, "geometry": { "type": "Point", "coordinates": [ -73.969238888888896, 5.136125 ] } },
{ "type": "Feature", "properties": { "URL": "https://github.com/rcfdtools/R.GISMobile/tree/main/file/gis/POI/44/IMG_1930.JPG", "Altitude": 2968.1358139534882, "GoogleMaps": "http://maps.google.com/maps?q=5.136097222222222,-73.96923055555555", "OSMaps": "https://www.openstreetmap.org/query?lat=5.136097222222222&lon=-73.96923055555555" }, "geometry": { "type": "Point", "coordinates": [ -73.969230555555555, 5.136097222222222 ] } },
{ "type": "Feature", "properties": { "URL": "https://github.com/rcfdtools/R.GISMobile/tree/main/file/gis/POI/45/IMG_0061.JPG", "Altitude": 2714.9011627906971, "GoogleMaps": "http://maps.google.com/maps?q=5.083216666666666,-73.72604444444444", "OSMaps": "https://www.openstreetmap.org/query?lat=5.083216666666666&lon=-73.72604444444444" }, "geometry": { "type": "Point", "coordinates": [ -73.72604444444444, 5.083216666666666 ] } },
{ "type": "Feature", "properties": { "URL": "https://github.com/rcfdtools/R.GISMobile/tree/main/file/gis/POI/45/IMG_0062.JPG", "Altitude": 2714.4902634593354, "GoogleMaps": "http://maps.google.com/maps?q=5.083225,-73.72603611111111", "OSMaps": "https://www.openstreetmap.org/query?lat=5.083225&lon=-73.72603611111111" }, "geometry": { "type": "Point", "coordinates": [ -73.726036111111114, 5.083225 ] } },
{ "type": "Feature", "properties": { "URL": "https://github.com/rcfdtools/R.GISMobile/tree/main/file/gis/POI/46/20220412_140312.jpg", "Altitude": 1622.751, "GoogleMaps": "http://maps.google.com/maps?q=6.0574364166666665,-73.48209391666667", "OSMaps": "https://www.openstreetmap.org/query?lat=6.0574364166666665&lon=-73.48209391666667" }, "geometry": { "type": "Point", "coordinates": [ -73.48209391666667, 6.057436416666667 ] } },
{ "type": "Feature", "properties": { "URL": "https://github.com/rcfdtools/R.GISMobile/tree/main/file/gis/POI/46/20220412_140318.jpg", "Altitude": 1624.023, "GoogleMaps": "http://maps.google.com/maps?q=6.057433055555555,-73.48210822222222", "OSMaps": "https://www.openstreetmap.org/query?lat=6.057433055555555&lon=-73.48210822222222" }, "geometry": { "type": "Point", "coordinates": [ -73.482108222222223, 6.057433055555555 ] } },
{ "type": "Feature", "properties": { "URL": "https://github.com/rcfdtools/R.GISMobile/tree/main/file/gis/POI/46/20220413_101941.jpg", "Altitude": 1702.003, "GoogleMaps": "http://maps.google.com/maps?q=5.937559722222223,-73.51279233333334", "OSMaps": "https://www.openstreetmap.org/query?lat=5.937559722222223&lon=-73.51279233333334" }, "geometry": { "type": "Point", "coordinates": [ -73.512792333333337, 5.937559722222223 ] } },
{ "type": "Feature", "properties": { "URL": "https://github.com/rcfdtools/R.GISMobile/tree/main/file/gis/POI/46/20220413_101945.jpg", "Altitude": 1702.997, "GoogleMaps": "http://maps.google.com/maps?q=5.937635222222222,-73.51282625", "OSMaps": "https://www.openstreetmap.org/query?lat=5.937635222222222&lon=-73.51282625" }, "geometry": { "type": "Point", "coordinates": [ -73.51282625, 5.937635222222222 ] } },
{ "type": "Feature", "properties": { "URL": "https://github.com/rcfdtools/R.GISMobile/tree/main/file/gis/POI/46/20220413_101952.jpg", "Altitude": 1702.997, "GoogleMaps": "http://maps.google.com/maps?q=5.937635222222222,-73.51282625", "OSMaps": "https://www.openstreetmap.org/query?lat=5.937635222222222&lon=-73.51282625" }, "geometry": { "type": "Point", "coordinates": [ -73.51282625, 5.937635222222222 ] } },
{ "type": "Feature", "properties": { "URL": "https://github.com/rcfdtools/R.GISMobile/tree/main/file/gis/POI/46/20220413_101954.jpg", "Altitude": 1702.997, "GoogleMaps": "http://maps.google.com/maps?q=5.937635222222222,-73.51282625", "OSMaps": "https://www.openstreetmap.org/query?lat=5.937635222222222&lon=-73.51282625" }, "geometry": { "type": "Point", "coordinates": [ -73.51282625, 5.937635222222222 ] } },
{ "type": "Feature", "properties": { "URL": "https://github.com/rcfdtools/R.GISMobile/tree/main/file/gis/POI/46/20220413_102000.jpg", "Altitude": 1702.997, "GoogleMaps": "http://maps.google.com/maps?q=5.937635222222222,-73.51282625", "OSMaps": "https://www.openstreetmap.org/query?lat=5.937635222222222&lon=-73.51282625" }, "geometry": { "type": "Point", "coordinates": [ -73.51282625, 5.937635222222222 ] } },
{ "type": "Feature", "properties": { "URL": "https://github.com/rcfdtools/R.GISMobile/tree/main/file/gis/POI/46/20220413_102121.jpg", "Altitude": 1691.164, "GoogleMaps": "http://maps.google.com/maps?q=5.9376588888888895,-73.51306511111112", "OSMaps": "https://www.openstreetmap.org/query?lat=5.9376588888888895&lon=-73.51306511111112" }, "geometry": { "type": "Point", "coordinates": [ -73.513065111111118, 5.937658888888889 ] } },
{ "type": "Feature", "properties": { "URL": "https://github.com/rcfdtools/R.GISMobile/tree/main/file/gis/POI/46/20220413_102128.jpg", "Altitude": 1694.345, "GoogleMaps": "http://maps.google.com/maps?q=5.93766675,-73.51314752777778", "OSMaps": "https://www.openstreetmap.org/query?lat=5.93766675&lon=-73.51314752777778" }, "geometry": { "type": "Point", "coordinates": [ -73.513147527777775, 5.93766675 ] } },
{ "type": "Feature", "properties": { "URL": "https://github.com/rcfdtools/R.GISMobile/tree/main/file/gis/POI/46/20220413_102806.jpg", "Altitude": 1710.655, "GoogleMaps": "http://maps.google.com/maps?q=5.937588305555556,-73.51312608333333", "OSMaps": "https://www.openstreetmap.org/query?lat=5.937588305555556&lon=-73.51312608333333" }, "geometry": { "type": "Point", "coordinates": [ -73.513126083333333, 5.937588305555556 ] } },
{ "type": "Feature", "properties": { "URL": "https://github.com/rcfdtools/R.GISMobile/tree/main/file/gis/POI/46/20220413_102815.jpg", "Altitude": 1710.655, "GoogleMaps": "http://maps.google.com/maps?q=5.937588305555556,-73.51312608333333", "OSMaps": "https://www.openstreetmap.org/query?lat=5.937588305555556&lon=-73.51312608333333" }, "geometry": { "type": "Point", "coordinates": [ -73.513126083333333, 5.937588305555556 ] } },
{ "type": "Feature", "properties": { "URL": "https://github.com/rcfdtools/R.GISMobile/tree/main/file/gis/POI/46/20220413_102823.jpg", "Altitude": 1710.655, "GoogleMaps": "http://maps.google.com/maps?q=5.937588305555556,-73.51312608333333", "OSMaps": "https://www.openstreetmap.org/query?lat=5.937588305555556&lon=-73.51312608333333" }, "geometry": { "type": "Point", "coordinates": [ -73.513126083333333, 5.937588305555556 ] } },
{ "type": "Feature", "properties": { "URL": "https://github.com/rcfdtools/R.GISMobile/tree/main/file/gis/POI/46/20220414_065243.jpg", "Altitude": 1504.134, "GoogleMaps": "http://maps.google.com/maps?q=6.056775194444445,-73.50652241666667", "OSMaps": "https://www.openstreetmap.org/query?lat=6.056775194444445&lon=-73.50652241666667" }, "geometry": { "type": "Point", "coordinates": [ -73.50652241666667, 6.056775194444445 ] } },
{ "type": "Feature", "properties": { "URL": "https://github.com/rcfdtools/R.GISMobile/tree/main/file/gis/POI/46/20220414_065247.jpg", "Altitude": 1504.134, "GoogleMaps": "http://maps.google.com/maps?q=6.056775194444445,-73.50652241666667", "OSMaps": "https://www.openstreetmap.org/query?lat=6.056775194444445&lon=-73.50652241666667" }, "geometry": { "type": "Point", "coordinates": [ -73.50652241666667, 6.056775194444445 ] } },
{ "type": "Feature", "properties": { "URL": "https://github.com/rcfdtools/R.GISMobile/tree/main/file/gis/POI/46/20220414_065251.jpg", "Altitude": 1504.134, "GoogleMaps": "http://maps.google.com/maps?q=6.056775194444445,-73.50652241666667", "OSMaps": "https://www.openstreetmap.org/query?lat=6.056775194444445&lon=-73.50652241666667" }, "geometry": { "type": "Point", "coordinates": [ -73.50652241666667, 6.056775194444445 ] } },
{ "type": "Feature", "properties": { "URL": "https://github.com/rcfdtools/R.GISMobile/tree/main/file/gis/POI/46/20220414_071703.jpg", "Altitude": 1491.646, "GoogleMaps": "http://maps.google.com/maps?q=6.056634055555556,-73.50637263888889", "OSMaps": "https://www.openstreetmap.org/query?lat=6.056634055555556&lon=-73.50637263888889" }, "geometry": { "type": "Point", "coordinates": [ -73.506372638888891, 6.056634055555556 ] } },
{ "type": "Feature", "properties": { "URL": "https://github.com/rcfdtools/R.GISMobile/tree/main/file/gis/POI/46/20220414_115359.jpg", "Altitude": 0.0, "GoogleMaps": "http://maps.google.com/maps?q=6.037335583333333,-73.506562", "OSMaps": "https://www.openstreetmap.org/query?lat=6.037335583333333&lon=-73.506562" }, "geometry": { "type": "Point", "coordinates": [ -73.506562, 6.037335583333333 ] } },
{ "type": "Feature", "properties": { "URL": "https://github.com/rcfdtools/R.GISMobile/tree/main/file/gis/POI/46/20220415_074802.jpg", "Altitude": 1040.093, "GoogleMaps": "http://maps.google.com/maps?q=6.1059786944444445,-73.49455422222222", "OSMaps": "https://www.openstreetmap.org/query?lat=6.1059786944444445&lon=-73.49455422222222" }, "geometry": { "type": "Point", "coordinates": [ -73.49455422222222, 6.105978694444445 ] } },
{ "type": "Feature", "properties": { "URL": "https://github.com/rcfdtools/R.GISMobile/tree/main/file/gis/POI/46/20220415_074805.jpg", "Altitude": 1040.093, "GoogleMaps": "http://maps.google.com/maps?q=6.1059786944444445,-73.49455422222222", "OSMaps": "https://www.openstreetmap.org/query?lat=6.1059786944444445&lon=-73.49455422222222" }, "geometry": { "type": "Point", "coordinates": [ -73.49455422222222, 6.105978694444445 ] } },
{ "type": "Feature", "properties": { "URL": "https://github.com/rcfdtools/R.GISMobile/tree/main/file/gis/POI/46/20220415_074810.jpg", "Altitude": 1040.093, "GoogleMaps": "http://maps.google.com/maps?q=6.1059786944444445,-73.49455422222222", "OSMaps": "https://www.openstreetmap.org/query?lat=6.1059786944444445&lon=-73.49455422222222" }, "geometry": { "type": "Point", "coordinates": [ -73.49455422222222, 6.105978694444445 ] } },
{ "type": "Feature", "properties": { "URL": "https://github.com/rcfdtools/R.GISMobile/tree/main/file/gis/POI/46/20220415_075219.jpg", "Altitude": 1038.467, "GoogleMaps": "http://maps.google.com/maps?q=6.105977277777777,-73.49454280555555", "OSMaps": "https://www.openstreetmap.org/query?lat=6.105977277777777&lon=-73.49454280555555" }, "geometry": { "type": "Point", "coordinates": [ -73.494542805555554, 6.105977277777777 ] } },
{ "type": "Feature", "properties": { "URL": "https://github.com/rcfdtools/R.GISMobile/tree/main/file/gis/POI/46/20220415_075224.jpg", "Altitude": 1038.467, "GoogleMaps": "http://maps.google.com/maps?q=6.105977277777777,-73.49454280555555", "OSMaps": "https://www.openstreetmap.org/query?lat=6.105977277777777&lon=-73.49454280555555" }, "geometry": { "type": "Point", "coordinates": [ -73.494542805555554, 6.105977277777777 ] } },
{ "type": "Feature", "properties": { "URL": "https://github.com/rcfdtools/R.GISMobile/tree/main/file/gis/POI/46/20230225_082441.jpg", "Altitude": 1645.3, "GoogleMaps": "http://maps.google.com/maps?q=6.103028194444444,-73.44164427777778", "OSMaps": "https://www.openstreetmap.org/query?lat=6.103028194444444&lon=-73.44164427777778" }, "geometry": { "type": "Point", "coordinates": [ -73.441644277777783, 6.103028194444444 ] } },
{ "type": "Feature", "properties": { "URL": "https://github.com/rcfdtools/R.GISMobile/tree/main/file/gis/POI/46/IMG_0000.JPG", "Altitude": 2073.1091314031182, "GoogleMaps": "http://maps.google.com/maps?q=6.0142694444444444,-73.47695277777778", "OSMaps": "https://www.openstreetmap.org/query?lat=6.0142694444444444&lon=-73.47695277777778" }, "geometry": { "type": "Point", "coordinates": [ -73.476952777777782, 6.014269444444444 ] } },
{ "type": "Feature", "properties": { "URL": "https://github.com/rcfdtools/R.GISMobile/tree/main/file/gis/POI/46/IMG_0001.JPG", "Altitude": 2073.6564952048825, "GoogleMaps": "http://maps.google.com/maps?q=6.014272222222222,-73.47695277777778", "OSMaps": "https://www.openstreetmap.org/query?lat=6.014272222222222&lon=-73.47695277777778" }, "geometry": { "type": "Point", "coordinates": [ -73.476952777777782, 6.014272222222222 ] } },
{ "type": "Feature", "properties": { "URL": "https://github.com/rcfdtools/R.GISMobile/tree/main/file/gis/POI/46/IMG_0002.JPG", "Altitude": 2073.734620024125, "GoogleMaps": "http://maps.google.com/maps?q=6.014266666666667,-73.47695277777778", "OSMaps": "https://www.openstreetmap.org/query?lat=6.014266666666667&lon=-73.47695277777778" }, "geometry": { "type": "Point", "coordinates": [ -73.476952777777782, 6.014266666666667 ] } },
{ "type": "Feature", "properties": { "URL": "https://github.com/rcfdtools/R.GISMobile/tree/main/file/gis/POI/46/IMG_0003.JPG", "Altitude": 2073.77294921875, "GoogleMaps": "http://maps.google.com/maps?q=6.014272222222222,-73.47695277777778", "OSMaps": "https://www.openstreetmap.org/query?lat=6.014272222222222&lon=-73.47695277777778" }, "geometry": { "type": "Point", "coordinates": [ -73.476952777777782, 6.014272222222222 ] } },
{ "type": "Feature", "properties": { "URL": "https://github.com/rcfdtools/R.GISMobile/tree/main/file/gis/POI/46/IMG_0004.JPG", "Altitude": 2090.1181640625, "GoogleMaps": "http://maps.google.com/maps?q=6.01145,-73.47808055555556", "OSMaps": "https://www.openstreetmap.org/query?lat=6.01145&lon=-73.47808055555556" }, "geometry": { "type": "Point", "coordinates": [ -73.478080555555565, 6.01145 ] } },
{ "type": "Feature", "properties": { "URL": "https://github.com/rcfdtools/R.GISMobile/tree/main/file/gis/POI/46/IMG_0005.JPG", "Altitude": 2086.9482401656314, "GoogleMaps": "http://maps.google.com/maps?q=6.011238888888889,-73.47817222222223", "OSMaps": "https://www.openstreetmap.org/query?lat=6.011238888888889&lon=-73.47817222222223" }, "geometry": { "type": "Point", "coordinates": [ -73.478172222222227, 6.011238888888889 ] } },
{ "type": "Feature", "properties": { "URL": "https://github.com/rcfdtools/R.GISMobile/tree/main/file/gis/POI/46/IMG_0006.JPG", "Altitude": 2077.81005859375, "GoogleMaps": "http://maps.google.com/maps?q=6.009625,-73.47894444444445", "OSMaps": "https://www.openstreetmap.org/query?lat=6.009625&lon=-73.47894444444445" }, "geometry": { "type": "Point", "coordinates": [ -73.478944444444451, 6.009625 ] } },
{ "type": "Feature", "properties": { "URL": "https://github.com/rcfdtools/R.GISMobile/tree/main/file/gis/POI/46/IMG_0007.JPG", "Altitude": 2077.6743169398906, "GoogleMaps": "http://maps.google.com/maps?q=6.009625,-73.47894444444445", "OSMaps": "https://www.openstreetmap.org/query?lat=6.009625&lon=-73.47894444444445" }, "geometry": { "type": "Point", "coordinates": [ -73.478944444444451, 6.009625 ] } },
{ "type": "Feature", "properties": { "URL": "https://github.com/rcfdtools/R.GISMobile/tree/main/file/gis/POI/46/IMG_0008.JPG", "Altitude": 2068.357910906298, "GoogleMaps": "http://maps.google.com/maps?q=6.00875,-73.47968333333334", "OSMaps": "https://www.openstreetmap.org/query?lat=6.00875&lon=-73.47968333333334" }, "geometry": { "type": "Point", "coordinates": [ -73.479683333333341, 6.00875 ] } },
{ "type": "Feature", "properties": { "URL": "https://github.com/rcfdtools/R.GISMobile/tree/main/file/gis/POI/46/IMG_0009.JPG", "Altitude": 2030.3282471157424, "GoogleMaps": "http://maps.google.com/maps?q=6.0058638888888884,-73.48356666666666", "OSMaps": "https://www.openstreetmap.org/query?lat=6.0058638888888884&lon=-73.48356666666666" }, "geometry": { "type": "Point", "coordinates": [ -73.483566666666661, 6.005863888888888 ] } },
{ "type": "Feature", "properties": { "URL": "https://github.com/rcfdtools/R.GISMobile/tree/main/file/gis/POI/46/IMG_0010.JPG", "Altitude": 1933.970457902511, "GoogleMaps": "http://maps.google.com/maps?q=6.006233333333333,-73.4893111111111", "OSMaps": "https://www.openstreetmap.org/query?lat=6.006233333333333&lon=-73.4893111111111" }, "geometry": { "type": "Point", "coordinates": [ -73.489311111111107, 6.006233333333333 ] } },
{ "type": "Feature", "properties": { "URL": "https://github.com/rcfdtools/R.GISMobile/tree/main/file/gis/POI/46/IMG_0011.JPG", "Altitude": 1879.2053231939165, "GoogleMaps": "http://maps.google.com/maps?q=6.007113888888889,-73.49183611111111", "OSMaps": "https://www.openstreetmap.org/query?lat=6.007113888888889&lon=-73.49183611111111" }, "geometry": { "type": "Point", "coordinates": [ -73.491836111111112, 6.007113888888889 ] } },
{ "type": "Feature", "properties": { "URL": "https://github.com/rcfdtools/R.GISMobile/tree/main/file/gis/POI/46/IMG_0012.JPG", "Altitude": 1878.201048951049, "GoogleMaps": "http://maps.google.com/maps?q=6.0071055555555555,-73.49182777777777", "OSMaps": "https://www.openstreetmap.org/query?lat=6.0071055555555555&lon=-73.49182777777777" }, "geometry": { "type": "Point", "coordinates": [ -73.491827777777772, 6.007105555555556 ] } },
{ "type": "Feature", "properties": { "URL": "https://github.com/rcfdtools/R.GISMobile/tree/main/file/gis/POI/46/IMG_0013.JPG", "Altitude": 1820.7719714964369, "GoogleMaps": "http://maps.google.com/maps?q=6.011591666666667,-73.49368888888888", "OSMaps": "https://www.openstreetmap.org/query?lat=6.011591666666667&lon=-73.49368888888888" }, "geometry": { "type": "Point", "coordinates": [ -73.493688888888883, 6.011591666666667 ] } },
{ "type": "Feature", "properties": { "URL": "https://github.com/rcfdtools/R.GISMobile/tree/main/file/gis/POI/46/IMG_0014.JPG", "Altitude": 1815.0139165009939, "GoogleMaps": "http://maps.google.com/maps?q=6.0122527777777774,-73.49396388888889", "OSMaps": "https://www.openstreetmap.org/query?lat=6.0122527777777774&lon=-73.49396388888889" }, "geometry": { "type": "Point", "coordinates": [ -73.493963888888885, 6.012252777777777 ] } },
{ "type": "Feature", "properties": { "URL": "https://github.com/rcfdtools/R.GISMobile/tree/main/file/gis/POI/46/IMG_0015.JPG", "Altitude": 1771.462890625, "GoogleMaps": "http://maps.google.com/maps?q=6.016419444444445,-73.49346111111112", "OSMaps": "https://www.openstreetmap.org/query?lat=6.016419444444445&lon=-73.49346111111112" }, "geometry": { "type": "Point", "coordinates": [ -73.493461111111117, 6.016419444444445 ] } },
{ "type": "Feature", "properties": { "URL": "https://github.com/rcfdtools/R.GISMobile/tree/main/file/gis/POI/46/IMG_0016.JPG", "Altitude": 1771.1480730223125, "GoogleMaps": "http://maps.google.com/maps?q=6.016419444444445,-73.49346111111112", "OSMaps": "https://www.openstreetmap.org/query?lat=6.016419444444445&lon=-73.49346111111112" }, "geometry": { "type": "Point", "coordinates": [ -73.493461111111117, 6.016419444444445 ] } },
{ "type": "Feature", "properties": { "URL": "https://github.com/rcfdtools/R.GISMobile/tree/main/file/gis/POI/46/IMG_0017.JPG", "Altitude": 1768.89697265625, "GoogleMaps": "http://maps.google.com/maps?q=6.0165,-73.4934138888889", "OSMaps": "https://www.openstreetmap.org/query?lat=6.0165&lon=-73.4934138888889" }, "geometry": { "type": "Point", "coordinates": [ -73.493413888888895, 6.0165 ] } },
{ "type": "Feature", "properties": { "URL": "https://github.com/rcfdtools/R.GISMobile/tree/main/file/gis/POI/46/IMG_0018.JPG", "Altitude": 1767.708984375, "GoogleMaps": "http://maps.google.com/maps?q=6.016625,-73.49339444444445", "OSMaps": "https://www.openstreetmap.org/query?lat=6.016625&lon=-73.49339444444445" }, "geometry": { "type": "Point", "coordinates": [ -73.493394444444448, 6.016625 ] } },
{ "type": "Feature", "properties": { "URL": "https://github.com/rcfdtools/R.GISMobile/tree/main/file/gis/POI/46/IMG_0343.JPEG", "Altitude": 1630.8516853932583, "GoogleMaps": "http://maps.google.com/maps?q=6.0263277777777775,-73.6167", "OSMaps": "https://www.openstreetmap.org/query?lat=6.0263277777777775&lon=-73.6167" }, "geometry": { "type": "Point", "coordinates": [ -73.6167, 6.026327777777778 ] } },
{ "type": "Feature", "properties": { "URL": "https://github.com/rcfdtools/R.GISMobile/tree/main/file/gis/POI/46/IMG_0344.JPEG", "Altitude": 1652.975221238938, "GoogleMaps": "http://maps.google.com/maps?q=6.026291666666666,-73.61673055555555", "OSMaps": "https://www.openstreetmap.org/query?lat=6.026291666666666&lon=-73.61673055555555" }, "geometry": { "type": "Point", "coordinates": [ -73.616730555555549, 6.026291666666666 ] } },
{ "type": "Feature", "properties": { "URL": "https://github.com/rcfdtools/R.GISMobile/tree/main/file/gis/POI/46/IMG_0345.JPG", "Altitude": 1650.3572984749455, "GoogleMaps": "http://maps.google.com/maps?q=6.026291666666666,-73.61671388888888", "OSMaps": "https://www.openstreetmap.org/query?lat=6.026291666666666&lon=-73.61671388888888" }, "geometry": { "type": "Point", "coordinates": [ -73.616713888888881, 6.026291666666666 ] } },
{ "type": "Feature", "properties": { "URL": "https://github.com/rcfdtools/R.GISMobile/tree/main/file/gis/POI/46/IMG_0346.JPG", "Altitude": 1649.9559322033899, "GoogleMaps": "http://maps.google.com/maps?q=6.026302777777778,-73.61671388888888", "OSMaps": "https://www.openstreetmap.org/query?lat=6.026302777777778&lon=-73.61671388888888" }, "geometry": { "type": "Point", "coordinates": [ -73.616713888888881, 6.026302777777778 ] } },
{ "type": "Feature", "properties": { "URL": "https://github.com/rcfdtools/R.GISMobile/tree/main/file/gis/POI/46/IMG_0348.JPG", "Altitude": 1630.8890392422193, "GoogleMaps": "http://maps.google.com/maps?q=6.026477777777778,-73.61723333333333", "OSMaps": "https://www.openstreetmap.org/query?lat=6.026477777777778&lon=-73.61723333333333" }, "geometry": { "type": "Point", "coordinates": [ -73.617233333333331, 6.026477777777778 ] } },
{ "type": "Feature", "properties": { "URL": "https://github.com/rcfdtools/R.GISMobile/tree/main/file/gis/POI/46/IMG_0351.JPG", "Altitude": 1655.5815561959655, "GoogleMaps": "http://maps.google.com/maps?q=6.026466666666667,-73.61718055555555", "OSMaps": "https://www.openstreetmap.org/query?lat=6.026466666666667&lon=-73.61718055555555" }, "geometry": { "type": "Point", "coordinates": [ -73.617180555555549, 6.026466666666667 ] } },
{ "type": "Feature", "properties": { "URL": "https://github.com/rcfdtools/R.GISMobile/tree/main/file/gis/POI/46/IMG_0363.JPG", "Altitude": 1691.3050541516243, "GoogleMaps": "http://maps.google.com/maps?q=6.024161111111111,-73.62272777777777", "OSMaps": "https://www.openstreetmap.org/query?lat=6.024161111111111&lon=-73.62272777777777" }, "geometry": { "type": "Point", "coordinates": [ -73.622727777777769, 6.024161111111111 ] } },
{ "type": "Feature", "properties": { "URL": "https://github.com/rcfdtools/R.GISMobile/tree/main/file/gis/POI/46/IMG_0364.JPG", "Altitude": 1691.9876712328769, "GoogleMaps": "http://maps.google.com/maps?q=6.024161111111111,-73.62272777777777", "OSMaps": "https://www.openstreetmap.org/query?lat=6.024161111111111&lon=-73.62272777777777" }, "geometry": { "type": "Point", "coordinates": [ -73.622727777777769, 6.024161111111111 ] } },
{ "type": "Feature", "properties": { "URL": "https://github.com/rcfdtools/R.GISMobile/tree/main/file/gis/POI/46/IMG_0365.JPG", "Altitude": 1692.691771269177, "GoogleMaps": "http://maps.google.com/maps?q=6.024152777777778,-73.62271944444444", "OSMaps": "https://www.openstreetmap.org/query?lat=6.024152777777778&lon=-73.62271944444444" }, "geometry": { "type": "Point", "coordinates": [ -73.622719444444442, 6.024152777777778 ] } },
{ "type": "Feature", "properties": { "URL": "https://github.com/rcfdtools/R.GISMobile/tree/main/file/gis/POI/46/IMG_0370.JPG", "Altitude": 1491.4733333333334, "GoogleMaps": "http://maps.google.com/maps?q=6.025416666666667,-73.57309722222222", "OSMaps": "https://www.openstreetmap.org/query?lat=6.025416666666667&lon=-73.57309722222222" }, "geometry": { "type": "Point", "coordinates": [ -73.573097222222216, 6.025416666666667 ] } },
{ "type": "Feature", "properties": { "URL": "https://github.com/rcfdtools/R.GISMobile/tree/main/file/gis/POI/46/IMG_0371.JPG", "Altitude": 1524.8473581213309, "GoogleMaps": "http://maps.google.com/maps?q=6.025338888888889,-73.57287777777778", "OSMaps": "https://www.openstreetmap.org/query?lat=6.025338888888889&lon=-73.57287777777778" }, "geometry": { "type": "Point", "coordinates": [ -73.572877777777776, 6.025338888888889 ] } },
{ "type": "Feature", "properties": { "URL": "https://github.com/rcfdtools/R.GISMobile/tree/main/file/gis/POI/46/IMG_0372.JPG", "Altitude": 1528.91864608076, "GoogleMaps": "http://maps.google.com/maps?q=6.025325,-73.57288333333332", "OSMaps": "https://www.openstreetmap.org/query?lat=6.025325&lon=-73.57288333333332" }, "geometry": { "type": "Point", "coordinates": [ -73.572883333333323, 6.025325 ] } },
{ "type": "Feature", "properties": { "URL": "https://github.com/rcfdtools/R.GISMobile/tree/main/file/gis/POI/46/IMG_0373.JPG", "Altitude": 1531.5374211000899, "GoogleMaps": "http://maps.google.com/maps?q=6.025277777777777,-73.57290555555555", "OSMaps": "https://www.openstreetmap.org/query?lat=6.025277777777777&lon=-73.57290555555555" }, "geometry": { "type": "Point", "coordinates": [ -73.57290555555555, 6.025277777777777 ] } },
{ "type": "Feature", "properties": { "URL": "https://github.com/rcfdtools/R.GISMobile/tree/main/file/gis/POI/46/IMG_0374.JPG", "Altitude": 1532.7590987868284, "GoogleMaps": "http://maps.google.com/maps?q=6.025286111111111,-73.57290555555555", "OSMaps": "https://www.openstreetmap.org/query?lat=6.025286111111111&lon=-73.57290555555555" }, "geometry": { "type": "Point", "coordinates": [ -73.57290555555555, 6.025286111111111 ] } },
{ "type": "Feature", "properties": { "URL": "https://github.com/rcfdtools/R.GISMobile/tree/main/file/gis/POI/46/IMG_0375.JPG", "Altitude": 1523.059513830679, "GoogleMaps": "http://maps.google.com/maps?q=6.025291666666667,-73.57290555555555", "OSMaps": "https://www.openstreetmap.org/query?lat=6.025291666666667&lon=-73.57290555555555" }, "geometry": { "type": "Point", "coordinates": [ -73.57290555555555, 6.025291666666667 ] } },
{ "type": "Feature", "properties": { "URL": "https://github.com/rcfdtools/R.GISMobile/tree/main/file/gis/POI/46/IMG_0376.JPG", "Altitude": 1529.7523866348449, "GoogleMaps": "http://maps.google.com/maps?q=6.025291666666667,-73.57290555555555", "OSMaps": "https://www.openstreetmap.org/query?lat=6.025291666666667&lon=-73.57290555555555" }, "geometry": { "type": "Point", "coordinates": [ -73.57290555555555, 6.025291666666667 ] } },
{ "type": "Feature", "properties": { "URL": "https://github.com/rcfdtools/R.GISMobile/tree/main/file/gis/POI/46/IMG_0378.JPG", "Altitude": 1983.9814658803707, "GoogleMaps": "http://maps.google.com/maps?q=5.955788888888889,-73.700325", "OSMaps": "https://www.openstreetmap.org/query?lat=5.955788888888889&lon=-73.700325" }, "geometry": { "type": "Point", "coordinates": [ -73.700325, 5.955788888888889 ] } },
{ "type": "Feature", "properties": { "URL": "https://github.com/rcfdtools/R.GISMobile/tree/main/file/gis/POI/46/IMG_0380.JPG", "Altitude": 1974.5506607929517, "GoogleMaps": "http://maps.google.com/maps?q=5.95615,-73.70042500000001", "OSMaps": "https://www.openstreetmap.org/query?lat=5.95615&lon=-73.70042500000001" }, "geometry": { "type": "Point", "coordinates": [ -73.700425, 5.95615 ] } },
{ "type": "Feature", "properties": { "URL": "https://github.com/rcfdtools/R.GISMobile/tree/main/file/gis/POI/46/IMG_0384.JPG", "Altitude": 1988.2104689203925, "GoogleMaps": "http://maps.google.com/maps?q=5.955697222222223,-73.70049444444444", "OSMaps": "https://www.openstreetmap.org/query?lat=5.955697222222223&lon=-73.70049444444444" }, "geometry": { "type": "Point", "coordinates": [ -73.700494444444445, 5.955697222222223 ] } },
{ "type": "Feature", "properties": { "URL": "https://github.com/rcfdtools/R.GISMobile/tree/main/file/gis/POI/46/IMG_0385.JPG", "Altitude": 1989.0205278592373, "GoogleMaps": "http://maps.google.com/maps?q=5.955702777777778,-73.70049444444444", "OSMaps": "https://www.openstreetmap.org/query?lat=5.955702777777778&lon=-73.70049444444444" }, "geometry": { "type": "Point", "coordinates": [ -73.700494444444445, 5.955702777777778 ] } },
{ "type": "Feature", "properties": { "URL": "https://github.com/rcfdtools/R.GISMobile/tree/main/file/gis/POI/46/IMG_0386.JPG", "Altitude": 1983.9314159292037, "GoogleMaps": "http://maps.google.com/maps?q=5.955625,-73.70027222222222", "OSMaps": "https://www.openstreetmap.org/query?lat=5.955625&lon=-73.70027222222222" }, "geometry": { "type": "Point", "coordinates": [ -73.700272222222225, 5.955625 ] } },
{ "type": "Feature", "properties": { "URL": "https://github.com/rcfdtools/R.GISMobile/tree/main/file/gis/POI/46/IMG_0393.JPG", "Altitude": 1978.3374045801529, "GoogleMaps": "http://maps.google.com/maps?q=5.955613888888889,-73.70033333333333", "OSMaps": "https://www.openstreetmap.org/query?lat=5.955613888888889&lon=-73.70033333333333" }, "geometry": { "type": "Point", "coordinates": [ -73.700333333333333, 5.955613888888889 ] } },
{ "type": "Feature", "properties": { "URL": "https://github.com/rcfdtools/R.GISMobile/tree/main/file/gis/POI/46/IMG_0401.JPG", "Altitude": 1989.8379120879119, "GoogleMaps": "http://maps.google.com/maps?q=5.955477777777778,-73.70011111111111", "OSMaps": "https://www.openstreetmap.org/query?lat=5.955477777777778&lon=-73.70011111111111" }, "geometry": { "type": "Point", "coordinates": [ -73.700111111111113, 5.955477777777778 ] } },
{ "type": "Feature", "properties": { "URL": "https://github.com/rcfdtools/R.GISMobile/tree/main/file/gis/POI/46/IMG_0411.JPG", "Altitude": 2124.133056133056, "GoogleMaps": "http://maps.google.com/maps?q=6.000025,-73.66922777777778", "OSMaps": "https://www.openstreetmap.org/query?lat=6.000025&lon=-73.66922777777778" }, "geometry": { "type": "Point", "coordinates": [ -73.669227777777778, 6.000025 ] } },
{ "type": "Feature", "properties": { "URL": "https://github.com/rcfdtools/R.GISMobile/tree/main/file/gis/POI/46/IMG_0412.JPG", "Altitude": 2134.5305164319248, "GoogleMaps": "http://maps.google.com/maps?q=6.011844444444445,-73.67179166666668", "OSMaps": "https://www.openstreetmap.org/query?lat=6.011844444444445&lon=-73.67179166666668" }, "geometry": { "type": "Point", "coordinates": [ -73.671791666666678, 6.011844444444445 ] } },
{ "type": "Feature", "properties": { "URL": "https://github.com/rcfdtools/R.GISMobile/tree/main/file/gis/POI/46/IMG_0413.JPG", "Altitude": 2137.3187250996016, "GoogleMaps": "http://maps.google.com/maps?q=6.012422222222222,-73.67139444444445", "OSMaps": "https://www.openstreetmap.org/query?lat=6.012422222222222&lon=-73.67139444444445" }, "geometry": { "type": "Point", "coordinates": [ -73.671394444444445, 6.012422222222222 ] } },
{ "type": "Feature", "properties": { "URL": "https://github.com/rcfdtools/R.GISMobile/tree/main/file/gis/POI/46/IMG_0414.JPG", "Altitude": 2140.7735583684957, "GoogleMaps": "http://maps.google.com/maps?q=6.012286111111111,-73.67147777777778", "OSMaps": "https://www.openstreetmap.org/query?lat=6.012286111111111&lon=-73.67147777777778" }, "geometry": { "type": "Point", "coordinates": [ -73.671477777777781, 6.012286111111111 ] } },
{ "type": "Feature", "properties": { "URL": "https://github.com/rcfdtools/R.GISMobile/tree/main/file/gis/POI/46/IMG_0415.JPG", "Altitude": 2145.0081799591003, "GoogleMaps": "http://maps.google.com/maps?q=6.0120861111111115,-73.67156111111112", "OSMaps": "https://www.openstreetmap.org/query?lat=6.0120861111111115&lon=-73.67156111111112" }, "geometry": { "type": "Point", "coordinates": [ -73.671561111111117, 6.012086111111112 ] } },
{ "type": "Feature", "properties": { "URL": "https://github.com/rcfdtools/R.GISMobile/tree/main/file/gis/POI/46/IMG_0416.JPG", "Altitude": 2119.7860116569527, "GoogleMaps": "http://maps.google.com/maps?q=6.012261111111111,-73.67152222222222", "OSMaps": "https://www.openstreetmap.org/query?lat=6.012261111111111&lon=-73.67152222222222" }, "geometry": { "type": "Point", "coordinates": [ -73.671522222222222, 6.012261111111111 ] } },
{ "type": "Feature", "properties": { "URL": "https://github.com/rcfdtools/R.GISMobile/tree/main/file/gis/POI/46/IMG_0417.JPG", "Altitude": 2131.276, "GoogleMaps": "http://maps.google.com/maps?q=6.012511111111111,-73.67136388888889", "OSMaps": "https://www.openstreetmap.org/query?lat=6.012511111111111&lon=-73.67136388888889" }, "geometry": { "type": "Point", "coordinates": [ -73.671363888888891, 6.012511111111111 ] } },
{ "type": "Feature", "properties": { "URL": "https://github.com/rcfdtools/R.GISMobile/tree/main/file/gis/POI/46/IMG_0418.JPG", "Altitude": 2130.579467680609, "GoogleMaps": "http://maps.google.com/maps?q=6.012466666666667,-73.67133333333334", "OSMaps": "https://www.openstreetmap.org/query?lat=6.012466666666667&lon=-73.67133333333334" }, "geometry": { "type": "Point", "coordinates": [ -73.671333333333337, 6.012466666666667 ] } },
{ "type": "Feature", "properties": { "URL": "https://github.com/rcfdtools/R.GISMobile/tree/main/file/gis/POI/46/IMG_0419.JPG", "Altitude": 2173.2589118198875, "GoogleMaps": "http://maps.google.com/maps?q=6.012605555555556,-73.67111944444444", "OSMaps": "https://www.openstreetmap.org/query?lat=6.012605555555556&lon=-73.67111944444444" }, "geometry": { "type": "Point", "coordinates": [ -73.671119444444443, 6.012605555555556 ] } },
{ "type": "Feature", "properties": { "URL": "https://github.com/rcfdtools/R.GISMobile/tree/main/file/gis/POI/46/IMG_0420.JPG", "Altitude": 2116.9224855861626, "GoogleMaps": "http://maps.google.com/maps?q=6.012194444444445,-73.67162222222223", "OSMaps": "https://www.openstreetmap.org/query?lat=6.012194444444445&lon=-73.67162222222223" }, "geometry": { "type": "Point", "coordinates": [ -73.671622222222226, 6.012194444444445 ] } },
{ "type": "Feature", "properties": { "URL": "https://github.com/rcfdtools/R.GISMobile/tree/main/file/gis/POI/46/IMG_0421.JPEG", "Altitude": 2135.6270753512131, "GoogleMaps": "http://maps.google.com/maps?q=6.012294444444445,-73.67165277777778", "OSMaps": "https://www.openstreetmap.org/query?lat=6.012294444444445&lon=-73.67165277777778" }, "geometry": { "type": "Point", "coordinates": [ -73.67165277777778, 6.012294444444445 ] } },
{ "type": "Feature", "properties": { "URL": "https://github.com/rcfdtools/R.GISMobile/tree/main/file/gis/POI/46/IMG_0422.JPEG", "Altitude": 2138.3721910112358, "GoogleMaps": "http://maps.google.com/maps?q=6.012375,-73.67170555555556", "OSMaps": "https://www.openstreetmap.org/query?lat=6.012375&lon=-73.67170555555556" }, "geometry": { "type": "Point", "coordinates": [ -73.671705555555562, 6.012375 ] } },
{ "type": "Feature", "properties": { "URL": "https://github.com/rcfdtools/R.GISMobile/tree/main/file/gis/POI/46/IMG_0423.JPG", "Altitude": 2141.4531645569618, "GoogleMaps": "http://maps.google.com/maps?q=6.012405555555556,-73.67186111111111", "OSMaps": "https://www.openstreetmap.org/query?lat=6.012405555555556&lon=-73.67186111111111" }, "geometry": { "type": "Point", "coordinates": [ -73.671861111111113, 6.012405555555556 ] } },
{ "type": "Feature", "properties": { "URL": "https://github.com/rcfdtools/R.GISMobile/tree/main/file/gis/POI/46/IMG_0424.JPG", "Altitude": 2141.2332317073169, "GoogleMaps": "http://maps.google.com/maps?q=6.012433333333333,-73.67189722222223", "OSMaps": "https://www.openstreetmap.org/query?lat=6.012433333333333&lon=-73.67189722222223" }, "geometry": { "type": "Point", "coordinates": [ -73.671897222222228, 6.012433333333333 ] } },
{ "type": "Feature", "properties": { "URL": "https://github.com/rcfdtools/R.GISMobile/tree/main/file/gis/POI/46/IMG_0425.JPG", "Altitude": 2131.0533453887883, "GoogleMaps": "http://maps.google.com/maps?q=6.012755555555556,-73.67186666666667", "OSMaps": "https://www.openstreetmap.org/query?lat=6.012755555555556&lon=-73.67186666666667" }, "geometry": { "type": "Point", "coordinates": [ -73.671866666666673, 6.012755555555556 ] } },
{ "type": "Feature", "properties": { "URL": "https://github.com/rcfdtools/R.GISMobile/tree/main/file/gis/POI/46/IMG_0426.JPG", "Altitude": 2148.0811744386874, "GoogleMaps": "http://maps.google.com/maps?q=6.013025,-73.67179166666668", "OSMaps": "https://www.openstreetmap.org/query?lat=6.013025&lon=-73.67179166666668" }, "geometry": { "type": "Point", "coordinates": [ -73.671791666666678, 6.013025 ] } },
{ "type": "Feature", "properties": { "URL": "https://github.com/rcfdtools/R.GISMobile/tree/main/file/gis/POI/46/IMG_0430.JPG", "Altitude": 1827.4050279329608, "GoogleMaps": "http://maps.google.com/maps?q=5.981744444444445,-73.6288611111111", "OSMaps": "https://www.openstreetmap.org/query?lat=5.981744444444445&lon=-73.6288611111111" }, "geometry": { "type": "Point", "coordinates": [ -73.628861111111107, 5.981744444444445 ] } },
{ "type": "Feature", "properties": { "URL": "https://github.com/rcfdtools/R.GISMobile/tree/main/file/gis/POI/46/IMG_0431.JPG", "Altitude": 1798.2069092245497, "GoogleMaps": "http://maps.google.com/maps?q=6.062911111111111,-73.6374888888889", "OSMaps": "https://www.openstreetmap.org/query?lat=6.062911111111111&lon=-73.6374888888889" }, "geometry": { "type": "Point", "coordinates": [ -73.637488888888896, 6.062911111111111 ] } },
{ "type": "Feature", "properties": { "URL": "https://github.com/rcfdtools/R.GISMobile/tree/main/file/gis/POI/46/IMG_0432.JPG", "Altitude": 1798.253052164262, "GoogleMaps": "http://maps.google.com/maps?q=6.062916666666666,-73.63748055555556", "OSMaps": "https://www.openstreetmap.org/query?lat=6.062916666666666&lon=-73.63748055555556" }, "geometry": { "type": "Point", "coordinates": [ -73.637480555555555, 6.062916666666666 ] } },
{ "type": "Feature", "properties": { "URL": "https://github.com/rcfdtools/R.GISMobile/tree/main/file/gis/POI/46/IMG_0433.JPG", "Altitude": 1794.3033448673586, "GoogleMaps": "http://maps.google.com/maps?q=6.062911111111111,-73.63748055555556", "OSMaps": "https://www.openstreetmap.org/query?lat=6.062911111111111&lon=-73.63748055555556" }, "geometry": { "type": "Point", "coordinates": [ -73.637480555555555, 6.062911111111111 ] } },
{ "type": "Feature", "properties": { "URL": "https://github.com/rcfdtools/R.GISMobile/tree/main/file/gis/POI/46/IMG_0434.JPG", "Altitude": 1794.2706310679612, "GoogleMaps": "http://maps.google.com/maps?q=6.062908333333334,-73.63748055555556", "OSMaps": "https://www.openstreetmap.org/query?lat=6.062908333333334&lon=-73.63748055555556" }, "geometry": { "type": "Point", "coordinates": [ -73.637480555555555, 6.062908333333334 ] } },
{ "type": "Feature", "properties": { "URL": "https://github.com/rcfdtools/R.GISMobile/tree/main/file/gis/POI/46/IMG_0435.JPG", "Altitude": 1798.961791831357, "GoogleMaps": "http://maps.google.com/maps?q=6.062983333333333,-73.6374888888889", "OSMaps": "https://www.openstreetmap.org/query?lat=6.062983333333333&lon=-73.6374888888889" }, "geometry": { "type": "Point", "coordinates": [ -73.637488888888896, 6.062983333333333 ] } },
{ "type": "Feature", "properties": { "URL": "https://github.com/rcfdtools/R.GISMobile/tree/main/file/gis/POI/46/IMG_0436.JPG", "Altitude": 1790.4278169014085, "GoogleMaps": "http://maps.google.com/maps?q=6.062919444444444,-73.63742777777779", "OSMaps": "https://www.openstreetmap.org/query?lat=6.062919444444444&lon=-73.63742777777779" }, "geometry": { "type": "Point", "coordinates": [ -73.637427777777788, 6.062919444444444 ] } },
{ "type": "Feature", "properties": { "URL": "https://github.com/rcfdtools/R.GISMobile/tree/main/file/gis/POI/46/IMG_0437.JPG", "Altitude": 1795.9613034623219, "GoogleMaps": "http://maps.google.com/maps?q=6.062905555555555,-73.63750555555556", "OSMaps": "https://www.openstreetmap.org/query?lat=6.062905555555555&lon=-73.63750555555556" }, "geometry": { "type": "Point", "coordinates": [ -73.637505555555563, 6.062905555555555 ] } },
{ "type": "Feature", "properties": { "URL": "https://github.com/rcfdtools/R.GISMobile/tree/main/file/gis/POI/46/IMG_0438.JPG", "Altitude": 1794.0018315018317, "GoogleMaps": "http://maps.google.com/maps?q=6.062766666666667,-73.63780277777778", "OSMaps": "https://www.openstreetmap.org/query?lat=6.062766666666667&lon=-73.63780277777778" }, "geometry": { "type": "Point", "coordinates": [ -73.637802777777779, 6.062766666666667 ] } },
{ "type": "Feature", "properties": { "URL": "https://github.com/rcfdtools/R.GISMobile/tree/main/file/gis/POI/46/IMG_0444.JPG", "Altitude": 1785.9700934579439, "GoogleMaps": "http://maps.google.com/maps?q=6.0628416666666665,-73.63745833333334", "OSMaps": "https://www.openstreetmap.org/query?lat=6.0628416666666665&lon=-73.63745833333334" }, "geometry": { "type": "Point", "coordinates": [ -73.637458333333342, 6.062841666666666 ] } },
{ "type": "Feature", "properties": { "URL": "https://github.com/rcfdtools/R.GISMobile/tree/main/file/gis/POI/46/IMG_0445.JPG", "Altitude": 1788.0736086175943, "GoogleMaps": "http://maps.google.com/maps?q=6.0628416666666665,-73.63747222222223", "OSMaps": "https://www.openstreetmap.org/query?lat=6.0628416666666665&lon=-73.63747222222223" }, "geometry": { "type": "Point", "coordinates": [ -73.637472222222229, 6.062841666666666 ] } },
{ "type": "Feature", "properties": { "URL": "https://github.com/rcfdtools/R.GISMobile/tree/main/file/gis/POI/46/IMG_0449.JPG", "Altitude": 1784.2842998585572, "GoogleMaps": "http://maps.google.com/maps?q=6.062672222222222,-73.63757222222223", "OSMaps": "https://www.openstreetmap.org/query?lat=6.062672222222222&lon=-73.63757222222223" }, "geometry": { "type": "Point", "coordinates": [ -73.637572222222232, 6.062672222222222 ] } },
{ "type": "Feature", "properties": { "URL": "https://github.com/rcfdtools/R.GISMobile/tree/main/file/gis/POI/46/IMG_2010.JPG", "Altitude": 2074.5421133231239, "GoogleMaps": "http://maps.google.com/maps?q=6.014266666666667,-73.47694444444444", "OSMaps": "https://www.openstreetmap.org/query?lat=6.014266666666667&lon=-73.47694444444444" }, "geometry": { "type": "Point", "coordinates": [ -73.476944444444442, 6.014266666666667 ] } },
{ "type": "Feature", "properties": { "URL": "https://github.com/rcfdtools/R.GISMobile/tree/main/file/gis/POI/46/IMG_2013.JPG", "Altitude": 2073.855175292153, "GoogleMaps": "http://maps.google.com/maps?q=6.014272222222222,-73.47696111111111", "OSMaps": "https://www.openstreetmap.org/query?lat=6.014272222222222&lon=-73.47696111111111" }, "geometry": { "type": "Point", "coordinates": [ -73.476961111111109, 6.014272222222222 ] } },
{ "type": "Feature", "properties": { "URL": "https://github.com/rcfdtools/R.GISMobile/tree/main/file/gis/POI/46/IMG_2014.JPG", "Altitude": 2074.2828985507244, "GoogleMaps": "http://maps.google.com/maps?q=6.013738888888889,-73.4773388888889", "OSMaps": "https://www.openstreetmap.org/query?lat=6.013738888888889&lon=-73.4773388888889" }, "geometry": { "type": "Point", "coordinates": [ -73.477338888888895, 6.013738888888889 ] } },
{ "type": "Feature", "properties": { "URL": "https://github.com/rcfdtools/R.GISMobile/tree/main/file/gis/POI/46/IMG_20250816_092936512.jpg", "Altitude": 2695.0, "GoogleMaps": "http://maps.google.com/maps?q=5.3850421666666675,-73.68643186111112", "OSMaps": "https://www.openstreetmap.org/query?lat=5.3850421666666675&lon=-73.68643186111112" }, "geometry": { "type": "Point", "coordinates": [ -73.686431861111117, 5.385042166666668 ] } },
{ "type": "Feature", "properties": { "URL": "https://github.com/rcfdtools/R.GISMobile/tree/main/file/gis/POI/46/IMG_20250816_092940765.jpg", "Altitude": 2695.0, "GoogleMaps": "http://maps.google.com/maps?q=5.3850421666666675,-73.68643186111112", "OSMaps": "https://www.openstreetmap.org/query?lat=5.3850421666666675&lon=-73.68643186111112" }, "geometry": { "type": "Point", "coordinates": [ -73.686431861111117, 5.385042166666668 ] } },
{ "type": "Feature", "properties": { "URL": "https://github.com/rcfdtools/R.GISMobile/tree/main/file/gis/POI/46/IMG_20250816_092943426.jpg", "Altitude": 2695.0, "GoogleMaps": "http://maps.google.com/maps?q=5.3850421666666675,-73.68643186111112", "OSMaps": "https://www.openstreetmap.org/query?lat=5.3850421666666675&lon=-73.68643186111112" }, "geometry": { "type": "Point", "coordinates": [ -73.686431861111117, 5.385042166666668 ] } },
{ "type": "Feature", "properties": { "URL": "https://github.com/rcfdtools/R.GISMobile/tree/main/file/gis/POI/46/IMG_20250816_092945679.jpg", "Altitude": 2695.0, "GoogleMaps": "http://maps.google.com/maps?q=5.3850421666666675,-73.68643186111112", "OSMaps": "https://www.openstreetmap.org/query?lat=5.3850421666666675&lon=-73.68643186111112" }, "geometry": { "type": "Point", "coordinates": [ -73.686431861111117, 5.385042166666668 ] } },
{ "type": "Feature", "properties": { "URL": "https://github.com/rcfdtools/R.GISMobile/tree/main/file/gis/POI/46/IMG_20250816_092951887.jpg", "Altitude": 2695.0, "GoogleMaps": "http://maps.google.com/maps?q=5.3850421666666675,-73.68643186111112", "OSMaps": "https://www.openstreetmap.org/query?lat=5.3850421666666675&lon=-73.68643186111112" }, "geometry": { "type": "Point", "coordinates": [ -73.686431861111117, 5.385042166666668 ] } },
{ "type": "Feature", "properties": { "URL": "https://github.com/rcfdtools/R.GISMobile/tree/main/file/gis/POI/46/IMG_20250816_105015018.jpg", "Altitude": 0.0, "GoogleMaps": "http://maps.google.com/maps?q=5.583733111111111,-73.69647977777778", "OSMaps": "https://www.openstreetmap.org/query?lat=5.583733111111111&lon=-73.69647977777778" }, "geometry": { "type": "Point", "coordinates": [ -73.696479777777782, 5.583733111111111 ] } },
{ "type": "Feature", "properties": { "URL": "https://github.com/rcfdtools/R.GISMobile/tree/main/file/gis/POI/46/IMG_20250816_105021908.jpg", "Altitude": 0.0, "GoogleMaps": "http://maps.google.com/maps?q=5.583733111111111,-73.69647977777778", "OSMaps": "https://www.openstreetmap.org/query?lat=5.583733111111111&lon=-73.69647977777778" }, "geometry": { "type": "Point", "coordinates": [ -73.696479777777782, 5.583733111111111 ] } },
{ "type": "Feature", "properties": { "URL": "https://github.com/rcfdtools/R.GISMobile/tree/main/file/gis/POI/46/IMG_20250816_105028760.jpg", "Altitude": 0.0, "GoogleMaps": "http://maps.google.com/maps?q=5.583733111111111,-73.69647977777778", "OSMaps": "https://www.openstreetmap.org/query?lat=5.583733111111111&lon=-73.69647977777778" }, "geometry": { "type": "Point", "coordinates": [ -73.696479777777782, 5.583733111111111 ] } },
{ "type": "Feature", "properties": { "URL": "https://github.com/rcfdtools/R.GISMobile/tree/main/file/gis/POI/46/IMG_20250816_105032978.jpg", "Altitude": 0.0, "GoogleMaps": "http://maps.google.com/maps?q=5.583733111111111,-73.69647977777778", "OSMaps": "https://www.openstreetmap.org/query?lat=5.583733111111111&lon=-73.69647977777778" }, "geometry": { "type": "Point", "coordinates": [ -73.696479777777782, 5.583733111111111 ] } },
{ "type": "Feature", "properties": { "URL": "https://github.com/rcfdtools/R.GISMobile/tree/main/file/gis/POI/46/IMG_20250816_105036614.jpg", "Altitude": 0.0, "GoogleMaps": "http://maps.google.com/maps?q=5.583733111111111,-73.69647977777778", "OSMaps": "https://www.openstreetmap.org/query?lat=5.583733111111111&lon=-73.69647977777778" }, "geometry": { "type": "Point", "coordinates": [ -73.696479777777782, 5.583733111111111 ] } },
{ "type": "Feature", "properties": { "URL": "https://github.com/rcfdtools/R.GISMobile/tree/main/file/gis/POI/46/IMG_20250816_105158227.jpg", "Altitude": 2613.0, "GoogleMaps": "http://maps.google.com/maps?q=5.506512138888889,-73.62281797222222", "OSMaps": "https://www.openstreetmap.org/query?lat=5.506512138888889&lon=-73.62281797222222" }, "geometry": { "type": "Point", "coordinates": [ -73.622817972222222, 5.506512138888889 ] } },
{ "type": "Feature", "properties": { "URL": "https://github.com/rcfdtools/R.GISMobile/tree/main/file/gis/POI/46/IMG_20250816_105200530.jpg", "Altitude": 2613.0, "GoogleMaps": "http://maps.google.com/maps?q=5.506512138888889,-73.62281797222222", "OSMaps": "https://www.openstreetmap.org/query?lat=5.506512138888889&lon=-73.62281797222222" }, "geometry": { "type": "Point", "coordinates": [ -73.622817972222222, 5.506512138888889 ] } },
{ "type": "Feature", "properties": { "URL": "https://github.com/rcfdtools/R.GISMobile/tree/main/file/gis/POI/46/IMG_20250816_105202297.jpg", "Altitude": 2613.0, "GoogleMaps": "http://maps.google.com/maps?q=5.506512138888889,-73.62281797222222", "OSMaps": "https://www.openstreetmap.org/query?lat=5.506512138888889&lon=-73.62281797222222" }, "geometry": { "type": "Point", "coordinates": [ -73.622817972222222, 5.506512138888889 ] } },
{ "type": "Feature", "properties": { "URL": "https://github.com/rcfdtools/R.GISMobile/tree/main/file/gis/POI/46/IMG_20250816_112503211_HDR.jpg", "Altitude": 2286.0, "GoogleMaps": "http://maps.google.com/maps?q=5.5380701666666665,-73.63306424999999", "OSMaps": "https://www.openstreetmap.org/query?lat=5.5380701666666665&lon=-73.63306424999999" }, "geometry": { "type": "Point", "coordinates": [ -73.63306425, 5.538070166666667 ] } },
{ "type": "Feature", "properties": { "URL": "https://github.com/rcfdtools/R.GISMobile/tree/main/file/gis/POI/46/IMG_20250816_112507148_HDR.jpg", "Altitude": 2286.0, "GoogleMaps": "http://maps.google.com/maps?q=5.5380701666666665,-73.63306424999999", "OSMaps": "https://www.openstreetmap.org/query?lat=5.5380701666666665&lon=-73.63306424999999" }, "geometry": { "type": "Point", "coordinates": [ -73.63306425, 5.538070166666667 ] } },
{ "type": "Feature", "properties": { "URL": "https://github.com/rcfdtools/R.GISMobile/tree/main/file/gis/POI/46/IMG_20250816_112702468_HDR.jpg", "Altitude": 2175.0, "GoogleMaps": "http://maps.google.com/maps?q=5.537725944444444,-73.63275908333333", "OSMaps": "https://www.openstreetmap.org/query?lat=5.537725944444444&lon=-73.63275908333333" }, "geometry": { "type": "Point", "coordinates": [ -73.632759083333326, 5.537725944444444 ] } },
{ "type": "Feature", "properties": { "URL": "https://github.com/rcfdtools/R.GISMobile/tree/main/file/gis/POI/46/IMG_20250816_112705975.jpg", "Altitude": 2175.0, "GoogleMaps": "http://maps.google.com/maps?q=5.537725944444444,-73.63275908333333", "OSMaps": "https://www.openstreetmap.org/query?lat=5.537725944444444&lon=-73.63275908333333" }, "geometry": { "type": "Point", "coordinates": [ -73.632759083333326, 5.537725944444444 ] } },
{ "type": "Feature", "properties": { "URL": "https://github.com/rcfdtools/R.GISMobile/tree/main/file/gis/POI/46/IMG_20250816_112713093.jpg", "Altitude": 2175.0, "GoogleMaps": "http://maps.google.com/maps?q=5.537725944444444,-73.63275908333333", "OSMaps": "https://www.openstreetmap.org/query?lat=5.537725944444444&lon=-73.63275908333333" }, "geometry": { "type": "Point", "coordinates": [ -73.632759083333326, 5.537725944444444 ] } },
{ "type": "Feature", "properties": { "URL": "https://github.com/rcfdtools/R.GISMobile/tree/main/file/gis/POI/46/IMG_20250816_112721841.jpg", "Altitude": 2175.0, "GoogleMaps": "http://maps.google.com/maps?q=5.537725944444444,-73.63275908333333", "OSMaps": "https://www.openstreetmap.org/query?lat=5.537725944444444&lon=-73.63275908333333" }, "geometry": { "type": "Point", "coordinates": [ -73.632759083333326, 5.537725944444444 ] } },
{ "type": "Feature", "properties": { "URL": "https://github.com/rcfdtools/R.GISMobile/tree/main/file/gis/POI/46/IMG_20250816_112725352.jpg", "Altitude": 2175.0, "GoogleMaps": "http://maps.google.com/maps?q=5.537725944444444,-73.63275908333333", "OSMaps": "https://www.openstreetmap.org/query?lat=5.537725944444444&lon=-73.63275908333333" }, "geometry": { "type": "Point", "coordinates": [ -73.632759083333326, 5.537725944444444 ] } },
{ "type": "Feature", "properties": { "URL": "https://github.com/rcfdtools/R.GISMobile/tree/main/file/gis/POI/46/IMG_20250816_112746015.jpg", "Altitude": 2175.0, "GoogleMaps": "http://maps.google.com/maps?q=5.537725944444444,-73.63275908333333", "OSMaps": "https://www.openstreetmap.org/query?lat=5.537725944444444&lon=-73.63275908333333" }, "geometry": { "type": "Point", "coordinates": [ -73.632759083333326, 5.537725944444444 ] } },
{ "type": "Feature", "properties": { "URL": "https://github.com/rcfdtools/R.GISMobile/tree/main/file/gis/POI/46/IMG_20250816_112748960.jpg", "Altitude": 2175.0, "GoogleMaps": "http://maps.google.com/maps?q=5.537725944444444,-73.63275908333333", "OSMaps": "https://www.openstreetmap.org/query?lat=5.537725944444444&lon=-73.63275908333333" }, "geometry": { "type": "Point", "coordinates": [ -73.632759083333326, 5.537725944444444 ] } },
{ "type": "Feature", "properties": { "URL": "https://github.com/rcfdtools/R.GISMobile/tree/main/file/gis/POI/46/IMG_20250816_112752331.jpg", "Altitude": 2175.0, "GoogleMaps": "http://maps.google.com/maps?q=5.537725944444444,-73.63275908333333", "OSMaps": "https://www.openstreetmap.org/query?lat=5.537725944444444&lon=-73.63275908333333" }, "geometry": { "type": "Point", "coordinates": [ -73.632759083333326, 5.537725944444444 ] } },
{ "type": "Feature", "properties": { "URL": "https://github.com/rcfdtools/R.GISMobile/tree/main/file/gis/POI/46/IMG_20250816_115134530.jpg", "Altitude": 2168.0, "GoogleMaps": "http://maps.google.com/maps?q=5.5405101666666665,-73.63288877777777", "OSMaps": "https://www.openstreetmap.org/query?lat=5.5405101666666665&lon=-73.63288877777777" }, "geometry": { "type": "Point", "coordinates": [ -73.632888777777765, 5.540510166666667 ] } },
{ "type": "Feature", "properties": { "URL": "https://github.com/rcfdtools/R.GISMobile/tree/main/file/gis/POI/46/IMG_20250816_115147927.jpg", "Altitude": 2168.0, "GoogleMaps": "http://maps.google.com/maps?q=5.5405101666666665,-73.63288877777777", "OSMaps": "https://www.openstreetmap.org/query?lat=5.5405101666666665&lon=-73.63288877777777" }, "geometry": { "type": "Point", "coordinates": [ -73.632888777777765, 5.540510166666667 ] } },
{ "type": "Feature", "properties": { "URL": "https://github.com/rcfdtools/R.GISMobile/tree/main/file/gis/POI/46/IMG_20250920_170314891_HDR.jpg", "Altitude": 1442.0, "GoogleMaps": "http://maps.google.com/maps?q=6.17503213888889,-73.44754027777778", "OSMaps": "https://www.openstreetmap.org/query?lat=6.17503213888889&lon=-73.44754027777778" }, "geometry": { "type": "Point", "coordinates": [ -73.447540277777776, 6.17503213888889 ] } },
{ "type": "Feature", "properties": { "URL": "https://github.com/rcfdtools/R.GISMobile/tree/main/file/gis/POI/46/IMG_20250920_170449883_HDR.jpg", "Altitude": 1449.0, "GoogleMaps": "http://maps.google.com/maps?q=6.175046916666667,-73.44745633333334", "OSMaps": "https://www.openstreetmap.org/query?lat=6.175046916666667&lon=-73.44745633333334" }, "geometry": { "type": "Point", "coordinates": [ -73.447456333333335, 6.175046916666667 ] } },
{ "type": "Feature", "properties": { "URL": "https://github.com/rcfdtools/R.GISMobile/tree/main/file/gis/POI/46/IMG_20250920_170834272_HDR.jpg", "Altitude": 1445.0, "GoogleMaps": "http://maps.google.com/maps?q=6.175632944444445,-73.44624327777778", "OSMaps": "https://www.openstreetmap.org/query?lat=6.175632944444445&lon=-73.44624327777778" }, "geometry": { "type": "Point", "coordinates": [ -73.446243277777782, 6.175632944444445 ] } },
{ "type": "Feature", "properties": { "URL": "https://github.com/rcfdtools/R.GISMobile/tree/main/file/gis/POI/46/IMG_20250920_170839609_HDR.jpg", "Altitude": 1445.0, "GoogleMaps": "http://maps.google.com/maps?q=6.175632944444445,-73.44624327777778", "OSMaps": "https://www.openstreetmap.org/query?lat=6.175632944444445&lon=-73.44624327777778" }, "geometry": { "type": "Point", "coordinates": [ -73.446243277777782, 6.175632944444445 ] } },
{ "type": "Feature", "properties": { "URL": "https://github.com/rcfdtools/R.GISMobile/tree/main/file/gis/POI/46/IMG_20250920_170843581.jpg", "Altitude": 1445.0, "GoogleMaps": "http://maps.google.com/maps?q=6.175632944444445,-73.44624327777778", "OSMaps": "https://www.openstreetmap.org/query?lat=6.175632944444445&lon=-73.44624327777778" }, "geometry": { "type": "Point", "coordinates": [ -73.446243277777782, 6.175632944444445 ] } },
{ "type": "Feature", "properties": { "URL": "https://github.com/rcfdtools/R.GISMobile/tree/main/file/gis/POI/46/IMG_20250920_171023840.jpg", "Altitude": 1428.0, "GoogleMaps": "http://maps.google.com/maps?q=6.174680222222222,-73.44779202777778", "OSMaps": "https://www.openstreetmap.org/query?lat=6.174680222222222&lon=-73.44779202777778" }, "geometry": { "type": "Point", "coordinates": [ -73.44779202777778, 6.174680222222222 ] } },
{ "type": "Feature", "properties": { "URL": "https://github.com/rcfdtools/R.GISMobile/tree/main/file/gis/POI/46/IMG_20250920_171251235_HDR.jpg", "Altitude": 1434.0, "GoogleMaps": "http://maps.google.com/maps?q=6.175538055555556,-73.44769286111112", "OSMaps": "https://www.openstreetmap.org/query?lat=6.175538055555556&lon=-73.44769286111112" }, "geometry": { "type": "Point", "coordinates": [ -73.447692861111122, 6.175538055555556 ] } },
{ "type": "Feature", "properties": { "URL": "https://github.com/rcfdtools/R.GISMobile/tree/main/file/gis/POI/46/IMG_20250920_171408594_HDR.jpg", "Altitude": 1434.0, "GoogleMaps": "http://maps.google.com/maps?q=6.1749119722222225,-73.44898222222223", "OSMaps": "https://www.openstreetmap.org/query?lat=6.1749119722222225&lon=-73.44898222222223" }, "geometry": { "type": "Point", "coordinates": [ -73.448982222222227, 6.174911972222223 ] } },
{ "type": "Feature", "properties": { "URL": "https://github.com/rcfdtools/R.GISMobile/tree/main/file/gis/POI/46/IMG_20250920_173917803.jpg", "Altitude": 1415.0, "GoogleMaps": "http://maps.google.com/maps?q=6.159203027777778,-73.44826505555555", "OSMaps": "https://www.openstreetmap.org/query?lat=6.159203027777778&lon=-73.44826505555555" }, "geometry": { "type": "Point", "coordinates": [ -73.448265055555552, 6.159203027777778 ] } },
{ "type": "Feature", "properties": { "URL": "https://github.com/rcfdtools/R.GISMobile/tree/main/file/gis/POI/46/IMG_20250920_173929107_HDR.jpg", "Altitude": 1415.0, "GoogleMaps": "http://maps.google.com/maps?q=6.159203027777778,-73.44826505555555", "OSMaps": "https://www.openstreetmap.org/query?lat=6.159203027777778&lon=-73.44826505555555" }, "geometry": { "type": "Point", "coordinates": [ -73.448265055555552, 6.159203027777778 ] } },
{ "type": "Feature", "properties": { "URL": "https://github.com/rcfdtools/R.GISMobile/tree/main/file/gis/POI/46/IMG_20250920_174005404.jpg", "Altitude": 1415.0, "GoogleMaps": "http://maps.google.com/maps?q=6.159203027777778,-73.44826505555555", "OSMaps": "https://www.openstreetmap.org/query?lat=6.159203027777778&lon=-73.44826505555555" }, "geometry": { "type": "Point", "coordinates": [ -73.448265055555552, 6.159203027777778 ] } },
{ "type": "Feature", "properties": { "URL": "https://github.com/rcfdtools/R.GISMobile/tree/main/file/gis/POI/46/IMG_20250920_174028852.jpg", "Altitude": 1415.0, "GoogleMaps": "http://maps.google.com/maps?q=6.159203027777778,-73.44826505555555", "OSMaps": "https://www.openstreetmap.org/query?lat=6.159203027777778&lon=-73.44826505555555" }, "geometry": { "type": "Point", "coordinates": [ -73.448265055555552, 6.159203027777778 ] } },
{ "type": "Feature", "properties": { "URL": "https://github.com/rcfdtools/R.GISMobile/tree/main/file/gis/POI/46/IMG_20250920_174037902.jpg", "Altitude": 1415.0, "GoogleMaps": "http://maps.google.com/maps?q=6.159203027777778,-73.44826505555555", "OSMaps": "https://www.openstreetmap.org/query?lat=6.159203027777778&lon=-73.44826505555555" }, "geometry": { "type": "Point", "coordinates": [ -73.448265055555552, 6.159203027777778 ] } },
{ "type": "Feature", "properties": { "URL": "https://github.com/rcfdtools/R.GISMobile/tree/main/file/gis/POI/46/IMG_20250920_174043039_HDR.jpg", "Altitude": 1415.0, "GoogleMaps": "http://maps.google.com/maps?q=6.159203027777778,-73.44826505555555", "OSMaps": "https://www.openstreetmap.org/query?lat=6.159203027777778&lon=-73.44826505555555" }, "geometry": { "type": "Point", "coordinates": [ -73.448265055555552, 6.159203027777778 ] } },
{ "type": "Feature", "properties": { "URL": "https://github.com/rcfdtools/R.GISMobile/tree/main/file/gis/POI/46/IMG_20250920_174044920_HDR.jpg", "Altitude": 1415.0, "GoogleMaps": "http://maps.google.com/maps?q=6.159203027777778,-73.44826505555555", "OSMaps": "https://www.openstreetmap.org/query?lat=6.159203027777778&lon=-73.44826505555555" }, "geometry": { "type": "Point", "coordinates": [ -73.448265055555552, 6.159203027777778 ] } },
{ "type": "Feature", "properties": { "URL": "https://github.com/rcfdtools/R.GISMobile/tree/main/file/gis/POI/46/IMG_20250920_174130657_HDR.jpg", "Altitude": 1415.0, "GoogleMaps": "http://maps.google.com/maps?q=6.159377083333334,-73.44801330555556", "OSMaps": "https://www.openstreetmap.org/query?lat=6.159377083333334&lon=-73.44801330555556" }, "geometry": { "type": "Point", "coordinates": [ -73.448013305555563, 6.159377083333334 ] } },
{ "type": "Feature", "properties": { "URL": "https://github.com/rcfdtools/R.GISMobile/tree/main/file/gis/POI/46/IMG_20250920_174209877.jpg", "Altitude": 1415.0, "GoogleMaps": "http://maps.google.com/maps?q=6.159196833333334,-73.44873044444445", "OSMaps": "https://www.openstreetmap.org/query?lat=6.159196833333334&lon=-73.44873044444445" }, "geometry": { "type": "Point", "coordinates": [ -73.44873044444445, 6.159196833333334 ] } },
{ "type": "Feature", "properties": { "URL": "https://github.com/rcfdtools/R.GISMobile/tree/main/file/gis/POI/46/IMG_20250920_174359581_HDR.jpg", "Altitude": 1415.0, "GoogleMaps": "http://maps.google.com/maps?q=6.159090027777778,-73.44858550000001", "OSMaps": "https://www.openstreetmap.org/query?lat=6.159090027777778&lon=-73.44858550000001" }, "geometry": { "type": "Point", "coordinates": [ -73.4485855, 6.159090027777778 ] } },
{ "type": "Feature", "properties": { "URL": "https://github.com/rcfdtools/R.GISMobile/tree/main/file/gis/POI/46/IMG_20251102_091056713.jpg", "Altitude": 0.0, "GoogleMaps": "http://maps.google.com/maps?q=6.047197805555555,-73.49040983333333", "OSMaps": "https://www.openstreetmap.org/query?lat=6.047197805555555&lon=-73.49040983333333" }, "geometry": { "type": "Point", "coordinates": [ -73.490409833333331, 6.047197805555555 ] } },
{ "type": "Feature", "properties": { "URL": "https://github.com/rcfdtools/R.GISMobile/tree/main/file/gis/POI/46/IMG_20251102_091117422.jpg", "Altitude": 0.0, "GoogleMaps": "http://maps.google.com/maps?q=6.047197805555555,-73.49040983333333", "OSMaps": "https://www.openstreetmap.org/query?lat=6.047197805555555&lon=-73.49040983333333" }, "geometry": { "type": "Point", "coordinates": [ -73.490409833333331, 6.047197805555555 ] } },
{ "type": "Feature", "properties": { "URL": "https://github.com/rcfdtools/R.GISMobile/tree/main/file/gis/POI/46/IMG_20251102_091836061.jpg", "Altitude": 0.0, "GoogleMaps": "http://maps.google.com/maps?q=6.047197805555555,-73.49040983333333", "OSMaps": "https://www.openstreetmap.org/query?lat=6.047197805555555&lon=-73.49040983333333" }, "geometry": { "type": "Point", "coordinates": [ -73.490409833333331, 6.047197805555555 ] } },
{ "type": "Feature", "properties": { "URL": "https://github.com/rcfdtools/R.GISMobile/tree/main/file/gis/POI/46/IMG_20251102_091839347.jpg", "Altitude": 0.0, "GoogleMaps": "http://maps.google.com/maps?q=6.047197805555555,-73.49040983333333", "OSMaps": "https://www.openstreetmap.org/query?lat=6.047197805555555&lon=-73.49040983333333" }, "geometry": { "type": "Point", "coordinates": [ -73.490409833333331, 6.047197805555555 ] } },
{ "type": "Feature", "properties": { "URL": "https://github.com/rcfdtools/R.GISMobile/tree/main/file/gis/POI/46/IMG_20251102_091858974.jpg", "Altitude": 0.0, "GoogleMaps": "http://maps.google.com/maps?q=6.047197805555555,-73.49040983333333", "OSMaps": "https://www.openstreetmap.org/query?lat=6.047197805555555&lon=-73.49040983333333" }, "geometry": { "type": "Point", "coordinates": [ -73.490409833333331, 6.047197805555555 ] } },
{ "type": "Feature", "properties": { "URL": "https://github.com/rcfdtools/R.GISMobile/tree/main/file/gis/POI/46/IMG_2038.JPG", "Altitude": 2364.8610662358642, "GoogleMaps": "http://maps.google.com/maps?q=5.823161111111111,-73.50856944444445", "OSMaps": "https://www.openstreetmap.org/query?lat=5.823161111111111&lon=-73.50856944444445" }, "geometry": { "type": "Point", "coordinates": [ -73.508569444444447, 5.823161111111111 ] } },
{ "type": "Feature", "properties": { "URL": "https://github.com/rcfdtools/R.GISMobile/tree/main/file/gis/POI/46/IMG_2041.JPG", "Altitude": 2382.3525179856115, "GoogleMaps": "http://maps.google.com/maps?q=5.823305555555556,-73.50876666666667", "OSMaps": "https://www.openstreetmap.org/query?lat=5.823305555555556&lon=-73.50876666666667" }, "geometry": { "type": "Point", "coordinates": [ -73.508766666666673, 5.823305555555556 ] } },
{ "type": "Feature", "properties": { "URL": "https://github.com/rcfdtools/R.GISMobile/tree/main/file/gis/POI/46/IMG_2044.JPG", "Altitude": 2726.6081730769229, "GoogleMaps": "http://maps.google.com/maps?q=5.5382138888888885,-73.35942777777777", "OSMaps": "https://www.openstreetmap.org/query?lat=5.5382138888888885&lon=-73.35942777777777" }, "geometry": { "type": "Point", "coordinates": [ -73.359427777777768, 5.538213888888889 ] } },
{ "type": "Feature", "properties": { "URL": "https://github.com/rcfdtools/R.GISMobile/tree/main/file/gis/POI/46/IMG_2045.JPG", "Altitude": 2725.1538974017321, "GoogleMaps": "http://maps.google.com/maps?q=5.538288888888888,-73.35948055555555", "OSMaps": "https://www.openstreetmap.org/query?lat=5.538288888888888&lon=-73.35948055555555" }, "geometry": { "type": "Point", "coordinates": [ -73.35948055555555, 5.538288888888888 ] } },
{ "type": "Feature", "properties": { "URL": "https://github.com/rcfdtools/R.GISMobile/tree/main/file/gis/POI/46/IMG_2046.JPG", "Altitude": 2735.7178153446034, "GoogleMaps": "http://maps.google.com/maps?q=5.535211111111111,-73.36123611111111", "OSMaps": "https://www.openstreetmap.org/query?lat=5.535211111111111&lon=-73.36123611111111" }, "geometry": { "type": "Point", "coordinates": [ -73.361236111111111, 5.535211111111111 ] } },
{ "type": "Feature", "properties": { "URL": "https://github.com/rcfdtools/R.GISMobile/tree/main/file/gis/POI/46/IMG_2047.JPG", "Altitude": 2765.0676923076921, "GoogleMaps": "http://maps.google.com/maps?q=5.535097222222222,-73.36123611111111", "OSMaps": "https://www.openstreetmap.org/query?lat=5.535097222222222&lon=-73.36123611111111" }, "geometry": { "type": "Point", "coordinates": [ -73.361236111111111, 5.535097222222222 ] } },
{ "type": "Feature", "properties": { "URL": "https://github.com/rcfdtools/R.GISMobile/tree/main/file/gis/POI/46/IMG_2048.JPG", "Altitude": 2765.1422845691382, "GoogleMaps": "http://maps.google.com/maps?q=5.535127777777777,-73.3612611111111", "OSMaps": "https://www.openstreetmap.org/query?lat=5.535127777777777&lon=-73.3612611111111" }, "geometry": { "type": "Point", "coordinates": [ -73.361261111111105, 5.535127777777777 ] } },
{ "type": "Feature", "properties": { "URL": "https://github.com/rcfdtools/R.GISMobile/tree/main/file/gis/POI/46/IMG_2049.JPG", "Altitude": 2765.0243478260868, "GoogleMaps": "http://maps.google.com/maps?q=5.535130555555555,-73.36125277777778", "OSMaps": "https://www.openstreetmap.org/query?lat=5.535130555555555&lon=-73.36125277777778" }, "geometry": { "type": "Point", "coordinates": [ -73.361252777777779, 5.535130555555555 ] } },
{ "type": "Feature", "properties": { "URL": "https://github.com/rcfdtools/R.GISMobile/tree/main/file/gis/POI/46/IMG_2333.JPG", "Altitude": 1693.3240997229916, "GoogleMaps": "http://maps.google.com/maps?q=6.01995,-73.49620833333333", "OSMaps": "https://www.openstreetmap.org/query?lat=6.01995&lon=-73.49620833333333" }, "geometry": { "type": "Point", "coordinates": [ -73.496208333333328, 6.01995 ] } },
{ "type": "Feature", "properties": { "URL": "https://github.com/rcfdtools/R.GISMobile/tree/main/file/gis/POI/46/IMG_2334.JPG", "Altitude": 1699.6573248407644, "GoogleMaps": "http://maps.google.com/maps?q=6.019930555555556,-73.49628611111112", "OSMaps": "https://www.openstreetmap.org/query?lat=6.019930555555556&lon=-73.49628611111112" }, "geometry": { "type": "Point", "coordinates": [ -73.496286111111118, 6.019930555555556 ] } },
{ "type": "Feature", "properties": { "URL": "https://github.com/rcfdtools/R.GISMobile/tree/main/file/gis/POI/46/IMG_2335.JPG", "Altitude": 1698.3553191489359, "GoogleMaps": "http://maps.google.com/maps?q=6.019927777777777,-73.49617777777777", "OSMaps": "https://www.openstreetmap.org/query?lat=6.019927777777777&lon=-73.49617777777777" }, "geometry": { "type": "Point", "coordinates": [ -73.496177777777774, 6.019927777777777 ] } },
{ "type": "Feature", "properties": { "URL": "https://github.com/rcfdtools/R.GISMobile/tree/main/file/gis/POI/46/IMG_2336.JPG", "Altitude": 1708.8896396396397, "GoogleMaps": "http://maps.google.com/maps?q=6.019977777777778,-73.49617777777777", "OSMaps": "https://www.openstreetmap.org/query?lat=6.019977777777778&lon=-73.49617777777777" }, "geometry": { "type": "Point", "coordinates": [ -73.496177777777774, 6.019977777777778 ] } },
{ "type": "Feature", "properties": { "URL": "https://github.com/rcfdtools/R.GISMobile/tree/main/file/gis/POI/46/IMG_2337.JPG", "Altitude": 1709.2586872586874, "GoogleMaps": "http://maps.google.com/maps?q=6.019977777777778,-73.49618611111111", "OSMaps": "https://www.openstreetmap.org/query?lat=6.019977777777778&lon=-73.49618611111111" }, "geometry": { "type": "Point", "coordinates": [ -73.496186111111115, 6.019977777777778 ] } },
{ "type": "Feature", "properties": { "URL": "https://github.com/rcfdtools/R.GISMobile/tree/main/file/gis/POI/46/IMG_E0018.JPG", "Altitude": 1767.708984375, "GoogleMaps": "http://maps.google.com/maps?q=6.016625,-73.49339444444445", "OSMaps": "https://www.openstreetmap.org/query?lat=6.016625&lon=-73.49339444444445" }, "geometry": { "type": "Point", "coordinates": [ -73.493394444444448, 6.016625 ] } },
{ "type": "Feature", "properties": { "URL": "https://github.com/rcfdtools/R.GISMobile/tree/main/file/gis/POI/46/IMG_E2046.JPG", "Altitude": 2735.7178153446034, "GoogleMaps": "http://maps.google.com/maps?q=5.535211111111111,-73.36123611111111", "OSMaps": "https://www.openstreetmap.org/query?lat=5.535211111111111&lon=-73.36123611111111" }, "geometry": { "type": "Point", "coordinates": [ -73.361236111111111, 5.535211111111111 ] } },
{ "type": "Feature", "properties": { "URL": "https://github.com/rcfdtools/R.GISMobile/tree/main/file/gis/POI/46/PXL_20230406_170549684.jpg", "Altitude": 1742.0, "GoogleMaps": "http://maps.google.com/maps?q=6.020019444444444,-73.49635555555555", "OSMaps": "https://www.openstreetmap.org/query?lat=6.020019444444444&lon=-73.49635555555555" }, "geometry": { "type": "Point", "coordinates": [ -73.496355555555553, 6.020019444444444 ] } },
{ "type": "Feature", "properties": { "URL": "https://github.com/rcfdtools/R.GISMobile/tree/main/file/gis/POI/46/PXL_20230406_170601758.jpg", "Altitude": 1742.0, "GoogleMaps": "http://maps.google.com/maps?q=6.020019444444444,-73.49635555555555", "OSMaps": "https://www.openstreetmap.org/query?lat=6.020019444444444&lon=-73.49635555555555" }, "geometry": { "type": "Point", "coordinates": [ -73.496355555555553, 6.020019444444444 ] } },
{ "type": "Feature", "properties": { "URL": "https://github.com/rcfdtools/R.GISMobile/tree/main/file/gis/POI/46/PXL_20230406_170607267.jpg", "Altitude": 1742.0, "GoogleMaps": "http://maps.google.com/maps?q=6.020019444444444,-73.49635555555555", "OSMaps": "https://www.openstreetmap.org/query?lat=6.020019444444444&lon=-73.49635555555555" }, "geometry": { "type": "Point", "coordinates": [ -73.496355555555553, 6.020019444444444 ] } },
{ "type": "Feature", "properties": { "URL": "https://github.com/rcfdtools/R.GISMobile/tree/main/file/gis/POI/46/PXL_20230406_170626848.jpg", "Altitude": 1742.0, "GoogleMaps": "http://maps.google.com/maps?q=6.020019444444444,-73.49635555555555", "OSMaps": "https://www.openstreetmap.org/query?lat=6.020019444444444&lon=-73.49635555555555" }, "geometry": { "type": "Point", "coordinates": [ -73.496355555555553, 6.020019444444444 ] } },
{ "type": "Feature", "properties": { "URL": "https://github.com/rcfdtools/R.GISMobile/tree/main/file/gis/POI/46/PXL_20230406_170645181.jpg", "Altitude": 1742.0, "GoogleMaps": "http://maps.google.com/maps?q=6.020019444444444,-73.49635555555555", "OSMaps": "https://www.openstreetmap.org/query?lat=6.020019444444444&lon=-73.49635555555555" }, "geometry": { "type": "Point", "coordinates": [ -73.496355555555553, 6.020019444444444 ] } },
{ "type": "Feature", "properties": { "URL": "https://github.com/rcfdtools/R.GISMobile/tree/main/file/gis/POI/46/PXL_20230406_170710337.jpg", "Altitude": 1742.0, "GoogleMaps": "http://maps.google.com/maps?q=6.020019444444444,-73.49635555555555", "OSMaps": "https://www.openstreetmap.org/query?lat=6.020019444444444&lon=-73.49635555555555" }, "geometry": { "type": "Point", "coordinates": [ -73.496355555555553, 6.020019444444444 ] } },
{ "type": "Feature", "properties": { "URL": "https://github.com/rcfdtools/R.GISMobile/tree/main/file/gis/POI/46/PXL_20230406_170724435.jpg", "Altitude": 1742.0, "GoogleMaps": "http://maps.google.com/maps?q=6.020019444444444,-73.49635555555555", "OSMaps": "https://www.openstreetmap.org/query?lat=6.020019444444444&lon=-73.49635555555555" }, "geometry": { "type": "Point", "coordinates": [ -73.496355555555553, 6.020019444444444 ] } },
{ "type": "Feature", "properties": { "URL": "https://github.com/rcfdtools/R.GISMobile/tree/main/file/gis/POI/46/PXL_20230406_170746242.jpg", "Altitude": 1742.0, "GoogleMaps": "http://maps.google.com/maps?q=6.020019444444444,-73.49635555555555", "OSMaps": "https://www.openstreetmap.org/query?lat=6.020019444444444&lon=-73.49635555555555" }, "geometry": { "type": "Point", "coordinates": [ -73.496355555555553, 6.020019444444444 ] } },
{ "type": "Feature", "properties": { "URL": "https://github.com/rcfdtools/R.GISMobile/tree/main/file/gis/POI/46/PXL_20230406_170754648.jpg", "Altitude": 1742.0, "GoogleMaps": "http://maps.google.com/maps?q=6.020019444444444,-73.49635555555555", "OSMaps": "https://www.openstreetmap.org/query?lat=6.020019444444444&lon=-73.49635555555555" }, "geometry": { "type": "Point", "coordinates": [ -73.496355555555553, 6.020019444444444 ] } },
{ "type": "Feature", "properties": { "URL": "https://github.com/rcfdtools/R.GISMobile/tree/main/file/gis/POI/46/PXL_20230406_170801477.jpg", "Altitude": 1742.0, "GoogleMaps": "http://maps.google.com/maps?q=6.020019444444444,-73.49635555555555", "OSMaps": "https://www.openstreetmap.org/query?lat=6.020019444444444&lon=-73.49635555555555" }, "geometry": { "type": "Point", "coordinates": [ -73.496355555555553, 6.020019444444444 ] } },
{ "type": "Feature", "properties": { "URL": "https://github.com/rcfdtools/R.GISMobile/tree/main/file/gis/POI/46/PXL_20230406_170816607.jpg", "Altitude": 1742.0, "GoogleMaps": "http://maps.google.com/maps?q=6.020019444444444,-73.49635555555555", "OSMaps": "https://www.openstreetmap.org/query?lat=6.020019444444444&lon=-73.49635555555555" }, "geometry": { "type": "Point", "coordinates": [ -73.496355555555553, 6.020019444444444 ] } },
{ "type": "Feature", "properties": { "URL": "https://github.com/rcfdtools/R.GISMobile/tree/main/file/gis/POI/46/PXL_20230406_170852778.MP.jpg", "Altitude": 1742.0, "GoogleMaps": "http://maps.google.com/maps?q=6.020019444444444,-73.49635555555555", "OSMaps": "https://www.openstreetmap.org/query?lat=6.020019444444444&lon=-73.49635555555555" }, "geometry": { "type": "Point", "coordinates": [ -73.496355555555553, 6.020019444444444 ] } },
{ "type": "Feature", "properties": { "URL": "https://github.com/rcfdtools/R.GISMobile/tree/main/file/gis/POI/46/PXL_20230406_183231279.jpg", "Altitude": 2624.09, "GoogleMaps": "http://maps.google.com/maps?q=5.0309333333333335,-73.99904722222222", "OSMaps": "https://www.openstreetmap.org/query?lat=5.0309333333333335&lon=-73.99904722222222" }, "geometry": { "type": "Point", "coordinates": [ -73.999047222222217, 5.030933333333333 ] } },
{ "type": "Feature", "properties": { "URL": "https://github.com/rcfdtools/R.GISMobile/tree/main/file/gis/POI/46/PXL_20230406_183438334.jpg", "Altitude": 2624.09, "GoogleMaps": "http://maps.google.com/maps?q=6.02375,-73.52646666666666", "OSMaps": "https://www.openstreetmap.org/query?lat=6.02375&lon=-73.52646666666666" }, "geometry": { "type": "Point", "coordinates": [ -73.526466666666664, 6.02375 ] } },
{ "type": "Feature", "properties": { "URL": "https://github.com/rcfdtools/R.GISMobile/tree/main/file/gis/POI/46/PXL_20230406_183455060.jpg", "Altitude": 2624.09, "GoogleMaps": "http://maps.google.com/maps?q=6.02375,-73.52646666666666", "OSMaps": "https://www.openstreetmap.org/query?lat=6.02375&lon=-73.52646666666666" }, "geometry": { "type": "Point", "coordinates": [ -73.526466666666664, 6.02375 ] } },
{ "type": "Feature", "properties": { "URL": "https://github.com/rcfdtools/R.GISMobile/tree/main/file/gis/POI/46/PXL_20230406_183731361.jpg", "Altitude": 2624.09, "GoogleMaps": "http://maps.google.com/maps?q=6.019975,-73.49621666666667", "OSMaps": "https://www.openstreetmap.org/query?lat=6.019975&lon=-73.49621666666667" }, "geometry": { "type": "Point", "coordinates": [ -73.496216666666669, 6.019975 ] } },
{ "type": "Feature", "properties": { "URL": "https://github.com/rcfdtools/R.GISMobile/tree/main/file/gis/POI/46/PXL_20230406_184235187.jpg", "Altitude": 2628.4, "GoogleMaps": "http://maps.google.com/maps?q=6.019888888888889,-73.49632222222222", "OSMaps": "https://www.openstreetmap.org/query?lat=6.019888888888889&lon=-73.49632222222222" }, "geometry": { "type": "Point", "coordinates": [ -73.496322222222219, 6.019888888888889 ] } },
{ "type": "Feature", "properties": { "URL": "https://github.com/rcfdtools/R.GISMobile/tree/main/file/gis/POI/46/PXL_20230406_184244406.jpg", "Altitude": 2628.4, "GoogleMaps": "http://maps.google.com/maps?q=6.019888888888889,-73.49632222222222", "OSMaps": "https://www.openstreetmap.org/query?lat=6.019888888888889&lon=-73.49632222222222" }, "geometry": { "type": "Point", "coordinates": [ -73.496322222222219, 6.019888888888889 ] } },
{ "type": "Feature", "properties": { "URL": "https://github.com/rcfdtools/R.GISMobile/tree/main/file/gis/POI/46/PXL_20230406_184300202.jpg", "Altitude": 2628.4, "GoogleMaps": "http://maps.google.com/maps?q=6.019888888888889,-73.49632222222222", "OSMaps": "https://www.openstreetmap.org/query?lat=6.019888888888889&lon=-73.49632222222222" }, "geometry": { "type": "Point", "coordinates": [ -73.496322222222219, 6.019888888888889 ] } },
{ "type": "Feature", "properties": { "URL": "https://github.com/rcfdtools/R.GISMobile/tree/main/file/gis/POI/46/PXL_20230406_184313096.jpg", "Altitude": 2628.4, "GoogleMaps": "http://maps.google.com/maps?q=6.019888888888889,-73.49632222222222", "OSMaps": "https://www.openstreetmap.org/query?lat=6.019888888888889&lon=-73.49632222222222" }, "geometry": { "type": "Point", "coordinates": [ -73.496322222222219, 6.019888888888889 ] } },
{ "type": "Feature", "properties": { "URL": "https://github.com/rcfdtools/R.GISMobile/tree/main/file/gis/POI/46/PXL_20230406_184346920.jpg", "Altitude": 2624.09, "GoogleMaps": "http://maps.google.com/maps?q=6.019958333333333,-73.4963638888889", "OSMaps": "https://www.openstreetmap.org/query?lat=6.019958333333333&lon=-73.4963638888889" }, "geometry": { "type": "Point", "coordinates": [ -73.496363888888894, 6.019958333333333 ] } },
{ "type": "Feature", "properties": { "URL": "https://github.com/rcfdtools/R.GISMobile/tree/main/file/gis/POI/46/PXL_20230406_184356210.jpg", "Altitude": 2624.09, "GoogleMaps": "http://maps.google.com/maps?q=6.019958333333333,-73.4963638888889", "OSMaps": "https://www.openstreetmap.org/query?lat=6.019958333333333&lon=-73.4963638888889" }, "geometry": { "type": "Point", "coordinates": [ -73.496363888888894, 6.019958333333333 ] } },
{ "type": "Feature", "properties": { "URL": "https://github.com/rcfdtools/R.GISMobile/tree/main/file/gis/POI/46/PXL_20230406_184721532.jpg", "Altitude": 2629.07, "GoogleMaps": "http://maps.google.com/maps?q=6.0198,-73.4963361111111", "OSMaps": "https://www.openstreetmap.org/query?lat=6.0198&lon=-73.4963361111111" }, "geometry": { "type": "Point", "coordinates": [ -73.496336111111106, 6.0198 ] } },
{ "type": "Feature", "properties": { "URL": "https://github.com/rcfdtools/R.GISMobile/tree/main/file/gis/POI/46/PXL_20230406_184726923.jpg", "Altitude": 2629.07, "GoogleMaps": "http://maps.google.com/maps?q=6.0198,-73.4963361111111", "OSMaps": "https://www.openstreetmap.org/query?lat=6.0198&lon=-73.4963361111111" }, "geometry": { "type": "Point", "coordinates": [ -73.496336111111106, 6.0198 ] } },
{ "type": "Feature", "properties": { "URL": "https://github.com/rcfdtools/R.GISMobile/tree/main/file/gis/POI/46/PXL_20230406_184733268.jpg", "Altitude": 2629.07, "GoogleMaps": "http://maps.google.com/maps?q=6.0198,-73.4963361111111", "OSMaps": "https://www.openstreetmap.org/query?lat=6.0198&lon=-73.4963361111111" }, "geometry": { "type": "Point", "coordinates": [ -73.496336111111106, 6.0198 ] } },
{ "type": "Feature", "properties": { "URL": "https://github.com/rcfdtools/R.GISMobile/tree/main/file/gis/POI/46/PXL_20230406_184940307.jpg", "Altitude": 2628.05, "GoogleMaps": "http://maps.google.com/maps?q=6.020047222222222,-73.49621388888889", "OSMaps": "https://www.openstreetmap.org/query?lat=6.020047222222222&lon=-73.49621388888889" }, "geometry": { "type": "Point", "coordinates": [ -73.496213888888889, 6.020047222222222 ] } },
{ "type": "Feature", "properties": { "URL": "https://github.com/rcfdtools/R.GISMobile/tree/main/file/gis/POI/46/PXL_20230406_185152783.jpg", "Altitude": 2628.05, "GoogleMaps": "http://maps.google.com/maps?q=6.020047222222222,-73.49621388888889", "OSMaps": "https://www.openstreetmap.org/query?lat=6.020047222222222&lon=-73.49621388888889" }, "geometry": { "type": "Point", "coordinates": [ -73.496213888888889, 6.020047222222222 ] } },
{ "type": "Feature", "properties": { "URL": "https://github.com/rcfdtools/R.GISMobile/tree/main/file/gis/POI/46/PXL_20230406_185212273.jpg", "Altitude": 2628.05, "GoogleMaps": "http://maps.google.com/maps?q=6.020047222222222,-73.49621388888889", "OSMaps": "https://www.openstreetmap.org/query?lat=6.020047222222222&lon=-73.49621388888889" }, "geometry": { "type": "Point", "coordinates": [ -73.496213888888889, 6.020047222222222 ] } },
{ "type": "Feature", "properties": { "URL": "https://github.com/rcfdtools/R.GISMobile/tree/main/file/gis/POI/46/PXL_20230406_185437099.jpg", "Altitude": 2628.15, "GoogleMaps": "http://maps.google.com/maps?q=6.020066666666667,-73.49635555555555", "OSMaps": "https://www.openstreetmap.org/query?lat=6.020066666666667&lon=-73.49635555555555" }, "geometry": { "type": "Point", "coordinates": [ -73.496355555555553, 6.020066666666667 ] } },
{ "type": "Feature", "properties": { "URL": "https://github.com/rcfdtools/R.GISMobile/tree/main/file/gis/POI/46/PXL_20230406_185443069.jpg", "Altitude": 2628.15, "GoogleMaps": "http://maps.google.com/maps?q=6.020066666666667,-73.49635555555555", "OSMaps": "https://www.openstreetmap.org/query?lat=6.020066666666667&lon=-73.49635555555555" }, "geometry": { "type": "Point", "coordinates": [ -73.496355555555553, 6.020066666666667 ] } },
{ "type": "Feature", "properties": { "URL": "https://github.com/rcfdtools/R.GISMobile/tree/main/file/gis/POI/46/PXL_20230406_192951427.jpg", "Altitude": 1711.0, "GoogleMaps": "http://maps.google.com/maps?q=6.019930555555556,-73.49635555555555", "OSMaps": "https://www.openstreetmap.org/query?lat=6.019930555555556&lon=-73.49635555555555" }, "geometry": { "type": "Point", "coordinates": [ -73.496355555555553, 6.019930555555556 ] } },
{ "type": "Feature", "properties": { "URL": "https://github.com/rcfdtools/R.GISMobile/tree/main/file/gis/POI/46/PXL_20230407_154951982.MP.jpg", "Altitude": 1307.2, "GoogleMaps": "http://maps.google.com/maps?q=6.634419444444444,-73.22548611111111", "OSMaps": "https://www.openstreetmap.org/query?lat=6.634419444444444&lon=-73.22548611111111" }, "geometry": { "type": "Point", "coordinates": [ -73.22548611111111, 6.634419444444444 ] } },
{ "type": "Feature", "properties": { "URL": "https://github.com/rcfdtools/R.GISMobile/tree/main/file/gis/POI/46/PXL_20230407_154955736.jpg", "Altitude": 1307.2, "GoogleMaps": "http://maps.google.com/maps?q=6.634419444444444,-73.22548611111111", "OSMaps": "https://www.openstreetmap.org/query?lat=6.634419444444444&lon=-73.22548611111111" }, "geometry": { "type": "Point", "coordinates": [ -73.22548611111111, 6.634419444444444 ] } },
{ "type": "Feature", "properties": { "URL": "https://github.com/rcfdtools/R.GISMobile/tree/main/file/gis/POI/46/PXL_20230407_155307196.jpg", "Altitude": 1307.2, "GoogleMaps": "http://maps.google.com/maps?q=6.634419444444444,-73.22548611111111", "OSMaps": "https://www.openstreetmap.org/query?lat=6.634419444444444&lon=-73.22548611111111" }, "geometry": { "type": "Point", "coordinates": [ -73.22548611111111, 6.634419444444444 ] } },
{ "type": "Feature", "properties": { "URL": "https://github.com/rcfdtools/R.GISMobile/tree/main/file/gis/POI/46/PXL_20230407_155354615.jpg", "Altitude": 1319.99, "GoogleMaps": "http://maps.google.com/maps?q=6.635888888888888,-73.22558055555555", "OSMaps": "https://www.openstreetmap.org/query?lat=6.635888888888888&lon=-73.22558055555555" }, "geometry": { "type": "Point", "coordinates": [ -73.225580555555553, 6.635888888888888 ] } },
{ "type": "Feature", "properties": { "URL": "https://github.com/rcfdtools/R.GISMobile/tree/main/file/gis/POI/46/PXL_20230407_155407288.jpg", "Altitude": 1319.99, "GoogleMaps": "http://maps.google.com/maps?q=6.635888888888888,-73.22558055555555", "OSMaps": "https://www.openstreetmap.org/query?lat=6.635888888888888&lon=-73.22558055555555" }, "geometry": { "type": "Point", "coordinates": [ -73.225580555555553, 6.635888888888888 ] } },
{ "type": "Feature", "properties": { "URL": "https://github.com/rcfdtools/R.GISMobile/tree/main/file/gis/POI/46/PXL_20230407_155449146.jpg", "Altitude": 1319.99, "GoogleMaps": "http://maps.google.com/maps?q=6.635888888888888,-73.22558055555555", "OSMaps": "https://www.openstreetmap.org/query?lat=6.635888888888888&lon=-73.22558055555555" }, "geometry": { "type": "Point", "coordinates": [ -73.225580555555553, 6.635888888888888 ] } },
{ "type": "Feature", "properties": { "URL": "https://github.com/rcfdtools/R.GISMobile/tree/main/file/gis/POI/46/PXL_20230407_155451450.jpg", "Altitude": 1319.99, "GoogleMaps": "http://maps.google.com/maps?q=6.635888888888888,-73.22558055555555", "OSMaps": "https://www.openstreetmap.org/query?lat=6.635888888888888&lon=-73.22558055555555" }, "geometry": { "type": "Point", "coordinates": [ -73.225580555555553, 6.635888888888888 ] } },
{ "type": "Feature", "properties": { "URL": "https://github.com/rcfdtools/R.GISMobile/tree/main/file/gis/POI/46/PXL_20230407_155636545.jpg", "Altitude": 1326.28, "GoogleMaps": "http://maps.google.com/maps?q=6.635888888888888,-73.22558055555555", "OSMaps": "https://www.openstreetmap.org/query?lat=6.635888888888888&lon=-73.22558055555555" }, "geometry": { "type": "Point", "coordinates": [ -73.225580555555553, 6.635888888888888 ] } },
{ "type": "Feature", "properties": { "URL": "https://github.com/rcfdtools/R.GISMobile/tree/main/file/gis/POI/46/PXL_20230407_155847701.MP.jpg", "Altitude": 1326.28, "GoogleMaps": "http://maps.google.com/maps?q=6.635888888888888,-73.22558055555555", "OSMaps": "https://www.openstreetmap.org/query?lat=6.635888888888888&lon=-73.22558055555555" }, "geometry": { "type": "Point", "coordinates": [ -73.225580555555553, 6.635888888888888 ] } },
{ "type": "Feature", "properties": { "URL": "https://github.com/rcfdtools/R.GISMobile/tree/main/file/gis/POI/46/PXL_20230407_160006097.jpg", "Altitude": 1318.8, "GoogleMaps": "http://maps.google.com/maps?q=6.636013888888888,-73.22564444444444", "OSMaps": "https://www.openstreetmap.org/query?lat=6.636013888888888&lon=-73.22564444444444" }, "geometry": { "type": "Point", "coordinates": [ -73.225644444444441, 6.636013888888888 ] } },
{ "type": "Feature", "properties": { "URL": "https://github.com/rcfdtools/R.GISMobile/tree/main/file/gis/POI/46/PXL_20230407_160010328.jpg", "Altitude": 1318.8, "GoogleMaps": "http://maps.google.com/maps?q=6.636013888888888,-73.22564444444444", "OSMaps": "https://www.openstreetmap.org/query?lat=6.636013888888888&lon=-73.22564444444444" }, "geometry": { "type": "Point", "coordinates": [ -73.225644444444441, 6.636013888888888 ] } },
{ "type": "Feature", "properties": { "URL": "https://github.com/rcfdtools/R.GISMobile/tree/main/file/gis/POI/46/PXL_20230407_160016290.jpg", "Altitude": 1318.8, "GoogleMaps": "http://maps.google.com/maps?q=6.636013888888888,-73.22564444444444", "OSMaps": "https://www.openstreetmap.org/query?lat=6.636013888888888&lon=-73.22564444444444" }, "geometry": { "type": "Point", "coordinates": [ -73.225644444444441, 6.636013888888888 ] } },
{ "type": "Feature", "properties": { "URL": "https://github.com/rcfdtools/R.GISMobile/tree/main/file/gis/POI/46/PXL_20230407_160115872.jpg", "Altitude": 1328.36, "GoogleMaps": "http://maps.google.com/maps?q=6.636108333333333,-73.22570277777778", "OSMaps": "https://www.openstreetmap.org/query?lat=6.636108333333333&lon=-73.22570277777778" }, "geometry": { "type": "Point", "coordinates": [ -73.225702777777784, 6.636108333333333 ] } },
{ "type": "Feature", "properties": { "URL": "https://github.com/rcfdtools/R.GISMobile/tree/main/file/gis/POI/46/PXL_20230407_160120901.jpg", "Altitude": 1328.36, "GoogleMaps": "http://maps.google.com/maps?q=6.636108333333333,-73.22570277777778", "OSMaps": "https://www.openstreetmap.org/query?lat=6.636108333333333&lon=-73.22570277777778" }, "geometry": { "type": "Point", "coordinates": [ -73.225702777777784, 6.636108333333333 ] } },
{ "type": "Feature", "properties": { "URL": "https://github.com/rcfdtools/R.GISMobile/tree/main/file/gis/POI/46/PXL_20230407_160335412.jpg", "Altitude": 1328.36, "GoogleMaps": "http://maps.google.com/maps?q=6.636108333333333,-73.22570277777778", "OSMaps": "https://www.openstreetmap.org/query?lat=6.636108333333333&lon=-73.22570277777778" }, "geometry": { "type": "Point", "coordinates": [ -73.225702777777784, 6.636108333333333 ] } },
{ "type": "Feature", "properties": { "URL": "https://github.com/rcfdtools/R.GISMobile/tree/main/file/gis/POI/46/PXL_20230407_160340672.jpg", "Altitude": 1333.0, "GoogleMaps": "http://maps.google.com/maps?q=6.636302777777777,-73.22571666666667", "OSMaps": "https://www.openstreetmap.org/query?lat=6.636302777777777&lon=-73.22571666666667" }, "geometry": { "type": "Point", "coordinates": [ -73.225716666666671, 6.636302777777777 ] } },
{ "type": "Feature", "properties": { "URL": "https://github.com/rcfdtools/R.GISMobile/tree/main/file/gis/POI/46/PXL_20230407_160348485.jpg", "Altitude": 1333.0, "GoogleMaps": "http://maps.google.com/maps?q=6.636302777777777,-73.22571666666667", "OSMaps": "https://www.openstreetmap.org/query?lat=6.636302777777777&lon=-73.22571666666667" }, "geometry": { "type": "Point", "coordinates": [ -73.225716666666671, 6.636302777777777 ] } },
{ "type": "Feature", "properties": { "URL": "https://github.com/rcfdtools/R.GISMobile/tree/main/file/gis/POI/46/PXL_20230407_160536010.jpg", "Altitude": 1333.0, "GoogleMaps": "http://maps.google.com/maps?q=6.636302777777777,-73.22571666666667", "OSMaps": "https://www.openstreetmap.org/query?lat=6.636302777777777&lon=-73.22571666666667" }, "geometry": { "type": "Point", "coordinates": [ -73.225716666666671, 6.636302777777777 ] } },
{ "type": "Feature", "properties": { "URL": "https://github.com/rcfdtools/R.GISMobile/tree/main/file/gis/POI/46/PXL_20230407_160638004.jpg", "Altitude": 1318.2, "GoogleMaps": "http://maps.google.com/maps?q=6.6364777777777775,-73.22569722222222", "OSMaps": "https://www.openstreetmap.org/query?lat=6.6364777777777775&lon=-73.22569722222222" }, "geometry": { "type": "Point", "coordinates": [ -73.225697222222223, 6.636477777777777 ] } },
{ "type": "Feature", "properties": { "URL": "https://github.com/rcfdtools/R.GISMobile/tree/main/file/gis/POI/46/PXL_20230407_160647017.jpg", "Altitude": 1318.2, "GoogleMaps": "http://maps.google.com/maps?q=6.6364777777777775,-73.22569722222222", "OSMaps": "https://www.openstreetmap.org/query?lat=6.6364777777777775&lon=-73.22569722222222" }, "geometry": { "type": "Point", "coordinates": [ -73.225697222222223, 6.636477777777777 ] } },
{ "type": "Feature", "properties": { "URL": "https://github.com/rcfdtools/R.GISMobile/tree/main/file/gis/POI/46/PXL_20230407_160815905.jpg", "Altitude": 1318.2, "GoogleMaps": "http://maps.google.com/maps?q=6.6364777777777775,-73.22569722222222", "OSMaps": "https://www.openstreetmap.org/query?lat=6.6364777777777775&lon=-73.22569722222222" }, "geometry": { "type": "Point", "coordinates": [ -73.225697222222223, 6.636477777777777 ] } },
{ "type": "Feature", "properties": { "URL": "https://github.com/rcfdtools/R.GISMobile/tree/main/file/gis/POI/46/PXL_20230407_160838705.jpg", "Altitude": 1318.2, "GoogleMaps": "http://maps.google.com/maps?q=6.636644444444444,-73.22573333333334", "OSMaps": "https://www.openstreetmap.org/query?lat=6.636644444444444&lon=-73.22573333333334" }, "geometry": { "type": "Point", "coordinates": [ -73.225733333333338, 6.636644444444444 ] } },
{ "type": "Feature", "properties": { "URL": "https://github.com/rcfdtools/R.GISMobile/tree/main/file/gis/POI/46/PXL_20230407_160843558.jpg", "Altitude": 1318.2, "GoogleMaps": "http://maps.google.com/maps?q=6.636644444444444,-73.22573333333334", "OSMaps": "https://www.openstreetmap.org/query?lat=6.636644444444444&lon=-73.22573333333334" }, "geometry": { "type": "Point", "coordinates": [ -73.225733333333338, 6.636644444444444 ] } },
{ "type": "Feature", "properties": { "URL": "https://github.com/rcfdtools/R.GISMobile/tree/main/file/gis/POI/46/PXL_20230407_160858829.jpg", "Altitude": 1318.2, "GoogleMaps": "http://maps.google.com/maps?q=6.636644444444444,-73.22573333333334", "OSMaps": "https://www.openstreetmap.org/query?lat=6.636644444444444&lon=-73.22573333333334" }, "geometry": { "type": "Point", "coordinates": [ -73.225733333333338, 6.636644444444444 ] } },
{ "type": "Feature", "properties": { "URL": "https://github.com/rcfdtools/R.GISMobile/tree/main/file/gis/POI/46/PXL_20230407_161828745.jpg", "Altitude": 1318.2, "GoogleMaps": "http://maps.google.com/maps?q=6.634566666666666,-73.22105833333333", "OSMaps": "https://www.openstreetmap.org/query?lat=6.634566666666666&lon=-73.22105833333333" }, "geometry": { "type": "Point", "coordinates": [ -73.221058333333332, 6.634566666666666 ] } },
{ "type": "Feature", "properties": { "URL": "https://github.com/rcfdtools/R.GISMobile/tree/main/file/gis/POI/46/PXL_20230407_162636364.jpg", "Altitude": 1306.59, "GoogleMaps": "http://maps.google.com/maps?q=6.636291666666666,-73.22398611111112", "OSMaps": "https://www.openstreetmap.org/query?lat=6.636291666666666&lon=-73.22398611111112" }, "geometry": { "type": "Point", "coordinates": [ -73.223986111111117, 6.636291666666666 ] } },
{ "type": "Feature", "properties": { "URL": "https://github.com/rcfdtools/R.GISMobile/tree/main/file/gis/POI/46/PXL_20230407_162642126.jpg", "Altitude": 1306.59, "GoogleMaps": "http://maps.google.com/maps?q=6.636291666666666,-73.22398611111112", "OSMaps": "https://www.openstreetmap.org/query?lat=6.636291666666666&lon=-73.22398611111112" }, "geometry": { "type": "Point", "coordinates": [ -73.223986111111117, 6.636291666666666 ] } },
{ "type": "Feature", "properties": { "URL": "https://github.com/rcfdtools/R.GISMobile/tree/main/file/gis/POI/46/PXL_20230407_162709585.jpg", "Altitude": 1313.4, "GoogleMaps": "http://maps.google.com/maps?q=6.636144444444444,-73.22399444444444", "OSMaps": "https://www.openstreetmap.org/query?lat=6.636144444444444&lon=-73.22399444444444" }, "geometry": { "type": "Point", "coordinates": [ -73.223994444444443, 6.636144444444444 ] } },
{ "type": "Feature", "properties": { "URL": "https://github.com/rcfdtools/R.GISMobile/tree/main/file/gis/POI/46/PXL_20230407_162714230.jpg", "Altitude": 1313.4, "GoogleMaps": "http://maps.google.com/maps?q=6.636144444444444,-73.22399444444444", "OSMaps": "https://www.openstreetmap.org/query?lat=6.636144444444444&lon=-73.22399444444444" }, "geometry": { "type": "Point", "coordinates": [ -73.223994444444443, 6.636144444444444 ] } },
{ "type": "Feature", "properties": { "URL": "https://github.com/rcfdtools/R.GISMobile/tree/main/file/gis/POI/46/PXL_20230407_162736080.jpg", "Altitude": 1313.4, "GoogleMaps": "http://maps.google.com/maps?q=6.636144444444444,-73.22399444444444", "OSMaps": "https://www.openstreetmap.org/query?lat=6.636144444444444&lon=-73.22399444444444" }, "geometry": { "type": "Point", "coordinates": [ -73.223994444444443, 6.636144444444444 ] } },
{ "type": "Feature", "properties": { "URL": "https://github.com/rcfdtools/R.GISMobile/tree/main/file/gis/POI/46/PXL_20230407_162744612.jpg", "Altitude": 1313.4, "GoogleMaps": "http://maps.google.com/maps?q=6.636144444444444,-73.22399444444444", "OSMaps": "https://www.openstreetmap.org/query?lat=6.636144444444444&lon=-73.22399444444444" }, "geometry": { "type": "Point", "coordinates": [ -73.223994444444443, 6.636144444444444 ] } },
{ "type": "Feature", "properties": { "URL": "https://github.com/rcfdtools/R.GISMobile/tree/main/file/gis/POI/46/PXL_20230407_162753798.jpg", "Altitude": 1313.4, "GoogleMaps": "http://maps.google.com/maps?q=6.636144444444444,-73.22399444444444", "OSMaps": "https://www.openstreetmap.org/query?lat=6.636144444444444&lon=-73.22399444444444" }, "geometry": { "type": "Point", "coordinates": [ -73.223994444444443, 6.636144444444444 ] } },
{ "type": "Feature", "properties": { "URL": "https://github.com/rcfdtools/R.GISMobile/tree/main/file/gis/POI/46/PXL_20230407_162800253.jpg", "Altitude": 1313.4, "GoogleMaps": "http://maps.google.com/maps?q=6.636144444444444,-73.22399444444444", "OSMaps": "https://www.openstreetmap.org/query?lat=6.636144444444444&lon=-73.22399444444444" }, "geometry": { "type": "Point", "coordinates": [ -73.223994444444443, 6.636144444444444 ] } },
{ "type": "Feature", "properties": { "URL": "https://github.com/rcfdtools/R.GISMobile/tree/main/file/gis/POI/46/PXL_20230407_162815142.jpg", "Altitude": 1313.4, "GoogleMaps": "http://maps.google.com/maps?q=6.636166666666666,-73.22382222222222", "OSMaps": "https://www.openstreetmap.org/query?lat=6.636166666666666&lon=-73.22382222222222" }, "geometry": { "type": "Point", "coordinates": [ -73.223822222222225, 6.636166666666666 ] } },
{ "type": "Feature", "properties": { "URL": "https://github.com/rcfdtools/R.GISMobile/tree/main/file/gis/POI/46/PXL_20230407_162914007.jpg", "Altitude": 1313.4, "GoogleMaps": "http://maps.google.com/maps?q=6.636277777777777,-73.22338611111111", "OSMaps": "https://www.openstreetmap.org/query?lat=6.636277777777777&lon=-73.22338611111111" }, "geometry": { "type": "Point", "coordinates": [ -73.223386111111111, 6.636277777777777 ] } },
{ "type": "Feature", "properties": { "URL": "https://github.com/rcfdtools/R.GISMobile/tree/main/file/gis/POI/46/PXL_20230407_162918153.MP.jpg", "Altitude": 1313.4, "GoogleMaps": "http://maps.google.com/maps?q=6.636277777777777,-73.22338611111111", "OSMaps": "https://www.openstreetmap.org/query?lat=6.636277777777777&lon=-73.22338611111111" }, "geometry": { "type": "Point", "coordinates": [ -73.223386111111111, 6.636277777777777 ] } },
{ "type": "Feature", "properties": { "URL": "https://github.com/rcfdtools/R.GISMobile/tree/main/file/gis/POI/46/PXL_20230407_162937500.jpg", "Altitude": 1313.4, "GoogleMaps": "http://maps.google.com/maps?q=6.63645,-73.22368333333334", "OSMaps": "https://www.openstreetmap.org/query?lat=6.63645&lon=-73.22368333333334" }, "geometry": { "type": "Point", "coordinates": [ -73.223683333333341, 6.63645 ] } },
{ "type": "Feature", "properties": { "URL": "https://github.com/rcfdtools/R.GISMobile/tree/main/file/gis/POI/46/PXL_20230407_162951259.jpg", "Altitude": 1313.4, "GoogleMaps": "http://maps.google.com/maps?q=6.63645,-73.22368333333334", "OSMaps": "https://www.openstreetmap.org/query?lat=6.63645&lon=-73.22368333333334" }, "geometry": { "type": "Point", "coordinates": [ -73.223683333333341, 6.63645 ] } },
{ "type": "Feature", "properties": { "URL": "https://github.com/rcfdtools/R.GISMobile/tree/main/file/gis/POI/46/PXL_20230407_163016248.jpg", "Altitude": 1313.4, "GoogleMaps": "http://maps.google.com/maps?q=6.63645,-73.22368333333334", "OSMaps": "https://www.openstreetmap.org/query?lat=6.63645&lon=-73.22368333333334" }, "geometry": { "type": "Point", "coordinates": [ -73.223683333333341, 6.63645 ] } },
{ "type": "Feature", "properties": { "URL": "https://github.com/rcfdtools/R.GISMobile/tree/main/file/gis/POI/46/PXL_20230407_163021830.jpg", "Altitude": 1313.4, "GoogleMaps": "http://maps.google.com/maps?q=6.63645,-73.22368333333334", "OSMaps": "https://www.openstreetmap.org/query?lat=6.63645&lon=-73.22368333333334" }, "geometry": { "type": "Point", "coordinates": [ -73.223683333333341, 6.63645 ] } },
{ "type": "Feature", "properties": { "URL": "https://github.com/rcfdtools/R.GISMobile/tree/main/file/gis/POI/46/PXL_20230407_163033764.jpg", "Altitude": 1313.4, "GoogleMaps": "http://maps.google.com/maps?q=6.63645,-73.22368333333334", "OSMaps": "https://www.openstreetmap.org/query?lat=6.63645&lon=-73.22368333333334" }, "geometry": { "type": "Point", "coordinates": [ -73.223683333333341, 6.63645 ] } },
{ "type": "Feature", "properties": { "URL": "https://github.com/rcfdtools/R.GISMobile/tree/main/file/gis/POI/46/PXL_20230407_163044348.jpg", "Altitude": 1313.4, "GoogleMaps": "http://maps.google.com/maps?q=6.63645,-73.22368333333334", "OSMaps": "https://www.openstreetmap.org/query?lat=6.63645&lon=-73.22368333333334" }, "geometry": { "type": "Point", "coordinates": [ -73.223683333333341, 6.63645 ] } },
{ "type": "Feature", "properties": { "URL": "https://github.com/rcfdtools/R.GISMobile/tree/main/file/gis/POI/46/PXL_20230407_163215740.MP.jpg", "Altitude": 1313.4, "GoogleMaps": "http://maps.google.com/maps?q=6.636397222222222,-73.22370555555555", "OSMaps": "https://www.openstreetmap.org/query?lat=6.636397222222222&lon=-73.22370555555555" }, "geometry": { "type": "Point", "coordinates": [ -73.223705555555554, 6.636397222222222 ] } },
{ "type": "Feature", "properties": { "URL": "https://github.com/rcfdtools/R.GISMobile/tree/main/file/gis/POI/46/PXL_20230407_163226341.MP.jpg", "Altitude": 1313.4, "GoogleMaps": "http://maps.google.com/maps?q=6.636397222222222,-73.22370555555555", "OSMaps": "https://www.openstreetmap.org/query?lat=6.636397222222222&lon=-73.22370555555555" }, "geometry": { "type": "Point", "coordinates": [ -73.223705555555554, 6.636397222222222 ] } },
{ "type": "Feature", "properties": { "URL": "https://github.com/rcfdtools/R.GISMobile/tree/main/file/gis/POI/46/PXL_20230407_163446227.jpg", "Altitude": 1311.41, "GoogleMaps": "http://maps.google.com/maps?q=6.636394444444444,-73.22371111111111", "OSMaps": "https://www.openstreetmap.org/query?lat=6.636394444444444&lon=-73.22371111111111" }, "geometry": { "type": "Point", "coordinates": [ -73.223711111111115, 6.636394444444444 ] } },
{ "type": "Feature", "properties": { "URL": "https://github.com/rcfdtools/R.GISMobile/tree/main/file/gis/POI/46/PXL_20230407_163455936.jpg", "Altitude": 1311.41, "GoogleMaps": "http://maps.google.com/maps?q=6.636394444444444,-73.22371111111111", "OSMaps": "https://www.openstreetmap.org/query?lat=6.636394444444444&lon=-73.22371111111111" }, "geometry": { "type": "Point", "coordinates": [ -73.223711111111115, 6.636394444444444 ] } },
{ "type": "Feature", "properties": { "URL": "https://github.com/rcfdtools/R.GISMobile/tree/main/file/gis/POI/46/PXL_20230407_163502744.jpg", "Altitude": 1311.41, "GoogleMaps": "http://maps.google.com/maps?q=6.636394444444444,-73.22371111111111", "OSMaps": "https://www.openstreetmap.org/query?lat=6.636394444444444&lon=-73.22371111111111" }, "geometry": { "type": "Point", "coordinates": [ -73.223711111111115, 6.636394444444444 ] } },
{ "type": "Feature", "properties": { "URL": "https://github.com/rcfdtools/R.GISMobile/tree/main/file/gis/POI/46/PXL_20230407_163506196.jpg", "Altitude": 1311.41, "GoogleMaps": "http://maps.google.com/maps?q=6.636394444444444,-73.22371111111111", "OSMaps": "https://www.openstreetmap.org/query?lat=6.636394444444444&lon=-73.22371111111111" }, "geometry": { "type": "Point", "coordinates": [ -73.223711111111115, 6.636394444444444 ] } },
{ "type": "Feature", "properties": { "URL": "https://github.com/rcfdtools/R.GISMobile/tree/main/file/gis/POI/46/PXL_20230407_163557366.jpg", "Altitude": 1299.4, "GoogleMaps": "http://maps.google.com/maps?q=6.636255555555555,-73.22369444444445", "OSMaps": "https://www.openstreetmap.org/query?lat=6.636255555555555&lon=-73.22369444444445" }, "geometry": { "type": "Point", "coordinates": [ -73.223694444444448, 6.636255555555555 ] } },
{ "type": "Feature", "properties": { "URL": "https://github.com/rcfdtools/R.GISMobile/tree/main/file/gis/POI/46/PXL_20230407_163557366~2.jpg", "Altitude": 1299.4, "GoogleMaps": "http://maps.google.com/maps?q=6.636255555555555,-73.22369444444445", "OSMaps": "https://www.openstreetmap.org/query?lat=6.636255555555555&lon=-73.22369444444445" }, "geometry": { "type": "Point", "coordinates": [ -73.223694444444448, 6.636255555555555 ] } },
{ "type": "Feature", "properties": { "URL": "https://github.com/rcfdtools/R.GISMobile/tree/main/file/gis/POI/46/PXL_20230407_163607888.jpg", "Altitude": 1299.4, "GoogleMaps": "http://maps.google.com/maps?q=6.636255555555555,-73.22369444444445", "OSMaps": "https://www.openstreetmap.org/query?lat=6.636255555555555&lon=-73.22369444444445" }, "geometry": { "type": "Point", "coordinates": [ -73.223694444444448, 6.636255555555555 ] } },
{ "type": "Feature", "properties": { "URL": "https://github.com/rcfdtools/R.GISMobile/tree/main/file/gis/POI/46/PXL_20230407_163607888~2.jpg", "Altitude": 1299.4, "GoogleMaps": "http://maps.google.com/maps?q=6.636255555555555,-73.22369444444445", "OSMaps": "https://www.openstreetmap.org/query?lat=6.636255555555555&lon=-73.22369444444445" }, "geometry": { "type": "Point", "coordinates": [ -73.223694444444448, 6.636255555555555 ] } },
{ "type": "Feature", "properties": { "URL": "https://github.com/rcfdtools/R.GISMobile/tree/main/file/gis/POI/46/PXL_20230407_163633846.MP.jpg", "Altitude": 1299.4, "GoogleMaps": "http://maps.google.com/maps?q=6.636255555555555,-73.22369444444445", "OSMaps": "https://www.openstreetmap.org/query?lat=6.636255555555555&lon=-73.22369444444445" }, "geometry": { "type": "Point", "coordinates": [ -73.223694444444448, 6.636255555555555 ] } },
{ "type": "Feature", "properties": { "URL": "https://github.com/rcfdtools/R.GISMobile/tree/main/file/gis/POI/46/PXL_20230407_170918506.jpg", "Altitude": 1313.59, "GoogleMaps": "http://maps.google.com/maps?q=6.63735,-73.22309444444444", "OSMaps": "https://www.openstreetmap.org/query?lat=6.63735&lon=-73.22309444444444" }, "geometry": { "type": "Point", "coordinates": [ -73.223094444444442, 6.63735 ] } },
{ "type": "Feature", "properties": { "URL": "https://github.com/rcfdtools/R.GISMobile/tree/main/file/gis/POI/46/PXL_20230407_170933071.jpg", "Altitude": 1313.59, "GoogleMaps": "http://maps.google.com/maps?q=6.63735,-73.22309444444444", "OSMaps": "https://www.openstreetmap.org/query?lat=6.63735&lon=-73.22309444444444" }, "geometry": { "type": "Point", "coordinates": [ -73.223094444444442, 6.63735 ] } },
{ "type": "Feature", "properties": { "URL": "https://github.com/rcfdtools/R.GISMobile/tree/main/file/gis/POI/46/PXL_20230407_170934473.jpg", "Altitude": 1313.59, "GoogleMaps": "http://maps.google.com/maps?q=6.63735,-73.22309444444444", "OSMaps": "https://www.openstreetmap.org/query?lat=6.63735&lon=-73.22309444444444" }, "geometry": { "type": "Point", "coordinates": [ -73.223094444444442, 6.63735 ] } },
{ "type": "Feature", "properties": { "URL": "https://github.com/rcfdtools/R.GISMobile/tree/main/file/gis/POI/46/PXL_20230407_171733760.jpg", "Altitude": 1347.42, "GoogleMaps": "http://maps.google.com/maps?q=6.635233333333333,-73.22179444444444", "OSMaps": "https://www.openstreetmap.org/query?lat=6.635233333333333&lon=-73.22179444444444" }, "geometry": { "type": "Point", "coordinates": [ -73.221794444444441, 6.635233333333333 ] } },
{ "type": "Feature", "properties": { "URL": "https://github.com/rcfdtools/R.GISMobile/tree/main/file/gis/POI/46/PXL_20230407_171741604.jpg", "Altitude": 1347.42, "GoogleMaps": "http://maps.google.com/maps?q=6.635233333333333,-73.22179444444444", "OSMaps": "https://www.openstreetmap.org/query?lat=6.635233333333333&lon=-73.22179444444444" }, "geometry": { "type": "Point", "coordinates": [ -73.221794444444441, 6.635233333333333 ] } },
{ "type": "Feature", "properties": { "URL": "https://github.com/rcfdtools/R.GISMobile/tree/main/file/gis/POI/46/PXL_20230407_171835957.jpg", "Altitude": 1339.59, "GoogleMaps": "http://maps.google.com/maps?q=6.6399833333333325,-73.22316666666667", "OSMaps": "https://www.openstreetmap.org/query?lat=6.6399833333333325&lon=-73.22316666666667" }, "geometry": { "type": "Point", "coordinates": [ -73.223166666666671, 6.639983333333332 ] } },
{ "type": "Feature", "properties": { "URL": "https://github.com/rcfdtools/R.GISMobile/tree/main/file/gis/POI/46/PXL_20230407_172239683.jpg", "Altitude": 1343.09, "GoogleMaps": "http://maps.google.com/maps?q=6.6399027777777775,-73.2230388888889", "OSMaps": "https://www.openstreetmap.org/query?lat=6.6399027777777775&lon=-73.2230388888889" }, "geometry": { "type": "Point", "coordinates": [ -73.223038888888894, 6.639902777777777 ] } },
{ "type": "Feature", "properties": { "URL": "https://github.com/rcfdtools/R.GISMobile/tree/main/file/gis/POI/46/PXL_20230407_172243723.jpg", "Altitude": 1343.09, "GoogleMaps": "http://maps.google.com/maps?q=6.6399027777777775,-73.2230388888889", "OSMaps": "https://www.openstreetmap.org/query?lat=6.6399027777777775&lon=-73.2230388888889" }, "geometry": { "type": "Point", "coordinates": [ -73.223038888888894, 6.639902777777777 ] } },
{ "type": "Feature", "properties": { "URL": "https://github.com/rcfdtools/R.GISMobile/tree/main/file/gis/POI/46/PXL_20230407_172636145.jpg", "Altitude": 1343.09, "GoogleMaps": "http://maps.google.com/maps?q=6.639863888888889,-73.22427222222223", "OSMaps": "https://www.openstreetmap.org/query?lat=6.639863888888889&lon=-73.22427222222223" }, "geometry": { "type": "Point", "coordinates": [ -73.224272222222226, 6.639863888888889 ] } },
{ "type": "Feature", "properties": { "URL": "https://github.com/rcfdtools/R.GISMobile/tree/main/file/gis/POI/46/PXL_20230407_172801292.jpg", "Altitude": 1343.09, "GoogleMaps": "http://maps.google.com/maps?q=6.639863888888889,-73.22427222222223", "OSMaps": "https://www.openstreetmap.org/query?lat=6.639863888888889&lon=-73.22427222222223" }, "geometry": { "type": "Point", "coordinates": [ -73.224272222222226, 6.639863888888889 ] } },
{ "type": "Feature", "properties": { "URL": "https://github.com/rcfdtools/R.GISMobile/tree/main/file/gis/POI/46/PXL_20230407_173839065.jpg", "Altitude": 1340.7, "GoogleMaps": "http://maps.google.com/maps?q=6.639975,-73.223275", "OSMaps": "https://www.openstreetmap.org/query?lat=6.639975&lon=-73.223275" }, "geometry": { "type": "Point", "coordinates": [ -73.223275, 6.639975 ] } },
{ "type": "Feature", "properties": { "URL": "https://github.com/rcfdtools/R.GISMobile/tree/main/file/gis/POI/46/PXL_20230407_173842940.jpg", "Altitude": 1340.7, "GoogleMaps": "http://maps.google.com/maps?q=6.639975,-73.223275", "OSMaps": "https://www.openstreetmap.org/query?lat=6.639975&lon=-73.223275" }, "geometry": { "type": "Point", "coordinates": [ -73.223275, 6.639975 ] } },
{ "type": "Feature", "properties": { "URL": "https://github.com/rcfdtools/R.GISMobile/tree/main/file/gis/POI/46/PXL_20230407_173851360.jpg", "Altitude": 1340.7, "GoogleMaps": "http://maps.google.com/maps?q=6.639975,-73.223275", "OSMaps": "https://www.openstreetmap.org/query?lat=6.639975&lon=-73.223275" }, "geometry": { "type": "Point", "coordinates": [ -73.223275, 6.639975 ] } },
{ "type": "Feature", "properties": { "URL": "https://github.com/rcfdtools/R.GISMobile/tree/main/file/gis/POI/46/PXL_20230407_174139371.jpg", "Altitude": 1340.7, "GoogleMaps": "http://maps.google.com/maps?q=6.640552777777777,-73.22349722222222", "OSMaps": "https://www.openstreetmap.org/query?lat=6.640552777777777&lon=-73.22349722222222" }, "geometry": { "type": "Point", "coordinates": [ -73.223497222222221, 6.640552777777777 ] } },
{ "type": "Feature", "properties": { "URL": "https://github.com/rcfdtools/R.GISMobile/tree/main/file/gis/POI/46/PXL_20230407_174147707.jpg", "Altitude": 1340.7, "GoogleMaps": "http://maps.google.com/maps?q=6.640552777777777,-73.22349722222222", "OSMaps": "https://www.openstreetmap.org/query?lat=6.640552777777777&lon=-73.22349722222222" }, "geometry": { "type": "Point", "coordinates": [ -73.223497222222221, 6.640552777777777 ] } },
{ "type": "Feature", "properties": { "URL": "https://github.com/rcfdtools/R.GISMobile/tree/main/file/gis/POI/46/PXL_20230407_175053931.jpg", "Altitude": 1340.7, "GoogleMaps": "http://maps.google.com/maps?q=6.640177777777778,-73.22338888888889", "OSMaps": "https://www.openstreetmap.org/query?lat=6.640177777777778&lon=-73.22338888888889" }, "geometry": { "type": "Point", "coordinates": [ -73.223388888888891, 6.640177777777778 ] } },
{ "type": "Feature", "properties": { "URL": "https://github.com/rcfdtools/R.GISMobile/tree/main/file/gis/POI/46/PXL_20230407_204654144.jpg", "Altitude": 1306.4, "GoogleMaps": "http://maps.google.com/maps?q=6.632416666666667,-73.22808888888889", "OSMaps": "https://www.openstreetmap.org/query?lat=6.632416666666667&lon=-73.22808888888889" }, "geometry": { "type": "Point", "coordinates": [ -73.228088888888891, 6.632416666666667 ] } },
{ "type": "Feature", "properties": { "URL": "https://github.com/rcfdtools/R.GISMobile/tree/main/file/gis/POI/46/PXL_20230407_204656313.jpg", "Altitude": 1307.7, "GoogleMaps": "http://maps.google.com/maps?q=6.631983333333334,-73.22833888888889", "OSMaps": "https://www.openstreetmap.org/query?lat=6.631983333333334&lon=-73.22833888888889" }, "geometry": { "type": "Point", "coordinates": [ -73.228338888888885, 6.631983333333334 ] } },
{ "type": "Feature", "properties": { "URL": "https://github.com/rcfdtools/R.GISMobile/tree/main/file/gis/POI/46/PXL_20230407_204700319.jpg", "Altitude": 1307.7, "GoogleMaps": "http://maps.google.com/maps?q=6.631983333333334,-73.22833888888889", "OSMaps": "https://www.openstreetmap.org/query?lat=6.631983333333334&lon=-73.22833888888889" }, "geometry": { "type": "Point", "coordinates": [ -73.228338888888885, 6.631983333333334 ] } },
{ "type": "Feature", "properties": { "URL": "https://github.com/rcfdtools/R.GISMobile/tree/main/file/gis/POI/46/PXL_20230407_204850517.MP.jpg", "Altitude": 1307.7, "GoogleMaps": "http://maps.google.com/maps?q=6.631186111111112,-73.22861388888889", "OSMaps": "https://www.openstreetmap.org/query?lat=6.631186111111112&lon=-73.22861388888889" }, "geometry": { "type": "Point", "coordinates": [ -73.228613888888887, 6.631186111111112 ] } },
{ "type": "Feature", "properties": { "URL": "https://github.com/rcfdtools/R.GISMobile/tree/main/file/gis/POI/46/PXL_20230407_205103474.jpg", "Altitude": 1307.7, "GoogleMaps": "http://maps.google.com/maps?q=6.630819444444445,-73.22894444444445", "OSMaps": "https://www.openstreetmap.org/query?lat=6.630819444444445&lon=-73.22894444444445" }, "geometry": { "type": "Point", "coordinates": [ -73.228944444444451, 6.630819444444445 ] } },
{ "type": "Feature", "properties": { "URL": "https://github.com/rcfdtools/R.GISMobile/tree/main/file/gis/POI/46/PXL_20230407_205128358.MP.jpg", "Altitude": 1307.7, "GoogleMaps": "http://maps.google.com/maps?q=6.630819444444445,-73.22894444444445", "OSMaps": "https://www.openstreetmap.org/query?lat=6.630819444444445&lon=-73.22894444444445" }, "geometry": { "type": "Point", "coordinates": [ -73.228944444444451, 6.630819444444445 ] } },
{ "type": "Feature", "properties": { "URL": "https://github.com/rcfdtools/R.GISMobile/tree/main/file/gis/POI/46/PXL_20230407_205211477.jpg", "Altitude": 1307.7, "GoogleMaps": "http://maps.google.com/maps?q=6.630819444444445,-73.22894444444445", "OSMaps": "https://www.openstreetmap.org/query?lat=6.630819444444445&lon=-73.22894444444445" }, "geometry": { "type": "Point", "coordinates": [ -73.228944444444451, 6.630819444444445 ] } },
{ "type": "Feature", "properties": { "URL": "https://github.com/rcfdtools/R.GISMobile/tree/main/file/gis/POI/46/PXL_20230407_205740210.jpg", "Altitude": 1267.59, "GoogleMaps": "http://maps.google.com/maps?q=6.629783333333334,-73.22900555555556", "OSMaps": "https://www.openstreetmap.org/query?lat=6.629783333333334&lon=-73.22900555555556" }, "geometry": { "type": "Point", "coordinates": [ -73.22900555555556, 6.629783333333334 ] } },
{ "type": "Feature", "properties": { "URL": "https://github.com/rcfdtools/R.GISMobile/tree/main/file/gis/POI/46/PXL_20230407_205748859.jpg", "Altitude": 1267.59, "GoogleMaps": "http://maps.google.com/maps?q=6.629783333333334,-73.22900555555556", "OSMaps": "https://www.openstreetmap.org/query?lat=6.629783333333334&lon=-73.22900555555556" }, "geometry": { "type": "Point", "coordinates": [ -73.22900555555556, 6.629783333333334 ] } },
{ "type": "Feature", "properties": { "URL": "https://github.com/rcfdtools/R.GISMobile/tree/main/file/gis/POI/46/PXL_20230407_210004357.jpg", "Altitude": 1267.59, "GoogleMaps": "http://maps.google.com/maps?q=6.629783333333334,-73.22900555555556", "OSMaps": "https://www.openstreetmap.org/query?lat=6.629783333333334&lon=-73.22900555555556" }, "geometry": { "type": "Point", "coordinates": [ -73.22900555555556, 6.629783333333334 ] } },
{ "type": "Feature", "properties": { "URL": "https://github.com/rcfdtools/R.GISMobile/tree/main/file/gis/POI/46/PXL_20230407_210207098.jpg", "Altitude": 1264.3, "GoogleMaps": "http://maps.google.com/maps?q=6.629313888888889,-73.22907500000001", "OSMaps": "https://www.openstreetmap.org/query?lat=6.629313888888889&lon=-73.22907500000001" }, "geometry": { "type": "Point", "coordinates": [ -73.229075, 6.629313888888889 ] } },
{ "type": "Feature", "properties": { "URL": "https://github.com/rcfdtools/R.GISMobile/tree/main/file/gis/POI/46/PXL_20230407_211023017.jpg", "Altitude": 1308.2, "GoogleMaps": "http://maps.google.com/maps?q=6.629275000000001,-73.22898055555555", "OSMaps": "https://www.openstreetmap.org/query?lat=6.629275000000001&lon=-73.22898055555555" }, "geometry": { "type": "Point", "coordinates": [ -73.228980555555552, 6.629275 ] } },
{ "type": "Feature", "properties": { "URL": "https://github.com/rcfdtools/R.GISMobile/tree/main/file/gis/POI/46/PXL_20230407_211027087.jpg", "Altitude": 1308.2, "GoogleMaps": "http://maps.google.com/maps?q=6.629275000000001,-73.22898055555555", "OSMaps": "https://www.openstreetmap.org/query?lat=6.629275000000001&lon=-73.22898055555555" }, "geometry": { "type": "Point", "coordinates": [ -73.228980555555552, 6.629275 ] } },
{ "type": "Feature", "properties": { "URL": "https://github.com/rcfdtools/R.GISMobile/tree/main/file/gis/POI/46/PXL_20230407_214849582.MP.jpg", "Altitude": 1296.5, "GoogleMaps": "http://maps.google.com/maps?q=6.634566666666666,-73.22105833333333", "OSMaps": "https://www.openstreetmap.org/query?lat=6.634566666666666&lon=-73.22105833333333" }, "geometry": { "type": "Point", "coordinates": [ -73.221058333333332, 6.634566666666666 ] } },
{ "type": "Feature", "properties": { "URL": "https://github.com/rcfdtools/R.GISMobile/tree/main/file/gis/POI/46/PXL_20230407_214902319.jpg", "Altitude": 1278.8, "GoogleMaps": "http://maps.google.com/maps?q=6.6344055555555554,-73.21905833333334", "OSMaps": "https://www.openstreetmap.org/query?lat=6.6344055555555554&lon=-73.21905833333334" }, "geometry": { "type": "Point", "coordinates": [ -73.219058333333336, 6.634405555555555 ] } },
{ "type": "Feature", "properties": { "URL": "https://github.com/rcfdtools/R.GISMobile/tree/main/file/gis/POI/46/PXL_20230407_214918975.jpg", "Altitude": 1278.8, "GoogleMaps": "http://maps.google.com/maps?q=6.6344055555555554,-73.21905833333334", "OSMaps": "https://www.openstreetmap.org/query?lat=6.6344055555555554&lon=-73.21905833333334" }, "geometry": { "type": "Point", "coordinates": [ -73.219058333333336, 6.634405555555555 ] } },
{ "type": "Feature", "properties": { "URL": "https://github.com/rcfdtools/R.GISMobile/tree/main/file/gis/POI/46/PXL_20230407_214920207.jpg", "Altitude": 1278.8, "GoogleMaps": "http://maps.google.com/maps?q=6.6344055555555554,-73.21905833333334", "OSMaps": "https://www.openstreetmap.org/query?lat=6.6344055555555554&lon=-73.21905833333334" }, "geometry": { "type": "Point", "coordinates": [ -73.219058333333336, 6.634405555555555 ] } },
{ "type": "Feature", "properties": { "URL": "https://github.com/rcfdtools/R.GISMobile/tree/main/file/gis/POI/46/PXL_20230407_214932127.jpg", "Altitude": 1278.8, "GoogleMaps": "http://maps.google.com/maps?q=6.6344055555555554,-73.21905833333334", "OSMaps": "https://www.openstreetmap.org/query?lat=6.6344055555555554&lon=-73.21905833333334" }, "geometry": { "type": "Point", "coordinates": [ -73.219058333333336, 6.634405555555555 ] } },
{ "type": "Feature", "properties": { "URL": "https://github.com/rcfdtools/R.GISMobile/tree/main/file/gis/POI/46/PXL_20230407_214934177.jpg", "Altitude": 1278.8, "GoogleMaps": "http://maps.google.com/maps?q=6.6344055555555554,-73.21905833333334", "OSMaps": "https://www.openstreetmap.org/query?lat=6.6344055555555554&lon=-73.21905833333334" }, "geometry": { "type": "Point", "coordinates": [ -73.219058333333336, 6.634405555555555 ] } },
{ "type": "Feature", "properties": { "URL": "https://github.com/rcfdtools/R.GISMobile/tree/main/file/gis/POI/46/PXL_20230407_214941601.jpg", "Altitude": 1278.8, "GoogleMaps": "http://maps.google.com/maps?q=6.6344055555555554,-73.21905833333334", "OSMaps": "https://www.openstreetmap.org/query?lat=6.6344055555555554&lon=-73.21905833333334" }, "geometry": { "type": "Point", "coordinates": [ -73.219058333333336, 6.634405555555555 ] } },
{ "type": "Feature", "properties": { "URL": "https://github.com/rcfdtools/R.GISMobile/tree/main/file/gis/POI/46/PXL_20230407_214943096.jpg", "Altitude": 1278.8, "GoogleMaps": "http://maps.google.com/maps?q=6.6344055555555554,-73.21905833333334", "OSMaps": "https://www.openstreetmap.org/query?lat=6.6344055555555554&lon=-73.21905833333334" }, "geometry": { "type": "Point", "coordinates": [ -73.219058333333336, 6.634405555555555 ] } },
{ "type": "Feature", "properties": { "URL": "https://github.com/rcfdtools/R.GISMobile/tree/main/file/gis/POI/46/PXL_20230409_190800531.MP.jpg", "Altitude": 1492.53, "GoogleMaps": "http://maps.google.com/maps?q=6.052702777777777,-73.50208055555555", "OSMaps": "https://www.openstreetmap.org/query?lat=6.052702777777777&lon=-73.50208055555555" }, "geometry": { "type": "Point", "coordinates": [ -73.502080555555551, 6.052702777777777 ] } },
{ "type": "Feature", "properties": { "URL": "https://github.com/rcfdtools/R.GISMobile/tree/main/file/gis/POI/47/IMG_2357.JPG", "Altitude": 3173.8517745302715, "GoogleMaps": "http://maps.google.com/maps?q=4.90511388888889,-73.9210138888889", "OSMaps": "https://www.openstreetmap.org/query?lat=4.90511388888889&lon=-73.9210138888889" }, "geometry": { "type": "Point", "coordinates": [ -73.921013888888893, 4.90511388888889 ] } },
{ "type": "Feature", "properties": { "URL": "https://github.com/rcfdtools/R.GISMobile/tree/main/file/gis/POI/47/IMG_2358.JPG", "Altitude": 3173.5014880952381, "GoogleMaps": "http://maps.google.com/maps?q=4.90513888888889,-73.92099722222223", "OSMaps": "https://www.openstreetmap.org/query?lat=4.90513888888889&lon=-73.92099722222223" }, "geometry": { "type": "Point", "coordinates": [ -73.920997222222226, 4.90513888888889 ] } },
{ "type": "Feature", "properties": { "URL": "https://github.com/rcfdtools/R.GISMobile/tree/main/file/gis/POI/47/IMG_2361.JPG", "Altitude": 2602.3427065026358, "GoogleMaps": "http://maps.google.com/maps?q=4.936861111111111,-73.83995", "OSMaps": "https://www.openstreetmap.org/query?lat=4.936861111111111&lon=-73.83995" }, "geometry": { "type": "Point", "coordinates": [ -73.83995, 4.936861111111111 ] } },
{ "type": "Feature", "properties": { "URL": "https://github.com/rcfdtools/R.GISMobile/tree/main/file/gis/POI/47/IMG_2362.JPG", "Altitude": 2601.789898989899, "GoogleMaps": "http://maps.google.com/maps?q=4.936863888888889,-73.83994444444444", "OSMaps": "https://www.openstreetmap.org/query?lat=4.936863888888889&lon=-73.83994444444444" }, "geometry": { "type": "Point", "coordinates": [ -73.839944444444441, 4.936863888888889 ] } },
{ "type": "Feature", "properties": { "URL": "https://github.com/rcfdtools/R.GISMobile/tree/main/file/gis/POI/47/IMG_2363.JPG", "Altitude": 2601.7506666666668, "GoogleMaps": "http://maps.google.com/maps?q=4.936861111111111,-73.83994444444444", "OSMaps": "https://www.openstreetmap.org/query?lat=4.936861111111111&lon=-73.83994444444444" }, "geometry": { "type": "Point", "coordinates": [ -73.839944444444441, 4.936861111111111 ] } },
{ "type": "Feature", "properties": { "URL": "https://github.com/rcfdtools/R.GISMobile/tree/main/file/gis/POI/47/IMG_2364.JPG", "Altitude": 2601.7124824684438, "GoogleMaps": "http://maps.google.com/maps?q=4.936850000000001,-73.83994444444444", "OSMaps": "https://www.openstreetmap.org/query?lat=4.936850000000001&lon=-73.83994444444444" }, "geometry": { "type": "Point", "coordinates": [ -73.839944444444441, 4.93685 ] } },
{ "type": "Feature", "properties": { "URL": "https://github.com/rcfdtools/R.GISMobile/tree/main/file/gis/POI/48/IMG_2285.JPG", "Altitude": 3188.5429362880886, "GoogleMaps": "http://maps.google.com/maps?q=5.000480555555556,-74.17743611111112", "OSMaps": "https://www.openstreetmap.org/query?lat=5.000480555555556&lon=-74.17743611111112" }, "geometry": { "type": "Point", "coordinates": [ -74.17743611111112, 5.000480555555556 ] } },
{ "type": "Feature", "properties": { "URL": "https://github.com/rcfdtools/R.GISMobile/tree/main/file/gis/POI/48/IMG_2286.JPG", "Altitude": 3190.9634888438136, "GoogleMaps": "http://maps.google.com/maps?q=5.000491666666667,-74.17742222222223", "OSMaps": "https://www.openstreetmap.org/query?lat=5.000491666666667&lon=-74.17742222222223" }, "geometry": { "type": "Point", "coordinates": [ -74.177422222222233, 5.000491666666667 ] } },
{ "type": "Feature", "properties": { "URL": "https://github.com/rcfdtools/R.GISMobile/tree/main/file/gis/POI/48/IMG_2287.JPG", "Altitude": 3191.4167289021657, "GoogleMaps": "http://maps.google.com/maps?q=5.000505555555556,-74.17740555555557", "OSMaps": "https://www.openstreetmap.org/query?lat=5.000505555555556&lon=-74.17740555555557" }, "geometry": { "type": "Point", "coordinates": [ -74.177405555555566, 5.000505555555556 ] } },
{ "type": "Feature", "properties": { "URL": "https://github.com/rcfdtools/R.GISMobile/tree/main/file/gis/POI/48/IMG_2288.JPG", "Altitude": 3190.9555483452305, "GoogleMaps": "http://maps.google.com/maps?q=5.0005138888888885,-74.17739722222223", "OSMaps": "https://www.openstreetmap.org/query?lat=5.0005138888888885&lon=-74.17739722222223" }, "geometry": { "type": "Point", "coordinates": [ -74.177397222222226, 5.000513888888888 ] } },
{ "type": "Feature", "properties": { "URL": "https://github.com/rcfdtools/R.GISMobile/tree/main/file/gis/POI/48/IMG_2289.JPG", "Altitude": 3191.0298102981028, "GoogleMaps": "http://maps.google.com/maps?q=5.000491666666667,-74.17739166666667", "OSMaps": "https://www.openstreetmap.org/query?lat=5.000491666666667&lon=-74.17739166666667" }, "geometry": { "type": "Point", "coordinates": [ -74.177391666666665, 5.000491666666667 ] } },
{ "type": "Feature", "properties": { "URL": "https://github.com/rcfdtools/R.GISMobile/tree/main/file/gis/POI/48/IMG_2290.JPG", "Altitude": 3188.4657836644592, "GoogleMaps": "http://maps.google.com/maps?q=5.000491666666667,-74.17741388888889", "OSMaps": "https://www.openstreetmap.org/query?lat=5.000491666666667&lon=-74.17741388888889" }, "geometry": { "type": "Point", "coordinates": [ -74.177413888888893, 5.000491666666667 ] } },
{ "type": "Feature", "properties": { "URL": "https://github.com/rcfdtools/R.GISMobile/tree/main/file/gis/POI/48/IMG_2294.JPG", "Altitude": 3188.9078822412162, "GoogleMaps": "http://maps.google.com/maps?q=5.000525,-74.17740555555557", "OSMaps": "https://www.openstreetmap.org/query?lat=5.000525&lon=-74.17740555555557" }, "geometry": { "type": "Point", "coordinates": [ -74.177405555555566, 5.000525 ] } },
{ "type": "Feature", "properties": { "URL": "https://github.com/rcfdtools/R.GISMobile/tree/main/file/gis/POI/48/IMG_2295.JPG", "Altitude": 2572.5585774058577, "GoogleMaps": "http://maps.google.com/maps?q=5.025591666666666,-73.99642222222222", "OSMaps": "https://www.openstreetmap.org/query?lat=5.025591666666666&lon=-73.99642222222222" }, "geometry": { "type": "Point", "coordinates": [ -73.996422222222222, 5.025591666666666 ] } },
{ "type": "Feature", "properties": { "URL": "https://github.com/rcfdtools/R.GISMobile/tree/main/file/gis/POI/5/PXL_20230503_174747256.jpg", "Altitude": 3220.78, "GoogleMaps": "http://maps.google.com/maps?q=4.5409,-73.75708888888889", "OSMaps": "https://www.openstreetmap.org/query?lat=4.5409&lon=-73.75708888888889" }, "geometry": { "type": "Point", "coordinates": [ -73.757088888888887, 4.5409 ] } },
{ "type": "Feature", "properties": { "URL": "https://github.com/rcfdtools/R.GISMobile/tree/main/file/gis/POI/5/PXL_20230503_174751371.jpg", "Altitude": 3220.78, "GoogleMaps": "http://maps.google.com/maps?q=4.5409,-73.75708888888889", "OSMaps": "https://www.openstreetmap.org/query?lat=4.5409&lon=-73.75708888888889" }, "geometry": { "type": "Point", "coordinates": [ -73.757088888888887, 4.5409 ] } },
{ "type": "Feature", "properties": { "URL": "https://github.com/rcfdtools/R.GISMobile/tree/main/file/gis/POI/5/PXL_20230503_174827257.jpg", "Altitude": 3224.2, "GoogleMaps": "http://maps.google.com/maps?q=4.540480555555556,-73.75746388888889", "OSMaps": "https://www.openstreetmap.org/query?lat=4.540480555555556&lon=-73.75746388888889" }, "geometry": { "type": "Point", "coordinates": [ -73.757463888888893, 4.540480555555556 ] } },
{ "type": "Feature", "properties": { "URL": "https://github.com/rcfdtools/R.GISMobile/tree/main/file/gis/POI/5/PXL_20230503_174837491.jpg", "Altitude": 3224.2, "GoogleMaps": "http://maps.google.com/maps?q=4.540480555555556,-73.75746388888889", "OSMaps": "https://www.openstreetmap.org/query?lat=4.540480555555556&lon=-73.75746388888889" }, "geometry": { "type": "Point", "coordinates": [ -73.757463888888893, 4.540480555555556 ] } },
{ "type": "Feature", "properties": { "URL": "https://github.com/rcfdtools/R.GISMobile/tree/main/file/gis/POI/50/20180329_143519.jpg", "Altitude": 436.0, "GoogleMaps": "http://maps.google.com/maps?q=3.489412138888889,-73.65893816666667", "OSMaps": "https://www.openstreetmap.org/query?lat=3.489412138888889&lon=-73.65893816666667" }, "geometry": { "type": "Point", "coordinates": [ -73.658938166666672, 3.489412138888889 ] } },
{ "type": "Feature", "properties": { "URL": "https://github.com/rcfdtools/R.GISMobile/tree/main/file/gis/POI/50/20180329_152128.jpg", "Altitude": 366.0, "GoogleMaps": "http://maps.google.com/maps?q=3.4355449444444446,-73.76103758333333", "OSMaps": "https://www.openstreetmap.org/query?lat=3.4355449444444446&lon=-73.76103758333333" }, "geometry": { "type": "Point", "coordinates": [ -73.761037583333334, 3.435544944444445 ] } },
{ "type": "Feature", "properties": { "URL": "https://github.com/rcfdtools/R.GISMobile/tree/main/file/gis/POI/50/20180329_152146_001.jpg", "Altitude": 450.0, "GoogleMaps": "http://maps.google.com/maps?q=3.401824138888889,-73.81847527777778", "OSMaps": "https://www.openstreetmap.org/query?lat=3.401824138888889&lon=-73.81847527777778" }, "geometry": { "type": "Point", "coordinates": [ -73.818475277777779, 3.401824138888889 ] } },
{ "type": "Feature", "properties": { "URL": "https://github.com/rcfdtools/R.GISMobile/tree/main/file/gis/POI/50/20180329_152419.jpg", "Altitude": 454.0, "GoogleMaps": "http://maps.google.com/maps?q=3.4000293888888886,-73.85104108333333", "OSMaps": "https://www.openstreetmap.org/query?lat=3.4000293888888886&lon=-73.85104108333333" }, "geometry": { "type": "Point", "coordinates": [ -73.851041083333328, 3.400029388888889 ] } },
{ "type": "Feature", "properties": { "URL": "https://github.com/rcfdtools/R.GISMobile/tree/main/file/gis/POI/50/20180329_152423.jpg", "Altitude": 454.0, "GoogleMaps": "http://maps.google.com/maps?q=3.4000293888888886,-73.85104108333333", "OSMaps": "https://www.openstreetmap.org/query?lat=3.4000293888888886&lon=-73.85104108333333" }, "geometry": { "type": "Point", "coordinates": [ -73.851041083333328, 3.400029388888889 ] } },
{ "type": "Feature", "properties": { "URL": "https://github.com/rcfdtools/R.GISMobile/tree/main/file/gis/POI/50/20180329_162244.jpg", "Altitude": 399.0, "GoogleMaps": "http://maps.google.com/maps?q=3.4031670277777777,-73.79706386111111", "OSMaps": "https://www.openstreetmap.org/query?lat=3.4031670277777777&lon=-73.79706386111111" }, "geometry": { "type": "Point", "coordinates": [ -73.797063861111113, 3.403167027777778 ] } },
{ "type": "Feature", "properties": { "URL": "https://github.com/rcfdtools/R.GISMobile/tree/main/file/gis/POI/50/20180329_162246.jpg", "Altitude": 399.0, "GoogleMaps": "http://maps.google.com/maps?q=3.4031670277777777,-73.79706386111111", "OSMaps": "https://www.openstreetmap.org/query?lat=3.4031670277777777&lon=-73.79706386111111" }, "geometry": { "type": "Point", "coordinates": [ -73.797063861111113, 3.403167027777778 ] } },
{ "type": "Feature", "properties": { "URL": "https://github.com/rcfdtools/R.GISMobile/tree/main/file/gis/POI/50/20180329_162248.jpg", "Altitude": 399.0, "GoogleMaps": "http://maps.google.com/maps?q=3.4031670277777777,-73.79706386111111", "OSMaps": "https://www.openstreetmap.org/query?lat=3.4031670277777777&lon=-73.79706386111111" }, "geometry": { "type": "Point", "coordinates": [ -73.797063861111113, 3.403167027777778 ] } },
{ "type": "Feature", "properties": { "URL": "https://github.com/rcfdtools/R.GISMobile/tree/main/file/gis/POI/50/20180329_162256.jpg", "Altitude": 399.0, "GoogleMaps": "http://maps.google.com/maps?q=3.4031670277777777,-73.79706386111111", "OSMaps": "https://www.openstreetmap.org/query?lat=3.4031670277777777&lon=-73.79706386111111" }, "geometry": { "type": "Point", "coordinates": [ -73.797063861111113, 3.403167027777778 ] } },
{ "type": "Feature", "properties": { "URL": "https://github.com/rcfdtools/R.GISMobile/tree/main/file/gis/POI/50/20180330_121739.jpg", "Altitude": 0.0, "GoogleMaps": "http://maps.google.com/maps?q=3.691826888888889,-73.70052477777779", "OSMaps": "https://www.openstreetmap.org/query?lat=3.691826888888889&lon=-73.70052477777779" }, "geometry": { "type": "Point", "coordinates": [ -73.700524777777787, 3.691826888888889 ] } },
{ "type": "Feature", "properties": { "URL": "https://github.com/rcfdtools/R.GISMobile/tree/main/file/gis/POI/50/20180330_121741.jpg", "Altitude": 0.0, "GoogleMaps": "http://maps.google.com/maps?q=3.691826888888889,-73.70052477777779", "OSMaps": "https://www.openstreetmap.org/query?lat=3.691826888888889&lon=-73.70052477777779" }, "geometry": { "type": "Point", "coordinates": [ -73.700524777777787, 3.691826888888889 ] } },
{ "type": "Feature", "properties": { "URL": "https://github.com/rcfdtools/R.GISMobile/tree/main/file/gis/POI/50/20180330_163559.jpg", "Altitude": 0.0, "GoogleMaps": "http://maps.google.com/maps?q=3.7033790833333335,-73.70078119444445", "OSMaps": "https://www.openstreetmap.org/query?lat=3.7033790833333335&lon=-73.70078119444445" }, "geometry": { "type": "Point", "coordinates": [ -73.700781194444446, 3.703379083333334 ] } },
{ "type": "Feature", "properties": { "URL": "https://github.com/rcfdtools/R.GISMobile/tree/main/file/gis/POI/50/20180330_163602.jpg", "Altitude": 0.0, "GoogleMaps": "http://maps.google.com/maps?q=3.7033790833333335,-73.70078119444445", "OSMaps": "https://www.openstreetmap.org/query?lat=3.7033790833333335&lon=-73.70078119444445" }, "geometry": { "type": "Point", "coordinates": [ -73.700781194444446, 3.703379083333334 ] } },
{ "type": "Feature", "properties": { "URL": "https://github.com/rcfdtools/R.GISMobile/tree/main/file/gis/POI/50/20180330_163605.jpg", "Altitude": 0.0, "GoogleMaps": "http://maps.google.com/maps?q=3.7033790833333335,-73.70078119444445", "OSMaps": "https://www.openstreetmap.org/query?lat=3.7033790833333335&lon=-73.70078119444445" }, "geometry": { "type": "Point", "coordinates": [ -73.700781194444446, 3.703379083333334 ] } },
{ "type": "Feature", "properties": { "URL": "https://github.com/rcfdtools/R.GISMobile/tree/main/file/gis/POI/50/20180330_163621.jpg", "Altitude": 0.0, "GoogleMaps": "http://maps.google.com/maps?q=3.703183,-73.7007605", "OSMaps": "https://www.openstreetmap.org/query?lat=3.703183&lon=-73.7007605" }, "geometry": { "type": "Point", "coordinates": [ -73.7007605, 3.703183 ] } },
{ "type": "Feature", "properties": { "URL": "https://github.com/rcfdtools/R.GISMobile/tree/main/file/gis/POI/50/20180330_163628.jpg", "Altitude": 447.0, "GoogleMaps": "http://maps.google.com/maps?q=3.703166416666667,-73.70058627777777", "OSMaps": "https://www.openstreetmap.org/query?lat=3.703166416666667&lon=-73.70058627777777" }, "geometry": { "type": "Point", "coordinates": [ -73.700586277777774, 3.703166416666667 ] } },
{ "type": "Feature", "properties": { "URL": "https://github.com/rcfdtools/R.GISMobile/tree/main/file/gis/POI/50/20180330_172614.jpg", "Altitude": 454.0, "GoogleMaps": "http://maps.google.com/maps?q=3.6990994444444447,-73.70021141666668", "OSMaps": "https://www.openstreetmap.org/query?lat=3.6990994444444447&lon=-73.70021141666668" }, "geometry": { "type": "Point", "coordinates": [ -73.700211416666676, 3.699099444444445 ] } },
{ "type": "Feature", "properties": { "URL": "https://github.com/rcfdtools/R.GISMobile/tree/main/file/gis/POI/50/20180331_065914.jpg", "Altitude": 433.799, "GoogleMaps": "http://maps.google.com/maps?q=3.691098083333334,-73.69629619444444", "OSMaps": "https://www.openstreetmap.org/query?lat=3.691098083333334&lon=-73.69629619444444" }, "geometry": { "type": "Point", "coordinates": [ -73.696296194444443, 3.691098083333334 ] } },
{ "type": "Feature", "properties": { "URL": "https://github.com/rcfdtools/R.GISMobile/tree/main/file/gis/POI/51/IMG_2297.JPG", "Altitude": 2672.4564643799472, "GoogleMaps": "http://maps.google.com/maps?q=5.6013972222222215,-73.30648055555555", "OSMaps": "https://www.openstreetmap.org/query?lat=5.6013972222222215&lon=-73.30648055555555" }, "geometry": { "type": "Point", "coordinates": [ -73.306480555555552, 5.601397222222221 ] } },
{ "type": "Feature", "properties": { "URL": "https://github.com/rcfdtools/R.GISMobile/tree/main/file/gis/POI/51/IMG_2299.JPG", "Altitude": 2714.6706915477498, "GoogleMaps": "http://maps.google.com/maps?q=5.609038888888889,-73.2812888888889", "OSMaps": "https://www.openstreetmap.org/query?lat=5.609038888888889&lon=-73.2812888888889" }, "geometry": { "type": "Point", "coordinates": [ -73.281288888888895, 5.609038888888889 ] } },
{ "type": "Feature", "properties": { "URL": "https://github.com/rcfdtools/R.GISMobile/tree/main/file/gis/POI/51/IMG_2300.JPG", "Altitude": 2714.8247663551401, "GoogleMaps": "http://maps.google.com/maps?q=5.609080555555555,-73.2812111111111", "OSMaps": "https://www.openstreetmap.org/query?lat=5.609080555555555&lon=-73.2812111111111" }, "geometry": { "type": "Point", "coordinates": [ -73.281211111111105, 5.609080555555555 ] } },
{ "type": "Feature", "properties": { "URL": "https://github.com/rcfdtools/R.GISMobile/tree/main/file/gis/POI/51/IMG_2301.JPG", "Altitude": 2714.5197255574608, "GoogleMaps": "http://maps.google.com/maps?q=5.609055555555555,-73.28120555555556", "OSMaps": "https://www.openstreetmap.org/query?lat=5.609055555555555&lon=-73.28120555555556" }, "geometry": { "type": "Point", "coordinates": [ -73.281205555555559, 5.609055555555555 ] } },
{ "type": "Feature", "properties": { "URL": "https://github.com/rcfdtools/R.GISMobile/tree/main/file/gis/POI/51/IMG_2302.JPG", "Altitude": 2714.6902208201891, "GoogleMaps": "http://maps.google.com/maps?q=5.609052777777777,-73.28119722222222", "OSMaps": "https://www.openstreetmap.org/query?lat=5.609052777777777&lon=-73.28119722222222" }, "geometry": { "type": "Point", "coordinates": [ -73.281197222222218, 5.609052777777777 ] } },
{ "type": "Feature", "properties": { "URL": "https://github.com/rcfdtools/R.GISMobile/tree/main/file/gis/POI/51/PXL_20230402_133216883.jpg", "Altitude": 2754.0, "GoogleMaps": "http://maps.google.com/maps?q=5.4509694444444445,-73.4305138888889", "OSMaps": "https://www.openstreetmap.org/query?lat=5.4509694444444445&lon=-73.4305138888889" }, "geometry": { "type": "Point", "coordinates": [ -73.430513888888896, 5.450969444444445 ] } },
{ "type": "Feature", "properties": { "URL": "https://github.com/rcfdtools/R.GISMobile/tree/main/file/gis/POI/51/PXL_20230402_133222176.jpg", "Altitude": 2754.0, "GoogleMaps": "http://maps.google.com/maps?q=5.4509694444444445,-73.4305138888889", "OSMaps": "https://www.openstreetmap.org/query?lat=5.4509694444444445&lon=-73.4305138888889" }, "geometry": { "type": "Point", "coordinates": [ -73.430513888888896, 5.450969444444445 ] } },
{ "type": "Feature", "properties": { "URL": "https://github.com/rcfdtools/R.GISMobile/tree/main/file/gis/POI/51/PXL_20230402_133222176~2.jpg", "Altitude": 2754.0, "GoogleMaps": "http://maps.google.com/maps?q=5.4509694444444445,-73.4305138888889", "OSMaps": "https://www.openstreetmap.org/query?lat=5.4509694444444445&lon=-73.4305138888889" }, "geometry": { "type": "Point", "coordinates": [ -73.430513888888896, 5.450969444444445 ] } },
{ "type": "Feature", "properties": { "URL": "https://github.com/rcfdtools/R.GISMobile/tree/main/file/gis/POI/51/PXL_20230402_133309994.jpg", "Altitude": 2740.0, "GoogleMaps": "http://maps.google.com/maps?q=5.450936111111111,-73.43055277777778", "OSMaps": "https://www.openstreetmap.org/query?lat=5.450936111111111&lon=-73.43055277777778" }, "geometry": { "type": "Point", "coordinates": [ -73.430552777777777, 5.450936111111111 ] } },
{ "type": "Feature", "properties": { "URL": "https://github.com/rcfdtools/R.GISMobile/tree/main/file/gis/POI/51/PXL_20230402_133313948.jpg", "Altitude": 2740.0, "GoogleMaps": "http://maps.google.com/maps?q=5.450936111111111,-73.43055277777778", "OSMaps": "https://www.openstreetmap.org/query?lat=5.450936111111111&lon=-73.43055277777778" }, "geometry": { "type": "Point", "coordinates": [ -73.430552777777777, 5.450936111111111 ] } },
{ "type": "Feature", "properties": { "URL": "https://github.com/rcfdtools/R.GISMobile/tree/main/file/gis/POI/51/PXL_20230402_133319425.jpg", "Altitude": 2740.0, "GoogleMaps": "http://maps.google.com/maps?q=5.450936111111111,-73.43055277777778", "OSMaps": "https://www.openstreetmap.org/query?lat=5.450936111111111&lon=-73.43055277777778" }, "geometry": { "type": "Point", "coordinates": [ -73.430552777777777, 5.450936111111111 ] } },
{ "type": "Feature", "properties": { "URL": "https://github.com/rcfdtools/R.GISMobile/tree/main/file/gis/POI/51/PXL_20230402_133319425~2.jpg", "Altitude": 2740.0, "GoogleMaps": "http://maps.google.com/maps?q=5.450936111111111,-73.43055277777778", "OSMaps": "https://www.openstreetmap.org/query?lat=5.450936111111111&lon=-73.43055277777778" }, "geometry": { "type": "Point", "coordinates": [ -73.430552777777777, 5.450936111111111 ] } },
{ "type": "Feature", "properties": { "URL": "https://github.com/rcfdtools/R.GISMobile/tree/main/file/gis/POI/51/PXL_20230402_133444698.jpg", "Altitude": 2751.0, "GoogleMaps": "http://maps.google.com/maps?q=5.450688888888889,-73.43034722222222", "OSMaps": "https://www.openstreetmap.org/query?lat=5.450688888888889&lon=-73.43034722222222" }, "geometry": { "type": "Point", "coordinates": [ -73.430347222222224, 5.450688888888889 ] } },
{ "type": "Feature", "properties": { "URL": "https://github.com/rcfdtools/R.GISMobile/tree/main/file/gis/POI/51/PXL_20230402_133447795.jpg", "Altitude": 2751.0, "GoogleMaps": "http://maps.google.com/maps?q=5.450688888888889,-73.43034722222222", "OSMaps": "https://www.openstreetmap.org/query?lat=5.450688888888889&lon=-73.43034722222222" }, "geometry": { "type": "Point", "coordinates": [ -73.430347222222224, 5.450688888888889 ] } },
{ "type": "Feature", "properties": { "URL": "https://github.com/rcfdtools/R.GISMobile/tree/main/file/gis/POI/51/PXL_20230402_133456974.jpg", "Altitude": 2751.0, "GoogleMaps": "http://maps.google.com/maps?q=5.450688888888889,-73.43034722222222", "OSMaps": "https://www.openstreetmap.org/query?lat=5.450688888888889&lon=-73.43034722222222" }, "geometry": { "type": "Point", "coordinates": [ -73.430347222222224, 5.450688888888889 ] } },
{ "type": "Feature", "properties": { "URL": "https://github.com/rcfdtools/R.GISMobile/tree/main/file/gis/POI/51/PXL_20230402_133606074.jpg", "Altitude": 2774.0, "GoogleMaps": "http://maps.google.com/maps?q=5.450833333333334,-73.430075", "OSMaps": "https://www.openstreetmap.org/query?lat=5.450833333333334&lon=-73.430075" }, "geometry": { "type": "Point", "coordinates": [ -73.430075, 5.450833333333334 ] } },
{ "type": "Feature", "properties": { "URL": "https://github.com/rcfdtools/R.GISMobile/tree/main/file/gis/POI/51/PXL_20230402_133606074~2.jpg", "Altitude": 2774.0, "GoogleMaps": "http://maps.google.com/maps?q=5.450833333333334,-73.430075", "OSMaps": "https://www.openstreetmap.org/query?lat=5.450833333333334&lon=-73.430075" }, "geometry": { "type": "Point", "coordinates": [ -73.430075, 5.450833333333334 ] } },
{ "type": "Feature", "properties": { "URL": "https://github.com/rcfdtools/R.GISMobile/tree/main/file/gis/POI/51/PXL_20230402_133615197.jpg", "Altitude": 2774.0, "GoogleMaps": "http://maps.google.com/maps?q=5.450833333333334,-73.430075", "OSMaps": "https://www.openstreetmap.org/query?lat=5.450833333333334&lon=-73.430075" }, "geometry": { "type": "Point", "coordinates": [ -73.430075, 5.450833333333334 ] } },
{ "type": "Feature", "properties": { "URL": "https://github.com/rcfdtools/R.GISMobile/tree/main/file/gis/POI/51/PXL_20230402_133942725.MOTION-01.COVER.jpg", "Altitude": 2738.38, "GoogleMaps": "http://maps.google.com/maps?q=5.4503111111111116,-73.43053055555556", "OSMaps": "https://www.openstreetmap.org/query?lat=5.4503111111111116&lon=-73.43053055555556" }, "geometry": { "type": "Point", "coordinates": [ -73.430530555555563, 5.450311111111112 ] } },
{ "type": "Feature", "properties": { "URL": "https://github.com/rcfdtools/R.GISMobile/tree/main/file/gis/POI/51/PXL_20230402_133942725.MOTION-02.ORIGINAL.jpg", "Altitude": 2738.38, "GoogleMaps": "http://maps.google.com/maps?q=5.4503111111111116,-73.43053055555556", "OSMaps": "https://www.openstreetmap.org/query?lat=5.4503111111111116&lon=-73.43053055555556" }, "geometry": { "type": "Point", "coordinates": [ -73.430530555555563, 5.450311111111112 ] } },
{ "type": "Feature", "properties": { "URL": "https://github.com/rcfdtools/R.GISMobile/tree/main/file/gis/POI/51/PXL_20230402_133952500.jpg", "Altitude": 2738.38, "GoogleMaps": "http://maps.google.com/maps?q=5.4503111111111116,-73.43053055555556", "OSMaps": "https://www.openstreetmap.org/query?lat=5.4503111111111116&lon=-73.43053055555556" }, "geometry": { "type": "Point", "coordinates": [ -73.430530555555563, 5.450311111111112 ] } },
{ "type": "Feature", "properties": { "URL": "https://github.com/rcfdtools/R.GISMobile/tree/main/file/gis/POI/51/PXL_20230402_134446161.jpg", "Altitude": 2740.0, "GoogleMaps": "http://maps.google.com/maps?q=5.450511111111111,-73.43058888888889", "OSMaps": "https://www.openstreetmap.org/query?lat=5.450511111111111&lon=-73.43058888888889" }, "geometry": { "type": "Point", "coordinates": [ -73.430588888888892, 5.450511111111111 ] } },
{ "type": "Feature", "properties": { "URL": "https://github.com/rcfdtools/R.GISMobile/tree/main/file/gis/POI/51/PXL_20230402_155259246.jpg", "Altitude": 2740.0, "GoogleMaps": "http://maps.google.com/maps?q=5.608977777777778,-73.2812388888889", "OSMaps": "https://www.openstreetmap.org/query?lat=5.608977777777778&lon=-73.2812388888889" }, "geometry": { "type": "Point", "coordinates": [ -73.281238888888893, 5.608977777777778 ] } },
{ "type": "Feature", "properties": { "URL": "https://github.com/rcfdtools/R.GISMobile/tree/main/file/gis/POI/51/PXL_20230402_155305686.jpg", "Altitude": 2740.0, "GoogleMaps": "http://maps.google.com/maps?q=5.608977777777778,-73.2812388888889", "OSMaps": "https://www.openstreetmap.org/query?lat=5.608977777777778&lon=-73.2812388888889" }, "geometry": { "type": "Point", "coordinates": [ -73.281238888888893, 5.608977777777778 ] } },
{ "type": "Feature", "properties": { "URL": "https://github.com/rcfdtools/R.GISMobile/tree/main/file/gis/POI/51/PXL_20230402_155313576.jpg", "Altitude": 2740.0, "GoogleMaps": "http://maps.google.com/maps?q=5.608977777777778,-73.2812388888889", "OSMaps": "https://www.openstreetmap.org/query?lat=5.608977777777778&lon=-73.2812388888889" }, "geometry": { "type": "Point", "coordinates": [ -73.281238888888893, 5.608977777777778 ] } },
{ "type": "Feature", "properties": { "URL": "https://github.com/rcfdtools/R.GISMobile/tree/main/file/gis/POI/51/PXL_20230402_160042101.jpg", "Altitude": 2740.0, "GoogleMaps": "http://maps.google.com/maps?q=5.609299999999999,-73.28063055555556", "OSMaps": "https://www.openstreetmap.org/query?lat=5.609299999999999&lon=-73.28063055555556" }, "geometry": { "type": "Point", "coordinates": [ -73.280630555555561, 5.6093 ] } },
{ "type": "Feature", "properties": { "URL": "https://github.com/rcfdtools/R.GISMobile/tree/main/file/gis/POI/51/PXL_20230402_160057912.PORTRAIT.jpg", "Altitude": 2740.0, "GoogleMaps": "http://maps.google.com/maps?q=5.609299999999999,-73.28063055555556", "OSMaps": "https://www.openstreetmap.org/query?lat=5.609299999999999&lon=-73.28063055555556" }, "geometry": { "type": "Point", "coordinates": [ -73.280630555555561, 5.6093 ] } },
{ "type": "Feature", "properties": { "URL": "https://github.com/rcfdtools/R.GISMobile/tree/main/file/gis/POI/51/PXL_20230402_160057912.PORTRAIT~2.jpg", "Altitude": 2740.0, "GoogleMaps": "http://maps.google.com/maps?q=5.609299999999999,-73.28063055555556", "OSMaps": "https://www.openstreetmap.org/query?lat=5.609299999999999&lon=-73.28063055555556" }, "geometry": { "type": "Point", "coordinates": [ -73.280630555555561, 5.6093 ] } },
{ "type": "Feature", "properties": { "URL": "https://github.com/rcfdtools/R.GISMobile/tree/main/file/gis/POI/51/PXL_20230402_160057912.PORTRAIT~3.jpg", "Altitude": 2740.0, "GoogleMaps": "http://maps.google.com/maps?q=5.609299999999999,-73.28063055555556", "OSMaps": "https://www.openstreetmap.org/query?lat=5.609299999999999&lon=-73.28063055555556" }, "geometry": { "type": "Point", "coordinates": [ -73.280630555555561, 5.6093 ] } },
{ "type": "Feature", "properties": { "URL": "https://github.com/rcfdtools/R.GISMobile/tree/main/file/gis/POI/51/PXL_20230402_160106212.NIGHT.jpg", "Altitude": 2740.0, "GoogleMaps": "http://maps.google.com/maps?q=5.609299999999999,-73.28063055555556", "OSMaps": "https://www.openstreetmap.org/query?lat=5.609299999999999&lon=-73.28063055555556" }, "geometry": { "type": "Point", "coordinates": [ -73.280630555555561, 5.6093 ] } },
{ "type": "Feature", "properties": { "URL": "https://github.com/rcfdtools/R.GISMobile/tree/main/file/gis/POI/51/PXL_20230402_160121202.MP.jpg", "Altitude": 2740.0, "GoogleMaps": "http://maps.google.com/maps?q=5.609299999999999,-73.28063055555556", "OSMaps": "https://www.openstreetmap.org/query?lat=5.609299999999999&lon=-73.28063055555556" }, "geometry": { "type": "Point", "coordinates": [ -73.280630555555561, 5.6093 ] } },
{ "type": "Feature", "properties": { "URL": "https://github.com/rcfdtools/R.GISMobile/tree/main/file/gis/POI/51/PXL_20230402_160126802.jpg", "Altitude": 2740.0, "GoogleMaps": "http://maps.google.com/maps?q=5.609299999999999,-73.28063055555556", "OSMaps": "https://www.openstreetmap.org/query?lat=5.609299999999999&lon=-73.28063055555556" }, "geometry": { "type": "Point", "coordinates": [ -73.280630555555561, 5.6093 ] } },
{ "type": "Feature", "properties": { "URL": "https://github.com/rcfdtools/R.GISMobile/tree/main/file/gis/POI/51/PXL_20230402_160135161.MP.jpg", "Altitude": 2740.0, "GoogleMaps": "http://maps.google.com/maps?q=5.609299999999999,-73.28063055555556", "OSMaps": "https://www.openstreetmap.org/query?lat=5.609299999999999&lon=-73.28063055555556" }, "geometry": { "type": "Point", "coordinates": [ -73.280630555555561, 5.6093 ] } },
{ "type": "Feature", "properties": { "URL": "https://github.com/rcfdtools/R.GISMobile/tree/main/file/gis/POI/51/PXL_20230402_160140576.jpg", "Altitude": 2740.0, "GoogleMaps": "http://maps.google.com/maps?q=5.609299999999999,-73.28063055555556", "OSMaps": "https://www.openstreetmap.org/query?lat=5.609299999999999&lon=-73.28063055555556" }, "geometry": { "type": "Point", "coordinates": [ -73.280630555555561, 5.6093 ] } },
{ "type": "Feature", "properties": { "URL": "https://github.com/rcfdtools/R.GISMobile/tree/main/file/gis/POI/51/PXL_20230402_160149157.jpg", "Altitude": 2740.0, "GoogleMaps": "http://maps.google.com/maps?q=5.609299999999999,-73.28063055555556", "OSMaps": "https://www.openstreetmap.org/query?lat=5.609299999999999&lon=-73.28063055555556" }, "geometry": { "type": "Point", "coordinates": [ -73.280630555555561, 5.6093 ] } },
{ "type": "Feature", "properties": { "URL": "https://github.com/rcfdtools/R.GISMobile/tree/main/file/gis/POI/51/PXL_20230402_160235742.MP.jpg", "Altitude": 2732.0, "GoogleMaps": "http://maps.google.com/maps?q=5.60933611111111,-73.28053055555556", "OSMaps": "https://www.openstreetmap.org/query?lat=5.60933611111111&lon=-73.28053055555556" }, "geometry": { "type": "Point", "coordinates": [ -73.280530555555558, 5.60933611111111 ] } },
{ "type": "Feature", "properties": { "URL": "https://github.com/rcfdtools/R.GISMobile/tree/main/file/gis/POI/51/PXL_20230402_160235742_exported_666_1680467445375.jpg", "Altitude": 2732.0, "GoogleMaps": "http://maps.google.com/maps?q=5.609333333333333,-73.28053055555556", "OSMaps": "https://www.openstreetmap.org/query?lat=5.609333333333333&lon=-73.28053055555556" }, "geometry": { "type": "Point", "coordinates": [ -73.280530555555558, 5.609333333333333 ] } },
{ "type": "Feature", "properties": { "URL": "https://github.com/rcfdtools/R.GISMobile/tree/main/file/gis/POI/51/PXL_20230402_160258022.PORTRAIT.jpg", "Altitude": 2732.0, "GoogleMaps": "http://maps.google.com/maps?q=5.60933611111111,-73.28053055555556", "OSMaps": "https://www.openstreetmap.org/query?lat=5.60933611111111&lon=-73.28053055555556" }, "geometry": { "type": "Point", "coordinates": [ -73.280530555555558, 5.60933611111111 ] } },
{ "type": "Feature", "properties": { "URL": "https://github.com/rcfdtools/R.GISMobile/tree/main/file/gis/POI/51/PXL_20230402_160529960.jpg", "Altitude": 2748.0, "GoogleMaps": "http://maps.google.com/maps?q=5.6092861111111105,-73.28105833333333", "OSMaps": "https://www.openstreetmap.org/query?lat=5.6092861111111105&lon=-73.28105833333333" }, "geometry": { "type": "Point", "coordinates": [ -73.281058333333334, 5.609286111111111 ] } },
{ "type": "Feature", "properties": { "URL": "https://github.com/rcfdtools/R.GISMobile/tree/main/file/gis/POI/51/PXL_20230402_160541699.jpg", "Altitude": 2748.0, "GoogleMaps": "http://maps.google.com/maps?q=5.6092861111111105,-73.28105833333333", "OSMaps": "https://www.openstreetmap.org/query?lat=5.6092861111111105&lon=-73.28105833333333" }, "geometry": { "type": "Point", "coordinates": [ -73.281058333333334, 5.609286111111111 ] } },
{ "type": "Feature", "properties": { "URL": "https://github.com/rcfdtools/R.GISMobile/tree/main/file/gis/POI/51/PXL_20230402_160550477.jpg", "Altitude": 2748.0, "GoogleMaps": "http://maps.google.com/maps?q=5.6092861111111105,-73.28105833333333", "OSMaps": "https://www.openstreetmap.org/query?lat=5.6092861111111105&lon=-73.28105833333333" }, "geometry": { "type": "Point", "coordinates": [ -73.281058333333334, 5.609286111111111 ] } },
{ "type": "Feature", "properties": { "URL": "https://github.com/rcfdtools/R.GISMobile/tree/main/file/gis/POI/51/PXL_20230402_160826665.jpg", "Altitude": 2752.57, "GoogleMaps": "http://maps.google.com/maps?q=5.608899999999999,-73.281025", "OSMaps": "https://www.openstreetmap.org/query?lat=5.608899999999999&lon=-73.281025" }, "geometry": { "type": "Point", "coordinates": [ -73.281025, 5.6089 ] } },
{ "type": "Feature", "properties": { "URL": "https://github.com/rcfdtools/R.GISMobile/tree/main/file/gis/POI/51/PXL_20230402_161612734.jpg", "Altitude": 2757.0, "GoogleMaps": "http://maps.google.com/maps?q=5.609191666666666,-73.28128055555555", "OSMaps": "https://www.openstreetmap.org/query?lat=5.609191666666666&lon=-73.28128055555555" }, "geometry": { "type": "Point", "coordinates": [ -73.281280555555554, 5.609191666666666 ] } },
{ "type": "Feature", "properties": { "URL": "https://github.com/rcfdtools/R.GISMobile/tree/main/file/gis/POI/51/PXL_20230402_161618498.PORTRAIT.ORIGINAL.jpg", "Altitude": 2757.0, "GoogleMaps": "http://maps.google.com/maps?q=5.609191666666666,-73.28128055555555", "OSMaps": "https://www.openstreetmap.org/query?lat=5.609191666666666&lon=-73.28128055555555" }, "geometry": { "type": "Point", "coordinates": [ -73.281280555555554, 5.609191666666666 ] } },
{ "type": "Feature", "properties": { "URL": "https://github.com/rcfdtools/R.GISMobile/tree/main/file/gis/POI/51/PXL_20230402_161618498.PORTRAIT.ORIGINAL~2.jpg", "Altitude": 2757.0, "GoogleMaps": "http://maps.google.com/maps?q=5.609191666666666,-73.28128055555555", "OSMaps": "https://www.openstreetmap.org/query?lat=5.609191666666666&lon=-73.28128055555555" }, "geometry": { "type": "Point", "coordinates": [ -73.281280555555554, 5.609191666666666 ] } },
{ "type": "Feature", "properties": { "URL": "https://github.com/rcfdtools/R.GISMobile/tree/main/file/gis/POI/51/PXL_20230402_161701972.jpg", "Altitude": 2757.0, "GoogleMaps": "http://maps.google.com/maps?q=5.609191666666666,-73.28128055555555", "OSMaps": "https://www.openstreetmap.org/query?lat=5.609191666666666&lon=-73.28128055555555" }, "geometry": { "type": "Point", "coordinates": [ -73.281280555555554, 5.609191666666666 ] } },
{ "type": "Feature", "properties": { "URL": "https://github.com/rcfdtools/R.GISMobile/tree/main/file/gis/POI/51/PXL_20230402_161701972~2.jpg", "Altitude": 2757.0, "GoogleMaps": "http://maps.google.com/maps?q=5.609191666666666,-73.28128055555555", "OSMaps": "https://www.openstreetmap.org/query?lat=5.609191666666666&lon=-73.28128055555555" }, "geometry": { "type": "Point", "coordinates": [ -73.281280555555554, 5.609191666666666 ] } },
{ "type": "Feature", "properties": { "URL": "https://github.com/rcfdtools/R.GISMobile/tree/main/file/gis/POI/51/PXL_20230402_161707380.jpg", "Altitude": 2757.0, "GoogleMaps": "http://maps.google.com/maps?q=5.609191666666666,-73.28128055555555", "OSMaps": "https://www.openstreetmap.org/query?lat=5.609191666666666&lon=-73.28128055555555" }, "geometry": { "type": "Point", "coordinates": [ -73.281280555555554, 5.609191666666666 ] } },
{ "type": "Feature", "properties": { "URL": "https://github.com/rcfdtools/R.GISMobile/tree/main/file/gis/POI/51/PXL_20230402_161712289.jpg", "Altitude": 2757.0, "GoogleMaps": "http://maps.google.com/maps?q=5.609191666666666,-73.28128055555555", "OSMaps": "https://www.openstreetmap.org/query?lat=5.609191666666666&lon=-73.28128055555555" }, "geometry": { "type": "Point", "coordinates": [ -73.281280555555554, 5.609191666666666 ] } },
{ "type": "Feature", "properties": { "URL": "https://github.com/rcfdtools/R.GISMobile/tree/main/file/gis/POI/51/PXL_20230402_161849364.jpg", "Altitude": 2738.0, "GoogleMaps": "http://maps.google.com/maps?q=5.609097222222222,-73.28132777777778", "OSMaps": "https://www.openstreetmap.org/query?lat=5.609097222222222&lon=-73.28132777777778" }, "geometry": { "type": "Point", "coordinates": [ -73.281327777777776, 5.609097222222222 ] } },
{ "type": "Feature", "properties": { "URL": "https://github.com/rcfdtools/R.GISMobile/tree/main/file/gis/POI/51/PXL_20230402_161855971.jpg", "Altitude": 2738.0, "GoogleMaps": "http://maps.google.com/maps?q=5.609097222222222,-73.28132777777778", "OSMaps": "https://www.openstreetmap.org/query?lat=5.609097222222222&lon=-73.28132777777778" }, "geometry": { "type": "Point", "coordinates": [ -73.281327777777776, 5.609097222222222 ] } },
{ "type": "Feature", "properties": { "URL": "https://github.com/rcfdtools/R.GISMobile/tree/main/file/gis/POI/51/PXL_20230402_161901922.jpg", "Altitude": 2750.0, "GoogleMaps": "http://maps.google.com/maps?q=5.609102777777777,-73.281375", "OSMaps": "https://www.openstreetmap.org/query?lat=5.609102777777777&lon=-73.281375" }, "geometry": { "type": "Point", "coordinates": [ -73.281375, 5.609102777777777 ] } },
{ "type": "Feature", "properties": { "URL": "https://github.com/rcfdtools/R.GISMobile/tree/main/file/gis/POI/51/PXL_20230402_161913560.PORTRAIT.jpg", "Altitude": 2750.0, "GoogleMaps": "http://maps.google.com/maps?q=5.609102777777777,-73.281375", "OSMaps": "https://www.openstreetmap.org/query?lat=5.609102777777777&lon=-73.281375" }, "geometry": { "type": "Point", "coordinates": [ -73.281375, 5.609102777777777 ] } },
{ "type": "Feature", "properties": { "URL": "https://github.com/rcfdtools/R.GISMobile/tree/main/file/gis/POI/51/PXL_20230402_161922134.PORTRAIT.jpg", "Altitude": 2750.0, "GoogleMaps": "http://maps.google.com/maps?q=5.609102777777777,-73.281375", "OSMaps": "https://www.openstreetmap.org/query?lat=5.609102777777777&lon=-73.281375" }, "geometry": { "type": "Point", "coordinates": [ -73.281375, 5.609102777777777 ] } },
{ "type": "Feature", "properties": { "URL": "https://github.com/rcfdtools/R.GISMobile/tree/main/file/gis/POI/51/PXL_20230402_161928583.PORTRAIT.jpg", "Altitude": 2750.0, "GoogleMaps": "http://maps.google.com/maps?q=5.609102777777777,-73.281375", "OSMaps": "https://www.openstreetmap.org/query?lat=5.609102777777777&lon=-73.281375" }, "geometry": { "type": "Point", "coordinates": [ -73.281375, 5.609102777777777 ] } },
{ "type": "Feature", "properties": { "URL": "https://github.com/rcfdtools/R.GISMobile/tree/main/file/gis/POI/54/IMG_20160815_052808.jpg", "Altitude": 213.69, "GoogleMaps": "http://maps.google.com/maps?q=6.9245528,-71.8761984", "OSMaps": "https://www.openstreetmap.org/query?lat=6.9245528&lon=-71.8761984" }, "geometry": { "type": "Point", "coordinates": [ -71.8761984, 6.9245528 ] } },
{ "type": "Feature", "properties": { "URL": "https://github.com/rcfdtools/R.GISMobile/tree/main/file/gis/POI/54/IMG_20160815_052812.jpg", "Altitude": 232.4, "GoogleMaps": "http://maps.google.com/maps?q=6.9245528,-71.8761984", "OSMaps": "https://www.openstreetmap.org/query?lat=6.9245528&lon=-71.8761984" }, "geometry": { "type": "Point", "coordinates": [ -71.8761984, 6.9245528 ] } },
{ "type": "Feature", "properties": { "URL": "https://github.com/rcfdtools/R.GISMobile/tree/main/file/gis/POI/54/IMG_20160815_053541.jpg", "Altitude": 241.18, "GoogleMaps": "http://maps.google.com/maps?q=6.9347192,-71.8820864", "OSMaps": "https://www.openstreetmap.org/query?lat=6.9347192&lon=-71.8820864" }, "geometry": { "type": "Point", "coordinates": [ -71.8820864, 6.9347192 ] } },
{ "type": "Feature", "properties": { "URL": "https://github.com/rcfdtools/R.GISMobile/tree/main/file/gis/POI/54/IMG_20160815_053543.jpg", "Altitude": 241.18, "GoogleMaps": "http://maps.google.com/maps?q=6.9347192,-71.8820864", "OSMaps": "https://www.openstreetmap.org/query?lat=6.9347192&lon=-71.8820864" }, "geometry": { "type": "Point", "coordinates": [ -71.8820864, 6.9347192 ] } },
{ "type": "Feature", "properties": { "URL": "https://github.com/rcfdtools/R.GISMobile/tree/main/file/gis/POI/56/IMG_0300.jpg", "Altitude": 3558.7085828343315, "GoogleMaps": "http://maps.google.com/maps?q=39.59449444444445,-105.711425", "OSMaps": "https://www.openstreetmap.org/query?lat=39.59449444444445&lon=-105.711425" }, "geometry": { "type": "Point", "coordinates": [ -105.711425, 39.59449444444445 ] } },
{ "type": "Feature", "properties": { "URL": "https://github.com/rcfdtools/R.GISMobile/tree/main/file/gis/POI/56/IMG_0301.jpg", "Altitude": 3552.7691292875988, "GoogleMaps": "http://maps.google.com/maps?q=39.594458333333336,-105.7113638888889", "OSMaps": "https://www.openstreetmap.org/query?lat=39.594458333333336&lon=-105.7113638888889" }, "geometry": { "type": "Point", "coordinates": [ -105.711363888888897, 39.594458333333336 ] } },
{ "type": "Feature", "properties": { "URL": "https://github.com/rcfdtools/R.GISMobile/tree/main/file/gis/POI/56/IMG_0302.jpg", "Altitude": 3553.0638075313809, "GoogleMaps": "http://maps.google.com/maps?q=39.59446388888889,-105.7113638888889", "OSMaps": "https://www.openstreetmap.org/query?lat=39.59446388888889&lon=-105.7113638888889" }, "geometry": { "type": "Point", "coordinates": [ -105.711363888888897, 39.594463888888889 ] } },
{ "type": "Feature", "properties": { "URL": "https://github.com/rcfdtools/R.GISMobile/tree/main/file/gis/POI/56/IMG_0303.jpg", "Altitude": 3552.9017013232515, "GoogleMaps": "http://maps.google.com/maps?q=39.59446388888889,-105.71137222222222", "OSMaps": "https://www.openstreetmap.org/query?lat=39.59446388888889&lon=-105.71137222222222" }, "geometry": { "type": "Point", "coordinates": [ -105.711372222222224, 39.594463888888889 ] } },
{ "type": "Feature", "properties": { "URL": "https://github.com/rcfdtools/R.GISMobile/tree/main/file/gis/POI/56/IMG_0304.jpg", "Altitude": 3553.3316326530612, "GoogleMaps": "http://maps.google.com/maps?q=39.59446388888889,-105.71138055555556", "OSMaps": "https://www.openstreetmap.org/query?lat=39.59446388888889&lon=-105.71138055555556" }, "geometry": { "type": "Point", "coordinates": [ -105.711380555555564, 39.594463888888889 ] } },
{ "type": "Feature", "properties": { "URL": "https://github.com/rcfdtools/R.GISMobile/tree/main/file/gis/POI/56/IMG_0305.jpg", "Altitude": 3555.1549450549451, "GoogleMaps": "http://maps.google.com/maps?q=39.59447777777778,-105.71139444444445", "OSMaps": "https://www.openstreetmap.org/query?lat=39.59447777777778&lon=-105.71139444444445" }, "geometry": { "type": "Point", "coordinates": [ -105.711394444444437, 39.594477777777783 ] } },
{ "type": "Feature", "properties": { "URL": "https://github.com/rcfdtools/R.GISMobile/tree/main/file/gis/POI/56/IMG_0306.jpg", "Altitude": 3465.1421800947869, "GoogleMaps": "http://maps.google.com/maps?q=39.598125,-105.71015277777778", "OSMaps": "https://www.openstreetmap.org/query?lat=39.598125&lon=-105.71015277777778" }, "geometry": { "type": "Point", "coordinates": [ -105.710152777777779, 39.598125 ] } },
{ "type": "Feature", "properties": { "URL": "https://github.com/rcfdtools/R.GISMobile/tree/main/file/gis/POI/56/IMG_0307.jpg", "Altitude": 3527.1597542242703, "GoogleMaps": "http://maps.google.com/maps?q=39.598275,-105.70919166666667", "OSMaps": "https://www.openstreetmap.org/query?lat=39.598275&lon=-105.70919166666667" }, "geometry": { "type": "Point", "coordinates": [ -105.709191666666683, 39.598275 ] } },
{ "type": "Feature", "properties": { "URL": "https://github.com/rcfdtools/R.GISMobile/tree/main/file/gis/POI/56/IMG_0309.jpg", "Altitude": 3400.2105369807496, "GoogleMaps": "http://maps.google.com/maps?q=39.60559722222222,-105.71311111111112", "OSMaps": "https://www.openstreetmap.org/query?lat=39.60559722222222&lon=-105.71311111111112" }, "geometry": { "type": "Point", "coordinates": [ -105.713111111111118, 39.605597222222222 ] } },
{ "type": "Feature", "properties": { "URL": "https://github.com/rcfdtools/R.GISMobile/tree/main/file/gis/POI/56/IMG_0310.jpg", "Altitude": 3400.4219653179189, "GoogleMaps": "http://maps.google.com/maps?q=39.605583333333335,-105.71310555555556", "OSMaps": "https://www.openstreetmap.org/query?lat=39.605583333333335&lon=-105.71310555555556" }, "geometry": { "type": "Point", "coordinates": [ -105.713105555555558, 39.605583333333335 ] } },
{ "type": "Feature", "properties": { "URL": "https://github.com/rcfdtools/R.GISMobile/tree/main/file/gis/POI/56/IMG_0311.jpg", "Altitude": 3337.6023809523808, "GoogleMaps": "http://maps.google.com/maps?q=39.60924444444444,-105.71470000000001", "OSMaps": "https://www.openstreetmap.org/query?lat=39.60924444444444&lon=-105.71470000000001" }, "geometry": { "type": "Point", "coordinates": [ -105.7147, 39.609244444444442 ] } },
{ "type": "Feature", "properties": { "URL": "https://github.com/rcfdtools/R.GISMobile/tree/main/file/gis/POI/56/IMG_0312.jpg", "Altitude": 3327.048426150121, "GoogleMaps": "http://maps.google.com/maps?q=39.609547222222226,-105.71527222222223", "OSMaps": "https://www.openstreetmap.org/query?lat=39.609547222222226&lon=-105.71527222222223" }, "geometry": { "type": "Point", "coordinates": [ -105.715272222222239, 39.609547222222233 ] } },
{ "type": "Feature", "properties": { "URL": "https://github.com/rcfdtools/R.GISMobile/tree/main/file/gis/POI/56/IMG_0324.jpg", "Altitude": 3060.1685761047465, "GoogleMaps": "http://maps.google.com/maps?q=39.65655833333333,-105.70813055555556", "OSMaps": "https://www.openstreetmap.org/query?lat=39.65655833333333&lon=-105.70813055555556" }, "geometry": { "type": "Point", "coordinates": [ -105.708130555555556, 39.656558333333329 ] } },
{ "type": "Feature", "properties": { "URL": "https://github.com/rcfdtools/R.GISMobile/tree/main/file/gis/POI/56/IMG_0327.jpg", "Altitude": 3060.3450586264657, "GoogleMaps": "http://maps.google.com/maps?q=39.65646388888889,-105.70824444444445", "OSMaps": "https://www.openstreetmap.org/query?lat=39.65646388888889&lon=-105.70824444444445" }, "geometry": { "type": "Point", "coordinates": [ -105.708244444444446, 39.656463888888887 ] } },
{ "type": "Feature", "properties": { "URL": "https://github.com/rcfdtools/R.GISMobile/tree/main/file/gis/POI/56/IMG_0328.jpg", "Altitude": 3060.173669467787, "GoogleMaps": "http://maps.google.com/maps?q=39.656302777777775,-105.70835833333334", "OSMaps": "https://www.openstreetmap.org/query?lat=39.656302777777775&lon=-105.70835833333334" }, "geometry": { "type": "Point", "coordinates": [ -105.708358333333337, 39.656302777777775 ] } },
{ "type": "Feature", "properties": { "URL": "https://github.com/rcfdtools/R.GISMobile/tree/main/file/gis/POI/56/IMG_0329.jpg", "Altitude": 3063.5592841163311, "GoogleMaps": "http://maps.google.com/maps?q=39.65625277777777,-105.70836666666666", "OSMaps": "https://www.openstreetmap.org/query?lat=39.65625277777777&lon=-105.70836666666666" }, "geometry": { "type": "Point", "coordinates": [ -105.708366666666663, 39.656252777777773 ] } },
{ "type": "Feature", "properties": { "URL": "https://github.com/rcfdtools/R.GISMobile/tree/main/file/gis/POI/56/IMG_0330.jpg", "Altitude": 3062.475069252077, "GoogleMaps": "http://maps.google.com/maps?q=39.65623611111111,-105.70838888888889", "OSMaps": "https://www.openstreetmap.org/query?lat=39.65623611111111&lon=-105.70838888888889" }, "geometry": { "type": "Point", "coordinates": [ -105.708388888888877, 39.656236111111113 ] } },
{ "type": "Feature", "properties": { "URL": "https://github.com/rcfdtools/R.GISMobile/tree/main/file/gis/POI/56/IMG_0331.jpg", "Altitude": 3061.9221260815821, "GoogleMaps": "http://maps.google.com/maps?q=39.656216666666666,-105.70840555555556", "OSMaps": "https://www.openstreetmap.org/query?lat=39.656216666666666&lon=-105.70840555555556" }, "geometry": { "type": "Point", "coordinates": [ -105.708405555555558, 39.656216666666666 ] } },
{ "type": "Feature", "properties": { "URL": "https://github.com/rcfdtools/R.GISMobile/tree/main/file/gis/POI/56/IMG_0332.jpg", "Altitude": 3063.4445797807552, "GoogleMaps": "http://maps.google.com/maps?q=39.65616111111111,-105.70841111111112", "OSMaps": "https://www.openstreetmap.org/query?lat=39.65616111111111&lon=-105.70841111111112" }, "geometry": { "type": "Point", "coordinates": [ -105.708411111111118, 39.656161111111111 ] } },
{ "type": "Feature", "properties": { "URL": "https://github.com/rcfdtools/R.GISMobile/tree/main/file/gis/POI/56/IMG_0333.jpg", "Altitude": 3063.4611211573242, "GoogleMaps": "http://maps.google.com/maps?q=39.65616111111111,-105.70841111111112", "OSMaps": "https://www.openstreetmap.org/query?lat=39.65616111111111&lon=-105.70841111111112" }, "geometry": { "type": "Point", "coordinates": [ -105.708411111111118, 39.656161111111111 ] } },
{ "type": "Feature", "properties": { "URL": "https://github.com/rcfdtools/R.GISMobile/tree/main/file/gis/POI/56/IMG_0334.jpg", "Altitude": 3063.6924829157174, "GoogleMaps": "http://maps.google.com/maps?q=39.656166666666664,-105.70841111111112", "OSMaps": "https://www.openstreetmap.org/query?lat=39.656166666666664&lon=-105.70841111111112" }, "geometry": { "type": "Point", "coordinates": [ -105.708411111111118, 39.656166666666657 ] } },
{ "type": "Feature", "properties": { "URL": "https://github.com/rcfdtools/R.GISMobile/tree/main/file/gis/POI/56/IMG_0335.jpg", "Altitude": 3063.0402234636872, "GoogleMaps": "http://maps.google.com/maps?q=39.656216666666666,-105.70846666666667", "OSMaps": "https://www.openstreetmap.org/query?lat=39.656216666666666&lon=-105.70846666666667" }, "geometry": { "type": "Point", "coordinates": [ -105.708466666666681, 39.656216666666666 ] } },
{ "type": "Feature", "properties": { "URL": "https://github.com/rcfdtools/R.GISMobile/tree/main/file/gis/POI/56/IMG_0336.jpg", "Altitude": 3071.370936902485, "GoogleMaps": "http://maps.google.com/maps?q=39.65646388888889,-105.70830555555555", "OSMaps": "https://www.openstreetmap.org/query?lat=39.65646388888889&lon=-105.70830555555555" }, "geometry": { "type": "Point", "coordinates": [ -105.708305555555555, 39.656463888888887 ] } },
{ "type": "Feature", "properties": { "URL": "https://github.com/rcfdtools/R.GISMobile/tree/main/file/gis/POI/56/IMG_0338.jpg", "Altitude": 3056.6155660377358, "GoogleMaps": "http://maps.google.com/maps?q=39.66373333333333,-105.70581944444444", "OSMaps": "https://www.openstreetmap.org/query?lat=39.66373333333333&lon=-105.70581944444444" }, "geometry": { "type": "Point", "coordinates": [ -105.705819444444444, 39.663733333333333 ] } },
{ "type": "Feature", "properties": { "URL": "https://github.com/rcfdtools/R.GISMobile/tree/main/file/gis/POI/56/IMG_0341.jpg", "Altitude": 3024.8745980707395, "GoogleMaps": "http://maps.google.com/maps?q=39.67417222222222,-105.70565", "OSMaps": "https://www.openstreetmap.org/query?lat=39.67417222222222&lon=-105.70565" }, "geometry": { "type": "Point", "coordinates": [ -105.70565, 39.674172222222218 ] } },
{ "type": "Feature", "properties": { "URL": "https://github.com/rcfdtools/R.GISMobile/tree/main/file/gis/POI/56/IMG_0342.jpg", "Altitude": 3025.1392479435958, "GoogleMaps": "http://maps.google.com/maps?q=39.674255555555554,-105.70570277777779", "OSMaps": "https://www.openstreetmap.org/query?lat=39.674255555555554&lon=-105.70570277777779" }, "geometry": { "type": "Point", "coordinates": [ -105.705702777777802, 39.674255555555554 ] } },
{ "type": "Feature", "properties": { "URL": "https://github.com/rcfdtools/R.GISMobile/tree/main/file/gis/POI/56/IMG_0343.jpg", "Altitude": 3025.0120481927711, "GoogleMaps": "http://maps.google.com/maps?q=39.67446388888889,-105.70591111111112", "OSMaps": "https://www.openstreetmap.org/query?lat=39.67446388888889&lon=-105.70591111111112" }, "geometry": { "type": "Point", "coordinates": [ -105.705911111111121, 39.674463888888887 ] } },
{ "type": "Feature", "properties": { "URL": "https://github.com/rcfdtools/R.GISMobile/tree/main/file/gis/POI/56/IMG_0344.jpg", "Altitude": 3025.5245009074411, "GoogleMaps": "http://maps.google.com/maps?q=39.67468888888889,-105.70605555555557", "OSMaps": "https://www.openstreetmap.org/query?lat=39.67468888888889&lon=-105.70605555555557" }, "geometry": { "type": "Point", "coordinates": [ -105.706055555555565, 39.674688888888888 ] } },
{ "type": "Feature", "properties": { "URL": "https://github.com/rcfdtools/R.GISMobile/tree/main/file/gis/POI/56/IMG_0345.jpg", "Altitude": 3025.9439421338161, "GoogleMaps": "http://maps.google.com/maps?q=39.67511666666667,-105.70616111111111", "OSMaps": "https://www.openstreetmap.org/query?lat=39.67511666666667&lon=-105.70616111111111" }, "geometry": { "type": "Point", "coordinates": [ -105.706161111111115, 39.675116666666668 ] } },
{ "type": "Feature", "properties": { "URL": "https://github.com/rcfdtools/R.GISMobile/tree/main/file/gis/POI/56/IMG_0346.jpg", "Altitude": 3025.0938461538462, "GoogleMaps": "http://maps.google.com/maps?q=39.67605555555555,-105.70590277777778", "OSMaps": "https://www.openstreetmap.org/query?lat=39.67605555555555&lon=-105.70590277777778" }, "geometry": { "type": "Point", "coordinates": [ -105.70590277777778, 39.67605555555555 ] } },
{ "type": "Feature", "properties": { "URL": "https://github.com/rcfdtools/R.GISMobile/tree/main/file/gis/POI/56/IMG_0347.jpg", "Altitude": 2961.8984547461368, "GoogleMaps": "http://maps.google.com/maps?q=39.67635277777777,-105.69924166666667", "OSMaps": "https://www.openstreetmap.org/query?lat=39.67635277777777&lon=-105.69924166666667" }, "geometry": { "type": "Point", "coordinates": [ -105.69924166666668, 39.676352777777772 ] } },
{ "type": "Feature", "properties": { "URL": "https://github.com/rcfdtools/R.GISMobile/tree/main/file/gis/POI/56/IMG_0349.jpg", "Altitude": 2964.6447931526391, "GoogleMaps": "http://maps.google.com/maps?q=39.676405555555554,-105.69916666666667", "OSMaps": "https://www.openstreetmap.org/query?lat=39.676405555555554&lon=-105.69916666666667" }, "geometry": { "type": "Point", "coordinates": [ -105.699166666666684, 39.676405555555554 ] } },
{ "type": "Feature", "properties": { "URL": "https://github.com/rcfdtools/R.GISMobile/tree/main/file/gis/POI/56/IMG_0350.jpg", "Altitude": 2965.0771653543302, "GoogleMaps": "http://maps.google.com/maps?q=39.676405555555554,-105.69917222222223", "OSMaps": "https://www.openstreetmap.org/query?lat=39.676405555555554&lon=-105.69917222222223" }, "geometry": { "type": "Point", "coordinates": [ -105.699172222222245, 39.676405555555554 ] } },
{ "type": "Feature", "properties": { "URL": "https://github.com/rcfdtools/R.GISMobile/tree/main/file/gis/POI/56/IMG_0351.jpg", "Altitude": 2947.4424703891709, "GoogleMaps": "http://maps.google.com/maps?q=39.680875,-105.70266666666667", "OSMaps": "https://www.openstreetmap.org/query?lat=39.680875&lon=-105.70266666666667" }, "geometry": { "type": "Point", "coordinates": [ -105.702666666666687, 39.680875 ] } },
{ "type": "Feature", "properties": { "URL": "https://github.com/rcfdtools/R.GISMobile/tree/main/file/gis/POI/56/IMG_0352.jpg", "Altitude": 2929.2156626506026, "GoogleMaps": "http://maps.google.com/maps?q=39.68092222222222,-105.70263611111112", "OSMaps": "https://www.openstreetmap.org/query?lat=39.68092222222222&lon=-105.70263611111112" }, "geometry": { "type": "Point", "coordinates": [ -105.702636111111119, 39.680922222222222 ] } },
{ "type": "Feature", "properties": { "URL": "https://github.com/rcfdtools/R.GISMobile/tree/main/file/gis/POI/56/IMG_0353.jpg", "Altitude": 2815.032, "GoogleMaps": "http://maps.google.com/maps?q=39.69200555555555,-105.69811944444444", "OSMaps": "https://www.openstreetmap.org/query?lat=39.69200555555555&lon=-105.69811944444444" }, "geometry": { "type": "Point", "coordinates": [ -105.698119444444444, 39.692005555555554 ] } },
{ "type": "Feature", "properties": { "URL": "https://github.com/rcfdtools/R.GISMobile/tree/main/file/gis/POI/56/IMG_0354.jpg", "Altitude": 2815.1140307387209, "GoogleMaps": "http://maps.google.com/maps?q=39.69200833333333,-105.69810555555556", "OSMaps": "https://www.openstreetmap.org/query?lat=39.69200833333333&lon=-105.69810555555556" }, "geometry": { "type": "Point", "coordinates": [ -105.698105555555557, 39.692008333333327 ] } },
{ "type": "Feature", "properties": { "URL": "https://github.com/rcfdtools/R.GISMobile/tree/main/file/gis/POI/56/IMG_0355.jpg", "Altitude": 2814.7138849929875, "GoogleMaps": "http://maps.google.com/maps?q=39.69201666666666,-105.69810555555556", "OSMaps": "https://www.openstreetmap.org/query?lat=39.69201666666666&lon=-105.69810555555556" }, "geometry": { "type": "Point", "coordinates": [ -105.698105555555557, 39.69201666666666 ] } },
{ "type": "Feature", "properties": { "URL": "https://github.com/rcfdtools/R.GISMobile/tree/main/file/gis/POI/56/IMG_0356.jpg", "Altitude": 2813.6538255751739, "GoogleMaps": "http://maps.google.com/maps?q=39.692119444444444,-105.69802777777778", "OSMaps": "https://www.openstreetmap.org/query?lat=39.692119444444444&lon=-105.69802777777778" }, "geometry": { "type": "Point", "coordinates": [ -105.698027777777781, 39.692119444444451 ] } },
{ "type": "Feature", "properties": { "URL": "https://github.com/rcfdtools/R.GISMobile/tree/main/file/gis/POI/56/IMG_0357.jpg", "Altitude": 2810.8655834564256, "GoogleMaps": "http://maps.google.com/maps?q=39.692161111111105,-105.69792222222223", "OSMaps": "https://www.openstreetmap.org/query?lat=39.692161111111105&lon=-105.69792222222223" }, "geometry": { "type": "Point", "coordinates": [ -105.697922222222246, 39.692161111111112 ] } },
{ "type": "Feature", "properties": { "URL": "https://github.com/rcfdtools/R.GISMobile/tree/main/file/gis/POI/56/IMG_0359.jpg", "Altitude": 2812.3008658008657, "GoogleMaps": "http://maps.google.com/maps?q=39.69216944444444,-105.69793055555556", "OSMaps": "https://www.openstreetmap.org/query?lat=39.69216944444444&lon=-105.69793055555556" }, "geometry": { "type": "Point", "coordinates": [ -105.697930555555558, 39.692169444444438 ] } },
{ "type": "Feature", "properties": { "URL": "https://github.com/rcfdtools/R.GISMobile/tree/main/file/gis/POI/56/IMG_0360.jpg", "Altitude": 2812.3923841059604, "GoogleMaps": "http://maps.google.com/maps?q=39.692161111111105,-105.69792222222223", "OSMaps": "https://www.openstreetmap.org/query?lat=39.692161111111105&lon=-105.69792222222223" }, "geometry": { "type": "Point", "coordinates": [ -105.697922222222246, 39.692161111111112 ] } },
{ "type": "Feature", "properties": { "URL": "https://github.com/rcfdtools/R.GISMobile/tree/main/file/gis/POI/56/IMG_0363.jpg", "Altitude": 2809.9016282225239, "GoogleMaps": "http://maps.google.com/maps?q=39.69210555555555,-105.69800555555555", "OSMaps": "https://www.openstreetmap.org/query?lat=39.69210555555555&lon=-105.69800555555555" }, "geometry": { "type": "Point", "coordinates": [ -105.698005555555554, 39.69210555555555 ] } },
{ "type": "Feature", "properties": { "URL": "https://github.com/rcfdtools/R.GISMobile/tree/main/file/gis/POI/56/IMG_0364.jpg", "Altitude": 2815.0398126463701, "GoogleMaps": "http://maps.google.com/maps?q=39.69196944444444,-105.69812777777778", "OSMaps": "https://www.openstreetmap.org/query?lat=39.69196944444444&lon=-105.69812777777778" }, "geometry": { "type": "Point", "coordinates": [ -105.698127777777785, 39.691969444444439 ] } },
{ "type": "Feature", "properties": { "URL": "https://github.com/rcfdtools/R.GISMobile/tree/main/file/gis/POI/56/IMG_0365.jpg", "Altitude": 2665.5844504021447, "GoogleMaps": "http://maps.google.com/maps?q=39.70271666666667,-105.6960138888889", "OSMaps": "https://www.openstreetmap.org/query?lat=39.70271666666667&lon=-105.6960138888889" }, "geometry": { "type": "Point", "coordinates": [ -105.696013888888899, 39.702716666666667 ] } },
{ "type": "Feature", "properties": { "URL": "https://github.com/rcfdtools/R.GISMobile/tree/main/file/gis/POI/56/IMG_0366.jpg", "Altitude": 2664.7148194271481, "GoogleMaps": "http://maps.google.com/maps?q=39.70270555555556,-105.69604444444445", "OSMaps": "https://www.openstreetmap.org/query?lat=39.70270555555556&lon=-105.69604444444445" }, "geometry": { "type": "Point", "coordinates": [ -105.696044444444439, 39.702705555555561 ] } },
{ "type": "Feature", "properties": { "URL": "https://github.com/rcfdtools/R.GISMobile/tree/main/file/gis/POI/56/IMG_0367.jpg", "Altitude": 2665.1518324607332, "GoogleMaps": "http://maps.google.com/maps?q=39.70269722222223,-105.69606666666667", "OSMaps": "https://www.openstreetmap.org/query?lat=39.70269722222223&lon=-105.69606666666667" }, "geometry": { "type": "Point", "coordinates": [ -105.696066666666681, 39.702697222222227 ] } },
{ "type": "Feature", "properties": { "URL": "https://github.com/rcfdtools/R.GISMobile/tree/main/file/gis/POI/56/IMG_20250614_144223990.jpg", "Altitude": 3535.0, "GoogleMaps": "http://maps.google.com/maps?q=39.594440444444444,-105.71134183333334", "OSMaps": "https://www.openstreetmap.org/query?lat=39.594440444444444&lon=-105.71134183333334" }, "geometry": { "type": "Point", "coordinates": [ -105.711341833333336, 39.594440444444452 ] } },
{ "type": "Feature", "properties": { "URL": "https://github.com/rcfdtools/R.GISMobile/tree/main/file/gis/POI/56/IMG_20250614_144234902.jpg", "Altitude": 3535.0, "GoogleMaps": "http://maps.google.com/maps?q=39.594440444444444,-105.71134183333334", "OSMaps": "https://www.openstreetmap.org/query?lat=39.594440444444444&lon=-105.71134183333334" }, "geometry": { "type": "Point", "coordinates": [ -105.711341833333336, 39.594440444444452 ] } },
{ "type": "Feature", "properties": { "URL": "https://github.com/rcfdtools/R.GISMobile/tree/main/file/gis/POI/56/IMG_20250630_114156912.jpg", "Altitude": 1647.0, "GoogleMaps": "http://maps.google.com/maps?q=39.60787580555556,-104.99674986111111", "OSMaps": "https://www.openstreetmap.org/query?lat=39.60787580555556&lon=-104.99674986111111" }, "geometry": { "type": "Point", "coordinates": [ -104.996749861111127, 39.607875805555558 ] } },
{ "type": "Feature", "properties": { "URL": "https://github.com/rcfdtools/R.GISMobile/tree/main/file/gis/POI/56/IMG_20250630_114214335.jpg", "Altitude": 1647.0, "GoogleMaps": "http://maps.google.com/maps?q=39.60787580555556,-104.99674986111111", "OSMaps": "https://www.openstreetmap.org/query?lat=39.60787580555556&lon=-104.99674986111111" }, "geometry": { "type": "Point", "coordinates": [ -104.996749861111127, 39.607875805555558 ] } },
{ "type": "Feature", "properties": { "URL": "https://github.com/rcfdtools/R.GISMobile/tree/main/file/gis/POI/56/IMG_20250704_210929444.jpg", "Altitude": 1603.0, "GoogleMaps": "http://maps.google.com/maps?q=39.62263869444445,-105.01786038888889", "OSMaps": "https://www.openstreetmap.org/query?lat=39.62263869444445&lon=-105.01786038888889" }, "geometry": { "type": "Point", "coordinates": [ -105.017860388888877, 39.622638694444447 ] } },
{ "type": "Feature", "properties": { "URL": "https://github.com/rcfdtools/R.GISMobile/tree/main/file/gis/POI/56/IMG_20250704_211443012.jpg", "Altitude": 1603.0, "GoogleMaps": "http://maps.google.com/maps?q=39.62263869444445,-105.01788327777777", "OSMaps": "https://www.openstreetmap.org/query?lat=39.62263869444445&lon=-105.01788327777777" }, "geometry": { "type": "Point", "coordinates": [ -105.017883277777756, 39.622638694444447 ] } },
{ "type": "Feature", "properties": { "URL": "https://github.com/rcfdtools/R.GISMobile/tree/main/file/gis/POI/56/IMG_20250704_211938743.jpg", "Altitude": 1603.0, "GoogleMaps": "http://maps.google.com/maps?q=39.622615805555554,-105.01791380555555", "OSMaps": "https://www.openstreetmap.org/query?lat=39.622615805555554&lon=-105.01791380555555" }, "geometry": { "type": "Point", "coordinates": [ -105.017913805555565, 39.622615805555554 ] } },
{ "type": "Feature", "properties": { "URL": "https://github.com/rcfdtools/R.GISMobile/tree/main/file/gis/POI/56/IMG_20250704_211940392.jpg", "Altitude": 1603.0, "GoogleMaps": "http://maps.google.com/maps?q=39.622615805555554,-105.01791380555555", "OSMaps": "https://www.openstreetmap.org/query?lat=39.622615805555554&lon=-105.01791380555555" }, "geometry": { "type": "Point", "coordinates": [ -105.017913805555565, 39.622615805555554 ] } },
{ "type": "Feature", "properties": { "URL": "https://github.com/rcfdtools/R.GISMobile/tree/main/file/gis/POI/57/PXL_20230524_105711848.MP.jpg", "Altitude": 2616.0, "GoogleMaps": "http://maps.google.com/maps?q=5.024772222222222,-73.99793333333334", "OSMaps": "https://www.openstreetmap.org/query?lat=5.024772222222222&lon=-73.99793333333334" }, "geometry": { "type": "Point", "coordinates": [ -73.997933333333336, 5.024772222222222 ] } },
{ "type": "Feature", "properties": { "URL": "https://github.com/rcfdtools/R.GISMobile/tree/main/file/gis/POI/57/PXL_20230524_110200599.MP.jpg", "Altitude": 2631.0, "GoogleMaps": "http://maps.google.com/maps?q=5.022322222222222,-74.00104444444445", "OSMaps": "https://www.openstreetmap.org/query?lat=5.022322222222222&lon=-74.00104444444445" }, "geometry": { "type": "Point", "coordinates": [ -74.001044444444446, 5.022322222222222 ] } },
{ "type": "Feature", "properties": { "URL": "https://github.com/rcfdtools/R.GISMobile/tree/main/file/gis/POI/57/PXL_20230524_110240979.MP.jpg", "Altitude": 2631.0, "GoogleMaps": "http://maps.google.com/maps?q=5.022322222222222,-74.00104444444445", "OSMaps": "https://www.openstreetmap.org/query?lat=5.022322222222222&lon=-74.00104444444445" }, "geometry": { "type": "Point", "coordinates": [ -74.001044444444446, 5.022322222222222 ] } },
{ "type": "Feature", "properties": { "URL": "https://github.com/rcfdtools/R.GISMobile/tree/main/file/gis/POI/57/PXL_20230524_110435873.MP.jpg", "Altitude": 2631.0, "GoogleMaps": "http://maps.google.com/maps?q=5.022322222222222,-74.00104444444445", "OSMaps": "https://www.openstreetmap.org/query?lat=5.022322222222222&lon=-74.00104444444445" }, "geometry": { "type": "Point", "coordinates": [ -74.001044444444446, 5.022322222222222 ] } },
{ "type": "Feature", "properties": { "URL": "https://github.com/rcfdtools/R.GISMobile/tree/main/file/gis/POI/57/PXL_20230524_110505135.jpg", "Altitude": 2641.0, "GoogleMaps": "http://maps.google.com/maps?q=5.0232833333333335,-74.003275", "OSMaps": "https://www.openstreetmap.org/query?lat=5.0232833333333335&lon=-74.003275" }, "geometry": { "type": "Point", "coordinates": [ -74.003275, 5.023283333333334 ] } },
{ "type": "Feature", "properties": { "URL": "https://github.com/rcfdtools/R.GISMobile/tree/main/file/gis/POI/57/PXL_20230524_110509190.MP.jpg", "Altitude": 2641.0, "GoogleMaps": "http://maps.google.com/maps?q=5.0232833333333335,-74.003275", "OSMaps": "https://www.openstreetmap.org/query?lat=5.0232833333333335&lon=-74.003275" }, "geometry": { "type": "Point", "coordinates": [ -74.003275, 5.023283333333334 ] } },
{ "type": "Feature", "properties": { "URL": "https://github.com/rcfdtools/R.GISMobile/tree/main/file/gis/POI/57/PXL_20230524_110510992.jpg", "Altitude": 2641.0, "GoogleMaps": "http://maps.google.com/maps?q=5.0232833333333335,-74.003275", "OSMaps": "https://www.openstreetmap.org/query?lat=5.0232833333333335&lon=-74.003275" }, "geometry": { "type": "Point", "coordinates": [ -74.003275, 5.023283333333334 ] } },
{ "type": "Feature", "properties": { "URL": "https://github.com/rcfdtools/R.GISMobile/tree/main/file/gis/POI/57/PXL_20230524_110520688.jpg", "Altitude": 2641.0, "GoogleMaps": "http://maps.google.com/maps?q=5.0232833333333335,-74.003275", "OSMaps": "https://www.openstreetmap.org/query?lat=5.0232833333333335&lon=-74.003275" }, "geometry": { "type": "Point", "coordinates": [ -74.003275, 5.023283333333334 ] } },
{ "type": "Feature", "properties": { "URL": "https://github.com/rcfdtools/R.GISMobile/tree/main/file/gis/POI/57/PXL_20230524_110949173.jpg", "Altitude": 2641.0, "GoogleMaps": "http://maps.google.com/maps?q=5.0232833333333335,-74.003275", "OSMaps": "https://www.openstreetmap.org/query?lat=5.0232833333333335&lon=-74.003275" }, "geometry": { "type": "Point", "coordinates": [ -74.003275, 5.023283333333334 ] } },
{ "type": "Feature", "properties": { "URL": "https://github.com/rcfdtools/R.GISMobile/tree/main/file/gis/POI/57/PXL_20230524_110952360.MP.jpg", "Altitude": 2646.0, "GoogleMaps": "http://maps.google.com/maps?q=5.021772222222222,-74.0067", "OSMaps": "https://www.openstreetmap.org/query?lat=5.021772222222222&lon=-74.0067" }, "geometry": { "type": "Point", "coordinates": [ -74.0067, 5.021772222222222 ] } },
{ "type": "Feature", "properties": { "URL": "https://github.com/rcfdtools/R.GISMobile/tree/main/file/gis/POI/57/PXL_20230524_111152644.MP.jpg", "Altitude": 2659.0, "GoogleMaps": "http://maps.google.com/maps?q=5.021191666666667,-74.00790833333333", "OSMaps": "https://www.openstreetmap.org/query?lat=5.021191666666667&lon=-74.00790833333333" }, "geometry": { "type": "Point", "coordinates": [ -74.007908333333333, 5.021191666666667 ] } },
{ "type": "Feature", "properties": { "URL": "https://github.com/rcfdtools/R.GISMobile/tree/main/file/gis/POI/57/PXL_20230524_111411884.jpg", "Altitude": 2659.0, "GoogleMaps": "http://maps.google.com/maps?q=5.021191666666667,-74.00790833333333", "OSMaps": "https://www.openstreetmap.org/query?lat=5.021191666666667&lon=-74.00790833333333" }, "geometry": { "type": "Point", "coordinates": [ -74.007908333333333, 5.021191666666667 ] } },
{ "type": "Feature", "properties": { "URL": "https://github.com/rcfdtools/R.GISMobile/tree/main/file/gis/POI/57/PXL_20230524_111541632.jpg", "Altitude": 2675.0, "GoogleMaps": "http://maps.google.com/maps?q=5.021216666666667,-74.00920555555555", "OSMaps": "https://www.openstreetmap.org/query?lat=5.021216666666667&lon=-74.00920555555555" }, "geometry": { "type": "Point", "coordinates": [ -74.009205555555553, 5.021216666666667 ] } },
{ "type": "Feature", "properties": { "URL": "https://github.com/rcfdtools/R.GISMobile/tree/main/file/gis/POI/57/PXL_20230524_111549838.jpg", "Altitude": 2693.74, "GoogleMaps": "http://maps.google.com/maps?q=5.020033333333333,-74.00894166666667", "OSMaps": "https://www.openstreetmap.org/query?lat=5.020033333333333&lon=-74.00894166666667" }, "geometry": { "type": "Point", "coordinates": [ -74.008941666666672, 5.020033333333333 ] } },
{ "type": "Feature", "properties": { "URL": "https://github.com/rcfdtools/R.GISMobile/tree/main/file/gis/POI/57/PXL_20230524_111816070.jpg", "Altitude": 2693.74, "GoogleMaps": "http://maps.google.com/maps?q=5.020033333333333,-74.00894166666667", "OSMaps": "https://www.openstreetmap.org/query?lat=5.020033333333333&lon=-74.00894166666667" }, "geometry": { "type": "Point", "coordinates": [ -74.008941666666672, 5.020033333333333 ] } },
{ "type": "Feature", "properties": { "URL": "https://github.com/rcfdtools/R.GISMobile/tree/main/file/gis/POI/57/PXL_20230524_111857946.jpg", "Altitude": 2717.85, "GoogleMaps": "http://maps.google.com/maps?q=5.020986111111111,-74.01075", "OSMaps": "https://www.openstreetmap.org/query?lat=5.020986111111111&lon=-74.01075" }, "geometry": { "type": "Point", "coordinates": [ -74.01075, 5.020986111111111 ] } },
{ "type": "Feature", "properties": { "URL": "https://github.com/rcfdtools/R.GISMobile/tree/main/file/gis/POI/57/PXL_20230524_111901064.jpg", "Altitude": 2717.85, "GoogleMaps": "http://maps.google.com/maps?q=5.020986111111111,-74.01075", "OSMaps": "https://www.openstreetmap.org/query?lat=5.020986111111111&lon=-74.01075" }, "geometry": { "type": "Point", "coordinates": [ -74.01075, 5.020986111111111 ] } },
{ "type": "Feature", "properties": { "URL": "https://github.com/rcfdtools/R.GISMobile/tree/main/file/gis/POI/57/PXL_20230524_111904908.jpg", "Altitude": 2717.85, "GoogleMaps": "http://maps.google.com/maps?q=5.020986111111111,-74.01075", "OSMaps": "https://www.openstreetmap.org/query?lat=5.020986111111111&lon=-74.01075" }, "geometry": { "type": "Point", "coordinates": [ -74.01075, 5.020986111111111 ] } },
{ "type": "Feature", "properties": { "URL": "https://github.com/rcfdtools/R.GISMobile/tree/main/file/gis/POI/57/PXL_20230524_111932081.jpg", "Altitude": 2717.85, "GoogleMaps": "http://maps.google.com/maps?q=5.020986111111111,-74.01075", "OSMaps": "https://www.openstreetmap.org/query?lat=5.020986111111111&lon=-74.01075" }, "geometry": { "type": "Point", "coordinates": [ -74.01075, 5.020986111111111 ] } },
{ "type": "Feature", "properties": { "URL": "https://github.com/rcfdtools/R.GISMobile/tree/main/file/gis/POI/57/PXL_20230524_112053810.MP.jpg", "Altitude": 2717.85, "GoogleMaps": "http://maps.google.com/maps?q=5.020986111111111,-74.01075", "OSMaps": "https://www.openstreetmap.org/query?lat=5.020986111111111&lon=-74.01075" }, "geometry": { "type": "Point", "coordinates": [ -74.01075, 5.020986111111111 ] } },
{ "type": "Feature", "properties": { "URL": "https://github.com/rcfdtools/R.GISMobile/tree/main/file/gis/POI/57/PXL_20230524_112407714.MP.jpg", "Altitude": 2724.0, "GoogleMaps": "http://maps.google.com/maps?q=5.022591666666667,-74.01085833333333", "OSMaps": "https://www.openstreetmap.org/query?lat=5.022591666666667&lon=-74.01085833333333" }, "geometry": { "type": "Point", "coordinates": [ -74.010858333333331, 5.022591666666667 ] } },
{ "type": "Feature", "properties": { "URL": "https://github.com/rcfdtools/R.GISMobile/tree/main/file/gis/POI/57/PXL_20230524_112705994.jpg", "Altitude": 2796.0, "GoogleMaps": "http://maps.google.com/maps?q=5.023783333333333,-74.01359444444445", "OSMaps": "https://www.openstreetmap.org/query?lat=5.023783333333333&lon=-74.01359444444445" }, "geometry": { "type": "Point", "coordinates": [ -74.01359444444445, 5.023783333333333 ] } },
{ "type": "Feature", "properties": { "URL": "https://github.com/rcfdtools/R.GISMobile/tree/main/file/gis/POI/57/PXL_20230524_112715625.MP.jpg", "Altitude": 2796.0, "GoogleMaps": "http://maps.google.com/maps?q=5.023783333333333,-74.01359444444445", "OSMaps": "https://www.openstreetmap.org/query?lat=5.023783333333333&lon=-74.01359444444445" }, "geometry": { "type": "Point", "coordinates": [ -74.01359444444445, 5.023783333333333 ] } },
{ "type": "Feature", "properties": { "URL": "https://github.com/rcfdtools/R.GISMobile/tree/main/file/gis/POI/57/PXL_20230524_112837177.MP.jpg", "Altitude": 2803.12, "GoogleMaps": "http://maps.google.com/maps?q=5.024311111111111,-74.01452777777777", "OSMaps": "https://www.openstreetmap.org/query?lat=5.024311111111111&lon=-74.01452777777777" }, "geometry": { "type": "Point", "coordinates": [ -74.014527777777772, 5.024311111111111 ] } },
{ "type": "Feature", "properties": { "URL": "https://github.com/rcfdtools/R.GISMobile/tree/main/file/gis/POI/57/PXL_20230524_113439130.jpg", "Altitude": 2858.1, "GoogleMaps": "http://maps.google.com/maps?q=5.025158333333334,-74.01851388888889", "OSMaps": "https://www.openstreetmap.org/query?lat=5.025158333333334&lon=-74.01851388888889" }, "geometry": { "type": "Point", "coordinates": [ -74.01851388888889, 5.025158333333334 ] } },
{ "type": "Feature", "properties": { "URL": "https://github.com/rcfdtools/R.GISMobile/tree/main/file/gis/POI/57/PXL_20230524_113442639.jpg", "Altitude": 2858.1, "GoogleMaps": "http://maps.google.com/maps?q=5.025158333333334,-74.01851388888889", "OSMaps": "https://www.openstreetmap.org/query?lat=5.025158333333334&lon=-74.01851388888889" }, "geometry": { "type": "Point", "coordinates": [ -74.01851388888889, 5.025158333333334 ] } },
{ "type": "Feature", "properties": { "URL": "https://github.com/rcfdtools/R.GISMobile/tree/main/file/gis/POI/57/PXL_20230524_115603979.jpg", "Altitude": 2858.1, "GoogleMaps": "http://maps.google.com/maps?q=5.0233888888888885,-74.00443333333334", "OSMaps": "https://www.openstreetmap.org/query?lat=5.0233888888888885&lon=-74.00443333333334" }, "geometry": { "type": "Point", "coordinates": [ -74.004433333333338, 5.023388888888888 ] } },
{ "type": "Feature", "properties": { "URL": "https://github.com/rcfdtools/R.GISMobile/tree/main/file/gis/POI/57/PXL_20230524_115622385.jpg", "Altitude": 2858.1, "GoogleMaps": "http://maps.google.com/maps?q=5.0233888888888885,-74.00443333333334", "OSMaps": "https://www.openstreetmap.org/query?lat=5.0233888888888885&lon=-74.00443333333334" }, "geometry": { "type": "Point", "coordinates": [ -74.004433333333338, 5.023388888888888 ] } },
{ "type": "Feature", "properties": { "URL": "https://github.com/rcfdtools/R.GISMobile/tree/main/file/gis/POI/57/PXL_20230524_115624118.jpg", "Altitude": 2858.1, "GoogleMaps": "http://maps.google.com/maps?q=5.0233888888888885,-74.00443333333334", "OSMaps": "https://www.openstreetmap.org/query?lat=5.0233888888888885&lon=-74.00443333333334" }, "geometry": { "type": "Point", "coordinates": [ -74.004433333333338, 5.023388888888888 ] } },
{ "type": "Feature", "properties": { "URL": "https://github.com/rcfdtools/R.GISMobile/tree/main/file/gis/POI/58/IMG_20260201_101201094.jpg", "Altitude": 2030.0, "GoogleMaps": "http://maps.google.com/maps?q=4.808038194444444,-73.70345305555556", "OSMaps": "https://www.openstreetmap.org/query?lat=4.808038194444444&lon=-73.70345305555556" }, "geometry": { "type": "Point", "coordinates": [ -73.703453055555556, 4.808038194444444 ] } },
{ "type": "Feature", "properties": { "URL": "https://github.com/rcfdtools/R.GISMobile/tree/main/file/gis/POI/58/IMG_20260201_101212871.jpg", "Altitude": 2030.0, "GoogleMaps": "http://maps.google.com/maps?q=4.808038194444444,-73.70345305555556", "OSMaps": "https://www.openstreetmap.org/query?lat=4.808038194444444&lon=-73.70345305555556" }, "geometry": { "type": "Point", "coordinates": [ -73.703453055555556, 4.808038194444444 ] } },
{ "type": "Feature", "properties": { "URL": "https://github.com/rcfdtools/R.GISMobile/tree/main/file/gis/POI/58/IMG_20260201_101218806.jpg", "Altitude": 2030.0, "GoogleMaps": "http://maps.google.com/maps?q=4.808038194444444,-73.70345305555556", "OSMaps": "https://www.openstreetmap.org/query?lat=4.808038194444444&lon=-73.70345305555556" }, "geometry": { "type": "Point", "coordinates": [ -73.703453055555556, 4.808038194444444 ] } },
{ "type": "Feature", "properties": { "URL": "https://github.com/rcfdtools/R.GISMobile/tree/main/file/gis/POI/58/IMG_20260201_101226968.jpg", "Altitude": 2030.0, "GoogleMaps": "http://maps.google.com/maps?q=4.808038194444444,-73.70345305555556", "OSMaps": "https://www.openstreetmap.org/query?lat=4.808038194444444&lon=-73.70345305555556" }, "geometry": { "type": "Point", "coordinates": [ -73.703453055555556, 4.808038194444444 ] } },
{ "type": "Feature", "properties": { "URL": "https://github.com/rcfdtools/R.GISMobile/tree/main/file/gis/POI/58/IMG_20260201_101237300.jpg", "Altitude": 2030.0, "GoogleMaps": "http://maps.google.com/maps?q=4.808038194444444,-73.70345305555556", "OSMaps": "https://www.openstreetmap.org/query?lat=4.808038194444444&lon=-73.70345305555556" }, "geometry": { "type": "Point", "coordinates": [ -73.703453055555556, 4.808038194444444 ] } },
{ "type": "Feature", "properties": { "URL": "https://github.com/rcfdtools/R.GISMobile/tree/main/file/gis/POI/58/IMG_20260201_101357737.jpg", "Altitude": 2927.0, "GoogleMaps": "http://maps.google.com/maps?q=4.808038194444444,-73.70345305555556", "OSMaps": "https://www.openstreetmap.org/query?lat=4.808038194444444&lon=-73.70345305555556" }, "geometry": { "type": "Point", "coordinates": [ -73.703453055555556, 4.808038194444444 ] } },
{ "type": "Feature", "properties": { "URL": "https://github.com/rcfdtools/R.GISMobile/tree/main/file/gis/POI/58/IMG_20260201_101403617_HDR.jpg", "Altitude": 2031.0, "GoogleMaps": "http://maps.google.com/maps?q=4.807582833333333,-73.70352172222222", "OSMaps": "https://www.openstreetmap.org/query?lat=4.807582833333333&lon=-73.70352172222222" }, "geometry": { "type": "Point", "coordinates": [ -73.70352172222222, 4.807582833333333 ] } },
{ "type": "Feature", "properties": { "URL": "https://github.com/rcfdtools/R.GISMobile/tree/main/file/gis/POI/58/IMG_20260201_101412711_HDR.jpg", "Altitude": 2031.0, "GoogleMaps": "http://maps.google.com/maps?q=4.807582833333333,-73.70352172222222", "OSMaps": "https://www.openstreetmap.org/query?lat=4.807582833333333&lon=-73.70352172222222" }, "geometry": { "type": "Point", "coordinates": [ -73.70352172222222, 4.807582833333333 ] } },
{ "type": "Feature", "properties": { "URL": "https://github.com/rcfdtools/R.GISMobile/tree/main/file/gis/POI/58/IMG_20260201_101456140.jpg", "Altitude": 2031.0, "GoogleMaps": "http://maps.google.com/maps?q=4.807813111111111,-73.70357511111112", "OSMaps": "https://www.openstreetmap.org/query?lat=4.807813111111111&lon=-73.70357511111112" }, "geometry": { "type": "Point", "coordinates": [ -73.703575111111121, 4.807813111111111 ] } },
{ "type": "Feature", "properties": { "URL": "https://github.com/rcfdtools/R.GISMobile/tree/main/file/gis/POI/58/IMG_20260201_110802800.jpg", "Altitude": 2031.0, "GoogleMaps": "http://maps.google.com/maps?q=4.807813111111111,-73.70357511111112", "OSMaps": "https://www.openstreetmap.org/query?lat=4.807813111111111&lon=-73.70357511111112" }, "geometry": { "type": "Point", "coordinates": [ -73.703575111111121, 4.807813111111111 ] } },
{ "type": "Feature", "properties": { "URL": "https://github.com/rcfdtools/R.GISMobile/tree/main/file/gis/POI/58/IMG_20260201_110806103.jpg", "Altitude": 2031.0, "GoogleMaps": "http://maps.google.com/maps?q=4.807813111111111,-73.70357511111112", "OSMaps": "https://www.openstreetmap.org/query?lat=4.807813111111111&lon=-73.70357511111112" }, "geometry": { "type": "Point", "coordinates": [ -73.703575111111121, 4.807813111111111 ] } },
{ "type": "Feature", "properties": { "URL": "https://github.com/rcfdtools/R.GISMobile/tree/main/file/gis/POI/58/IMG_20260201_110810899.jpg", "Altitude": 2031.0, "GoogleMaps": "http://maps.google.com/maps?q=4.807813111111111,-73.70357511111112", "OSMaps": "https://www.openstreetmap.org/query?lat=4.807813111111111&lon=-73.70357511111112" }, "geometry": { "type": "Point", "coordinates": [ -73.703575111111121, 4.807813111111111 ] } },
{ "type": "Feature", "properties": { "URL": "https://github.com/rcfdtools/R.GISMobile/tree/main/file/gis/POI/58/IMG_20260201_110815415.jpg", "Altitude": 2031.0, "GoogleMaps": "http://maps.google.com/maps?q=4.807813111111111,-73.70357511111112", "OSMaps": "https://www.openstreetmap.org/query?lat=4.807813111111111&lon=-73.70357511111112" }, "geometry": { "type": "Point", "coordinates": [ -73.703575111111121, 4.807813111111111 ] } },
{ "type": "Feature", "properties": { "URL": "https://github.com/rcfdtools/R.GISMobile/tree/main/file/gis/POI/58/IMG_20260201_110817799.jpg", "Altitude": 2031.0, "GoogleMaps": "http://maps.google.com/maps?q=4.807813111111111,-73.70357511111112", "OSMaps": "https://www.openstreetmap.org/query?lat=4.807813111111111&lon=-73.70357511111112" }, "geometry": { "type": "Point", "coordinates": [ -73.703575111111121, 4.807813111111111 ] } },
{ "type": "Feature", "properties": { "URL": "https://github.com/rcfdtools/R.GISMobile/tree/main/file/gis/POI/58/IMG_20260201_110857471_HDR.jpg", "Altitude": 2031.0, "GoogleMaps": "http://maps.google.com/maps?q=4.807813111111111,-73.70357511111112", "OSMaps": "https://www.openstreetmap.org/query?lat=4.807813111111111&lon=-73.70357511111112" }, "geometry": { "type": "Point", "coordinates": [ -73.703575111111121, 4.807813111111111 ] } },
{ "type": "Feature", "properties": { "URL": "https://github.com/rcfdtools/R.GISMobile/tree/main/file/gis/POI/58/IMG_20260201_110904908.jpg", "Altitude": 2031.0, "GoogleMaps": "http://maps.google.com/maps?q=4.807813111111111,-73.70357511111112", "OSMaps": "https://www.openstreetmap.org/query?lat=4.807813111111111&lon=-73.70357511111112" }, "geometry": { "type": "Point", "coordinates": [ -73.703575111111121, 4.807813111111111 ] } },
{ "type": "Feature", "properties": { "URL": "https://github.com/rcfdtools/R.GISMobile/tree/main/file/gis/POI/58/IMG_20260201_111104502.jpg", "Altitude": 1885.0, "GoogleMaps": "http://maps.google.com/maps?q=4.7644281388888885,-73.57330322222222", "OSMaps": "https://www.openstreetmap.org/query?lat=4.7644281388888885&lon=-73.57330322222222" }, "geometry": { "type": "Point", "coordinates": [ -73.573303222222222, 4.764428138888888 ] } },
{ "type": "Feature", "properties": { "URL": "https://github.com/rcfdtools/R.GISMobile/tree/main/file/gis/POI/58/IMG_20260201_111107321.jpg", "Altitude": 1885.0, "GoogleMaps": "http://maps.google.com/maps?q=4.7644281388888885,-73.57330322222222", "OSMaps": "https://www.openstreetmap.org/query?lat=4.7644281388888885&lon=-73.57330322222222" }, "geometry": { "type": "Point", "coordinates": [ -73.573303222222222, 4.764428138888888 ] } },
{ "type": "Feature", "properties": { "URL": "https://github.com/rcfdtools/R.GISMobile/tree/main/file/gis/POI/58/IMG_20260201_113134815.jpg", "Altitude": 1964.0, "GoogleMaps": "http://maps.google.com/maps?q=4.743904111111111,-73.53477477777777", "OSMaps": "https://www.openstreetmap.org/query?lat=4.743904111111111&lon=-73.53477477777777" }, "geometry": { "type": "Point", "coordinates": [ -73.53477477777777, 4.743904111111111 ] } },
{ "type": "Feature", "properties": { "URL": "https://github.com/rcfdtools/R.GISMobile/tree/main/file/gis/POI/58/IMG_20260201_113138893.jpg", "Altitude": 1964.0, "GoogleMaps": "http://maps.google.com/maps?q=4.743904111111111,-73.53477477777777", "OSMaps": "https://www.openstreetmap.org/query?lat=4.743904111111111&lon=-73.53477477777777" }, "geometry": { "type": "Point", "coordinates": [ -73.53477477777777, 4.743904111111111 ] } },
{ "type": "Feature", "properties": { "URL": "https://github.com/rcfdtools/R.GISMobile/tree/main/file/gis/POI/58/IMG_20260201_113159987.jpg", "Altitude": 1964.0, "GoogleMaps": "http://maps.google.com/maps?q=4.743904111111111,-73.53477477777777", "OSMaps": "https://www.openstreetmap.org/query?lat=4.743904111111111&lon=-73.53477477777777" }, "geometry": { "type": "Point", "coordinates": [ -73.53477477777777, 4.743904111111111 ] } },
{ "type": "Feature", "properties": { "URL": "https://github.com/rcfdtools/R.GISMobile/tree/main/file/gis/POI/58/IMG_20260201_113301909.jpg", "Altitude": 1964.0, "GoogleMaps": "http://maps.google.com/maps?q=4.743958916666667,-73.53485105555555", "OSMaps": "https://www.openstreetmap.org/query?lat=4.743958916666667&lon=-73.53485105555555" }, "geometry": { "type": "Point", "coordinates": [ -73.534851055555549, 4.743958916666667 ] } },
{ "type": "Feature", "properties": { "URL": "https://github.com/rcfdtools/R.GISMobile/tree/main/file/gis/POI/58/IMG_20260201_113317543.jpg", "Altitude": 1964.0, "GoogleMaps": "http://maps.google.com/maps?q=4.743958916666667,-73.53485105555555", "OSMaps": "https://www.openstreetmap.org/query?lat=4.743958916666667&lon=-73.53485105555555" }, "geometry": { "type": "Point", "coordinates": [ -73.534851055555549, 4.743958916666667 ] } },
{ "type": "Feature", "properties": { "URL": "https://github.com/rcfdtools/R.GISMobile/tree/main/file/gis/POI/58/IMG_20260201_113539292.jpg", "Altitude": 1885.0, "GoogleMaps": "http://maps.google.com/maps?q=4.743727222222223,-73.53485869444444", "OSMaps": "https://www.openstreetmap.org/query?lat=4.743727222222223&lon=-73.53485869444444" }, "geometry": { "type": "Point", "coordinates": [ -73.534858694444438, 4.743727222222223 ] } },
{ "type": "Feature", "properties": { "URL": "https://github.com/rcfdtools/R.GISMobile/tree/main/file/gis/POI/58/IMG_20260201_113547803.jpg", "Altitude": 1885.0, "GoogleMaps": "http://maps.google.com/maps?q=4.743727222222223,-73.53485869444444", "OSMaps": "https://www.openstreetmap.org/query?lat=4.743727222222223&lon=-73.53485869444444" }, "geometry": { "type": "Point", "coordinates": [ -73.534858694444438, 4.743727222222223 ] } },
{ "type": "Feature", "properties": { "URL": "https://github.com/rcfdtools/R.GISMobile/tree/main/file/gis/POI/58/IMG_20260201_122242641.jpg", "Altitude": 0.0, "GoogleMaps": "http://maps.google.com/maps?q=4.681739805555556,-73.49259183333334", "OSMaps": "https://www.openstreetmap.org/query?lat=4.681739805555556&lon=-73.49259183333334" }, "geometry": { "type": "Point", "coordinates": [ -73.492591833333336, 4.681739805555556 ] } },
{ "type": "Feature", "properties": { "URL": "https://github.com/rcfdtools/R.GISMobile/tree/main/file/gis/POI/58/IMG_20260201_122247977_HDR.jpg", "Altitude": 0.0, "GoogleMaps": "http://maps.google.com/maps?q=4.681739805555556,-73.49259183333334", "OSMaps": "https://www.openstreetmap.org/query?lat=4.681739805555556&lon=-73.49259183333334" }, "geometry": { "type": "Point", "coordinates": [ -73.492591833333336, 4.681739805555556 ] } },
{ "type": "Feature", "properties": { "URL": "https://github.com/rcfdtools/R.GISMobile/tree/main/file/gis/POI/58/IMG_20260201_122257579.jpg", "Altitude": 0.0, "GoogleMaps": "http://maps.google.com/maps?q=4.681739805555556,-73.49259183333334", "OSMaps": "https://www.openstreetmap.org/query?lat=4.681739805555556&lon=-73.49259183333334" }, "geometry": { "type": "Point", "coordinates": [ -73.492591833333336, 4.681739805555556 ] } },
{ "type": "Feature", "properties": { "URL": "https://github.com/rcfdtools/R.GISMobile/tree/main/file/gis/POI/58/IMG_20260201_122303065.jpg", "Altitude": 0.0, "GoogleMaps": "http://maps.google.com/maps?q=4.681739805555556,-73.49259183333334", "OSMaps": "https://www.openstreetmap.org/query?lat=4.681739805555556&lon=-73.49259183333334" }, "geometry": { "type": "Point", "coordinates": [ -73.492591833333336, 4.681739805555556 ] } },
{ "type": "Feature", "properties": { "URL": "https://github.com/rcfdtools/R.GISMobile/tree/main/file/gis/POI/58/IMG_20260201_122316802.jpg", "Altitude": 0.0, "GoogleMaps": "http://maps.google.com/maps?q=4.681739805555556,-73.49259183333334", "OSMaps": "https://www.openstreetmap.org/query?lat=4.681739805555556&lon=-73.49259183333334" }, "geometry": { "type": "Point", "coordinates": [ -73.492591833333336, 4.681739805555556 ] } },
{ "type": "Feature", "properties": { "URL": "https://github.com/rcfdtools/R.GISMobile/tree/main/file/gis/POI/58/IMG_20260201_122319554.jpg", "Altitude": 0.0, "GoogleMaps": "http://maps.google.com/maps?q=4.681739805555556,-73.49259183333334", "OSMaps": "https://www.openstreetmap.org/query?lat=4.681739805555556&lon=-73.49259183333334" }, "geometry": { "type": "Point", "coordinates": [ -73.492591833333336, 4.681739805555556 ] } },
{ "type": "Feature", "properties": { "URL": "https://github.com/rcfdtools/R.GISMobile/tree/main/file/gis/POI/58/IMG_20260201_122353332.jpg", "Altitude": 0.0, "GoogleMaps": "http://maps.google.com/maps?q=4.681739805555556,-73.49259183333334", "OSMaps": "https://www.openstreetmap.org/query?lat=4.681739805555556&lon=-73.49259183333334" }, "geometry": { "type": "Point", "coordinates": [ -73.492591833333336, 4.681739805555556 ] } },
{ "type": "Feature", "properties": { "URL": "https://github.com/rcfdtools/R.GISMobile/tree/main/file/gis/POI/58/IMG_20260201_122357090.jpg", "Altitude": 0.0, "GoogleMaps": "http://maps.google.com/maps?q=4.681739805555556,-73.49259183333334", "OSMaps": "https://www.openstreetmap.org/query?lat=4.681739805555556&lon=-73.49259183333334" }, "geometry": { "type": "Point", "coordinates": [ -73.492591833333336, 4.681739805555556 ] } },
{ "type": "Feature", "properties": { "URL": "https://github.com/rcfdtools/R.GISMobile/tree/main/file/gis/POI/58/IMG_20260201_122410422.jpg", "Altitude": 0.0, "GoogleMaps": "http://maps.google.com/maps?q=4.681739805555556,-73.49259183333334", "OSMaps": "https://www.openstreetmap.org/query?lat=4.681739805555556&lon=-73.49259183333334" }, "geometry": { "type": "Point", "coordinates": [ -73.492591833333336, 4.681739805555556 ] } },
{ "type": "Feature", "properties": { "URL": "https://github.com/rcfdtools/R.GISMobile/tree/main/file/gis/POI/58/IMG_20260201_122428950.jpg", "Altitude": 0.0, "GoogleMaps": "http://maps.google.com/maps?q=4.692674111111112,-73.52021025", "OSMaps": "https://www.openstreetmap.org/query?lat=4.692674111111112&lon=-73.52021025" }, "geometry": { "type": "Point", "coordinates": [ -73.52021025, 4.692674111111112 ] } },
{ "type": "Feature", "properties": { "URL": "https://github.com/rcfdtools/R.GISMobile/tree/main/file/gis/POI/58/IMG_20260201_122806613_HDR.jpg", "Altitude": 0.0, "GoogleMaps": "http://maps.google.com/maps?q=4.706376055555555,-73.50769041666666", "OSMaps": "https://www.openstreetmap.org/query?lat=4.706376055555555&lon=-73.50769041666666" }, "geometry": { "type": "Point", "coordinates": [ -73.507690416666662, 4.706376055555555 ] } },
{ "type": "Feature", "properties": { "URL": "https://github.com/rcfdtools/R.GISMobile/tree/main/file/gis/POI/58/IMG_20260201_124234385.jpg", "Altitude": 1678.0, "GoogleMaps": "http://maps.google.com/maps?q=4.727023111111111,-73.4835586388889", "OSMaps": "https://www.openstreetmap.org/query?lat=4.727023111111111&lon=-73.4835586388889" }, "geometry": { "type": "Point", "coordinates": [ -73.483558638888894, 4.727023111111111 ] } },
{ "type": "Feature", "properties": { "URL": "https://github.com/rcfdtools/R.GISMobile/tree/main/file/gis/POI/58/IMG_20260201_124238945.jpg", "Altitude": 1678.0, "GoogleMaps": "http://maps.google.com/maps?q=4.727023111111111,-73.4835586388889", "OSMaps": "https://www.openstreetmap.org/query?lat=4.727023111111111&lon=-73.4835586388889" }, "geometry": { "type": "Point", "coordinates": [ -73.483558638888894, 4.727023111111111 ] } },
{ "type": "Feature", "properties": { "URL": "https://github.com/rcfdtools/R.GISMobile/tree/main/file/gis/POI/58/IMG_20260201_124243162.jpg", "Altitude": 1678.0, "GoogleMaps": "http://maps.google.com/maps?q=4.727023111111111,-73.4835586388889", "OSMaps": "https://www.openstreetmap.org/query?lat=4.727023111111111&lon=-73.4835586388889" }, "geometry": { "type": "Point", "coordinates": [ -73.483558638888894, 4.727023111111111 ] } },
{ "type": "Feature", "properties": { "URL": "https://github.com/rcfdtools/R.GISMobile/tree/main/file/gis/POI/58/IMG_20260201_124246245.jpg", "Altitude": 1678.0, "GoogleMaps": "http://maps.google.com/maps?q=4.727023111111111,-73.4835586388889", "OSMaps": "https://www.openstreetmap.org/query?lat=4.727023111111111&lon=-73.4835586388889" }, "geometry": { "type": "Point", "coordinates": [ -73.483558638888894, 4.727023111111111 ] } },
{ "type": "Feature", "properties": { "URL": "https://github.com/rcfdtools/R.GISMobile/tree/main/file/gis/POI/58/IMG_20260201_124303655.jpg", "Altitude": 1678.0, "GoogleMaps": "http://maps.google.com/maps?q=4.727023111111111,-73.4835586388889", "OSMaps": "https://www.openstreetmap.org/query?lat=4.727023111111111&lon=-73.4835586388889" }, "geometry": { "type": "Point", "coordinates": [ -73.483558638888894, 4.727023111111111 ] } },
{ "type": "Feature", "properties": { "URL": "https://github.com/rcfdtools/R.GISMobile/tree/main/file/gis/POI/58/IMG_20260201_124306473.jpg", "Altitude": 1678.0, "GoogleMaps": "http://maps.google.com/maps?q=4.727023111111111,-73.4835586388889", "OSMaps": "https://www.openstreetmap.org/query?lat=4.727023111111111&lon=-73.4835586388889" }, "geometry": { "type": "Point", "coordinates": [ -73.483558638888894, 4.727023111111111 ] } },
{ "type": "Feature", "properties": { "URL": "https://github.com/rcfdtools/R.GISMobile/tree/main/file/gis/POI/58/IMG_20260201_124311811.jpg", "Altitude": 1678.0, "GoogleMaps": "http://maps.google.com/maps?q=4.727023111111111,-73.4835586388889", "OSMaps": "https://www.openstreetmap.org/query?lat=4.727023111111111&lon=-73.4835586388889" }, "geometry": { "type": "Point", "coordinates": [ -73.483558638888894, 4.727023111111111 ] } },
{ "type": "Feature", "properties": { "URL": "https://github.com/rcfdtools/R.GISMobile/tree/main/file/gis/POI/6/PXL_20230503_172836112.MOTION-02.ORIGINAL.jpg", "Altitude": 3483.93, "GoogleMaps": "http://maps.google.com/maps?q=4.5651472222222225,-73.73946388888889", "OSMaps": "https://www.openstreetmap.org/query?lat=4.5651472222222225&lon=-73.73946388888889" }, "geometry": { "type": "Point", "coordinates": [ -73.739463888888892, 4.565147222222223 ] } },
{ "type": "Feature", "properties": { "URL": "https://github.com/rcfdtools/R.GISMobile/tree/main/file/gis/POI/6/PXL_20230503_172845905.MOTION-02.ORIGINAL.jpg", "Altitude": 3483.93, "GoogleMaps": "http://maps.google.com/maps?q=4.5651472222222225,-73.73946388888889", "OSMaps": "https://www.openstreetmap.org/query?lat=4.5651472222222225&lon=-73.73946388888889" }, "geometry": { "type": "Point", "coordinates": [ -73.739463888888892, 4.565147222222223 ] } },
{ "type": "Feature", "properties": { "URL": "https://github.com/rcfdtools/R.GISMobile/tree/main/file/gis/POI/6/PXL_20230503_181920982.jpg", "Altitude": 3234.2, "GoogleMaps": "http://maps.google.com/maps?q=4.532322222222223,-73.74963611111112", "OSMaps": "https://www.openstreetmap.org/query?lat=4.532322222222223&lon=-73.74963611111112" }, "geometry": { "type": "Point", "coordinates": [ -73.749636111111116, 4.532322222222223 ] } },
{ "type": "Feature", "properties": { "URL": "https://github.com/rcfdtools/R.GISMobile/tree/main/file/gis/POI/6/PXL_20230503_181924519.jpg", "Altitude": 3234.2, "GoogleMaps": "http://maps.google.com/maps?q=4.532322222222223,-73.74963611111112", "OSMaps": "https://www.openstreetmap.org/query?lat=4.532322222222223&lon=-73.74963611111112" }, "geometry": { "type": "Point", "coordinates": [ -73.749636111111116, 4.532322222222223 ] } },
{ "type": "Feature", "properties": { "URL": "https://github.com/rcfdtools/R.GISMobile/tree/main/file/gis/POI/6/PXL_20230503_181928515.jpg", "Altitude": 3234.2, "GoogleMaps": "http://maps.google.com/maps?q=4.532322222222223,-73.74963611111112", "OSMaps": "https://www.openstreetmap.org/query?lat=4.532322222222223&lon=-73.74963611111112" }, "geometry": { "type": "Point", "coordinates": [ -73.749636111111116, 4.532322222222223 ] } },
{ "type": "Feature", "properties": { "URL": "https://github.com/rcfdtools/R.GISMobile/tree/main/file/gis/POI/60/IMG_20260215_084253949.jpg", "Altitude": 2619.0, "GoogleMaps": "http://maps.google.com/maps?q=5.302615138888889,-73.83713530555555", "OSMaps": "https://www.openstreetmap.org/query?lat=5.302615138888889&lon=-73.83713530555555" }, "geometry": { "type": "Point", "coordinates": [ -73.837135305555549, 5.302615138888889 ] } },
{ "type": "Feature", "properties": { "URL": "https://github.com/rcfdtools/R.GISMobile/tree/main/file/gis/POI/60/IMG_20260215_084259887_HDR.jpg", "Altitude": 2619.0, "GoogleMaps": "http://maps.google.com/maps?q=5.302615138888889,-73.83713530555555", "OSMaps": "https://www.openstreetmap.org/query?lat=5.302615138888889&lon=-73.83713530555555" }, "geometry": { "type": "Point", "coordinates": [ -73.837135305555549, 5.302615138888889 ] } },
{ "type": "Feature", "properties": { "URL": "https://github.com/rcfdtools/R.GISMobile/tree/main/file/gis/POI/60/IMG_20260215_084307341.jpg", "Altitude": 2619.0, "GoogleMaps": "http://maps.google.com/maps?q=5.302615138888889,-73.83713530555555", "OSMaps": "https://www.openstreetmap.org/query?lat=5.302615138888889&lon=-73.83713530555555" }, "geometry": { "type": "Point", "coordinates": [ -73.837135305555549, 5.302615138888889 ] } },
{ "type": "Feature", "properties": { "URL": "https://github.com/rcfdtools/R.GISMobile/tree/main/file/gis/POI/60/IMG_20260215_084350839.jpg", "Altitude": 2619.0, "GoogleMaps": "http://maps.google.com/maps?q=5.302616111111111,-73.83713530555555", "OSMaps": "https://www.openstreetmap.org/query?lat=5.302616111111111&lon=-73.83713530555555" }, "geometry": { "type": "Point", "coordinates": [ -73.837135305555549, 5.302616111111111 ] } },
{ "type": "Feature", "properties": { "URL": "https://github.com/rcfdtools/R.GISMobile/tree/main/file/gis/POI/60/IMG_20260215_084356022.jpg", "Altitude": 2619.0, "GoogleMaps": "http://maps.google.com/maps?q=5.302616111111111,-73.83713530555555", "OSMaps": "https://www.openstreetmap.org/query?lat=5.302616111111111&lon=-73.83713530555555" }, "geometry": { "type": "Point", "coordinates": [ -73.837135305555549, 5.302616111111111 ] } },
{ "type": "Feature", "properties": { "URL": "https://github.com/rcfdtools/R.GISMobile/tree/main/file/gis/POI/60/IMG_20260215_084404863.jpg", "Altitude": 2619.0, "GoogleMaps": "http://maps.google.com/maps?q=5.302616111111111,-73.83713530555555", "OSMaps": "https://www.openstreetmap.org/query?lat=5.302616111111111&lon=-73.83713530555555" }, "geometry": { "type": "Point", "coordinates": [ -73.837135305555549, 5.302616111111111 ] } },
{ "type": "Feature", "properties": { "URL": "https://github.com/rcfdtools/R.GISMobile/tree/main/file/gis/POI/60/IMG_20260215_084413388_HDR.jpg", "Altitude": 2619.0, "GoogleMaps": "http://maps.google.com/maps?q=5.302616111111111,-73.83713530555555", "OSMaps": "https://www.openstreetmap.org/query?lat=5.302616111111111&lon=-73.83713530555555" }, "geometry": { "type": "Point", "coordinates": [ -73.837135305555549, 5.302616111111111 ] } },
{ "type": "Feature", "properties": { "URL": "https://github.com/rcfdtools/R.GISMobile/tree/main/file/gis/POI/60/IMG_20260215_084433045_HDR.jpg", "Altitude": 2619.0, "GoogleMaps": "http://maps.google.com/maps?q=5.302616111111111,-73.83713530555555", "OSMaps": "https://www.openstreetmap.org/query?lat=5.302616111111111&lon=-73.83713530555555" }, "geometry": { "type": "Point", "coordinates": [ -73.837135305555549, 5.302616111111111 ] } },
{ "type": "Feature", "properties": { "URL": "https://github.com/rcfdtools/R.GISMobile/tree/main/file/gis/POI/60/IMG_20260215_084443819_HDR.jpg", "Altitude": 2619.0, "GoogleMaps": "http://maps.google.com/maps?q=5.302616111111111,-73.83713530555555", "OSMaps": "https://www.openstreetmap.org/query?lat=5.302616111111111&lon=-73.83713530555555" }, "geometry": { "type": "Point", "coordinates": [ -73.837135305555549, 5.302616111111111 ] } },
{ "type": "Feature", "properties": { "URL": "https://github.com/rcfdtools/R.GISMobile/tree/main/file/gis/POI/60/IMG_20260215_084510998_HDR.jpg", "Altitude": 2619.0, "GoogleMaps": "http://maps.google.com/maps?q=5.302608944444445,-73.83715055555555", "OSMaps": "https://www.openstreetmap.org/query?lat=5.302608944444445&lon=-73.83715055555555" }, "geometry": { "type": "Point", "coordinates": [ -73.837150555555553, 5.302608944444445 ] } },
{ "type": "Feature", "properties": { "URL": "https://github.com/rcfdtools/R.GISMobile/tree/main/file/gis/POI/60/IMG_20260215_084535403_HDR.jpg", "Altitude": 2619.0, "GoogleMaps": "http://maps.google.com/maps?q=5.302614194444445,-73.83714294444444", "OSMaps": "https://www.openstreetmap.org/query?lat=5.302614194444445&lon=-73.83714294444444" }, "geometry": { "type": "Point", "coordinates": [ -73.837142944444437, 5.302614194444445 ] } },
{ "type": "Feature", "properties": { "URL": "https://github.com/rcfdtools/R.GISMobile/tree/main/file/gis/POI/60/IMG_20260215_084618569.jpg", "Altitude": 2619.0, "GoogleMaps": "http://maps.google.com/maps?q=5.302614194444445,-73.83714294444444", "OSMaps": "https://www.openstreetmap.org/query?lat=5.302614194444445&lon=-73.83714294444444" }, "geometry": { "type": "Point", "coordinates": [ -73.837142944444437, 5.302614194444445 ] } },
{ "type": "Feature", "properties": { "URL": "https://github.com/rcfdtools/R.GISMobile/tree/main/file/gis/POI/60/IMG_20260215_084955901.jpg", "Altitude": 2619.0, "GoogleMaps": "http://maps.google.com/maps?q=5.302614194444445,-73.83714294444444", "OSMaps": "https://www.openstreetmap.org/query?lat=5.302614194444445&lon=-73.83714294444444" }, "geometry": { "type": "Point", "coordinates": [ -73.837142944444437, 5.302614194444445 ] } },
{ "type": "Feature", "properties": { "URL": "https://github.com/rcfdtools/R.GISMobile/tree/main/file/gis/POI/60/IMG_20260215_085014719_HDR.jpg", "Altitude": 2619.0, "GoogleMaps": "http://maps.google.com/maps?q=5.302614194444445,-73.83714294444444", "OSMaps": "https://www.openstreetmap.org/query?lat=5.302614194444445&lon=-73.83714294444444" }, "geometry": { "type": "Point", "coordinates": [ -73.837142944444437, 5.302614194444445 ] } },
{ "type": "Feature", "properties": { "URL": "https://github.com/rcfdtools/R.GISMobile/tree/main/file/gis/POI/60/IMG_20260215_091720013.jpg", "Altitude": 2883.0, "GoogleMaps": "http://maps.google.com/maps?q=5.3018479166666665,-73.90453336111112", "OSMaps": "https://www.openstreetmap.org/query?lat=5.3018479166666665&lon=-73.90453336111112" }, "geometry": { "type": "Point", "coordinates": [ -73.90453336111112, 5.301847916666667 ] } },
{ "type": "Feature", "properties": { "URL": "https://github.com/rcfdtools/R.GISMobile/tree/main/file/gis/POI/60/IMG_20260215_091730618.jpg", "Altitude": 2883.0, "GoogleMaps": "http://maps.google.com/maps?q=5.3018479166666665,-73.90453336111112", "OSMaps": "https://www.openstreetmap.org/query?lat=5.3018479166666665&lon=-73.90453336111112" }, "geometry": { "type": "Point", "coordinates": [ -73.90453336111112, 5.301847916666667 ] } },
{ "type": "Feature", "properties": { "URL": "https://github.com/rcfdtools/R.GISMobile/tree/main/file/gis/POI/60/IMG_20260215_091741412.jpg", "Altitude": 2883.0, "GoogleMaps": "http://maps.google.com/maps?q=5.3018479166666665,-73.90453336111112", "OSMaps": "https://www.openstreetmap.org/query?lat=5.3018479166666665&lon=-73.90453336111112" }, "geometry": { "type": "Point", "coordinates": [ -73.90453336111112, 5.301847916666667 ] } },
{ "type": "Feature", "properties": { "URL": "https://github.com/rcfdtools/R.GISMobile/tree/main/file/gis/POI/60/IMG_20260215_091746983.jpg", "Altitude": 2883.0, "GoogleMaps": "http://maps.google.com/maps?q=5.3018479166666665,-73.90453336111112", "OSMaps": "https://www.openstreetmap.org/query?lat=5.3018479166666665&lon=-73.90453336111112" }, "geometry": { "type": "Point", "coordinates": [ -73.90453336111112, 5.301847916666667 ] } },
{ "type": "Feature", "properties": { "URL": "https://github.com/rcfdtools/R.GISMobile/tree/main/file/gis/POI/60/IMG_20260215_092513306.jpg", "Altitude": 2879.0, "GoogleMaps": "http://maps.google.com/maps?q=5.291985027777778,-73.9060973888889", "OSMaps": "https://www.openstreetmap.org/query?lat=5.291985027777778&lon=-73.9060973888889" }, "geometry": { "type": "Point", "coordinates": [ -73.906097388888895, 5.291985027777778 ] } },
{ "type": "Feature", "properties": { "URL": "https://github.com/rcfdtools/R.GISMobile/tree/main/file/gis/POI/60/IMG_20260215_092522902.jpg", "Altitude": 2879.0, "GoogleMaps": "http://maps.google.com/maps?q=5.291985027777778,-73.9060973888889", "OSMaps": "https://www.openstreetmap.org/query?lat=5.291985027777778&lon=-73.9060973888889" }, "geometry": { "type": "Point", "coordinates": [ -73.906097388888895, 5.291985027777778 ] } },
{ "type": "Feature", "properties": { "URL": "https://github.com/rcfdtools/R.GISMobile/tree/main/file/gis/POI/60/IMG_20260215_092533287.jpg", "Altitude": 2879.0, "GoogleMaps": "http://maps.google.com/maps?q=5.291985027777778,-73.9060973888889", "OSMaps": "https://www.openstreetmap.org/query?lat=5.291985027777778&lon=-73.9060973888889" }, "geometry": { "type": "Point", "coordinates": [ -73.906097388888895, 5.291985027777778 ] } },
{ "type": "Feature", "properties": { "URL": "https://github.com/rcfdtools/R.GISMobile/tree/main/file/gis/POI/60/IMG_20260215_092747023.jpg", "Altitude": 2878.0, "GoogleMaps": "http://maps.google.com/maps?q=5.291852944444444,-73.90627286111112", "OSMaps": "https://www.openstreetmap.org/query?lat=5.291852944444444&lon=-73.90627286111112" }, "geometry": { "type": "Point", "coordinates": [ -73.90627286111112, 5.291852944444444 ] } },
{ "type": "Feature", "properties": { "URL": "https://github.com/rcfdtools/R.GISMobile/tree/main/file/gis/POI/60/IMG_20260215_092749958.jpg", "Altitude": 2878.0, "GoogleMaps": "http://maps.google.com/maps?q=5.291852944444444,-73.90627286111112", "OSMaps": "https://www.openstreetmap.org/query?lat=5.291852944444444&lon=-73.90627286111112" }, "geometry": { "type": "Point", "coordinates": [ -73.90627286111112, 5.291852944444444 ] } },
{ "type": "Feature", "properties": { "URL": "https://github.com/rcfdtools/R.GISMobile/tree/main/file/gis/POI/60/IMG_20260215_092807874.jpg", "Altitude": 2878.0, "GoogleMaps": "http://maps.google.com/maps?q=5.291852944444444,-73.90627286111112", "OSMaps": "https://www.openstreetmap.org/query?lat=5.291852944444444&lon=-73.90627286111112" }, "geometry": { "type": "Point", "coordinates": [ -73.90627286111112, 5.291852944444444 ] } },
{ "type": "Feature", "properties": { "URL": "https://github.com/rcfdtools/R.GISMobile/tree/main/file/gis/POI/60/IMG_20260215_093006936_HDR.jpg", "Altitude": 2876.0, "GoogleMaps": "http://maps.google.com/maps?q=5.291075222222222,-73.90620422222223", "OSMaps": "https://www.openstreetmap.org/query?lat=5.291075222222222&lon=-73.90620422222223" }, "geometry": { "type": "Point", "coordinates": [ -73.906204222222229, 5.291075222222222 ] } },
{ "type": "Feature", "properties": { "URL": "https://github.com/rcfdtools/R.GISMobile/tree/main/file/gis/POI/60/IMG_20260215_093018083.jpg", "Altitude": 2876.0, "GoogleMaps": "http://maps.google.com/maps?q=5.291075222222222,-73.90620422222223", "OSMaps": "https://www.openstreetmap.org/query?lat=5.291075222222222&lon=-73.90620422222223" }, "geometry": { "type": "Point", "coordinates": [ -73.906204222222229, 5.291075222222222 ] } },
{ "type": "Feature", "properties": { "URL": "https://github.com/rcfdtools/R.GISMobile/tree/main/file/gis/POI/60/IMG_20260215_093020717.jpg", "Altitude": 2876.0, "GoogleMaps": "http://maps.google.com/maps?q=5.291075222222222,-73.90620422222223", "OSMaps": "https://www.openstreetmap.org/query?lat=5.291075222222222&lon=-73.90620422222223" }, "geometry": { "type": "Point", "coordinates": [ -73.906204222222229, 5.291075222222222 ] } },
{ "type": "Feature", "properties": { "URL": "https://github.com/rcfdtools/R.GISMobile/tree/main/file/gis/POI/60/IMG_20260215_093053042.jpg", "Altitude": 2876.0, "GoogleMaps": "http://maps.google.com/maps?q=5.291075222222222,-73.90620422222223", "OSMaps": "https://www.openstreetmap.org/query?lat=5.291075222222222&lon=-73.90620422222223" }, "geometry": { "type": "Point", "coordinates": [ -73.906204222222229, 5.291075222222222 ] } },
{ "type": "Feature", "properties": { "URL": "https://github.com/rcfdtools/R.GISMobile/tree/main/file/gis/POI/60/IMG_20260215_093105518.jpg", "Altitude": 2876.0, "GoogleMaps": "http://maps.google.com/maps?q=5.291041833333333,-73.906723", "OSMaps": "https://www.openstreetmap.org/query?lat=5.291041833333333&lon=-73.906723" }, "geometry": { "type": "Point", "coordinates": [ -73.906723, 5.291041833333333 ] } },
{ "type": "Feature", "properties": { "URL": "https://github.com/rcfdtools/R.GISMobile/tree/main/file/gis/POI/60/IMG_20260215_093108221_HDR.jpg", "Altitude": 2876.0, "GoogleMaps": "http://maps.google.com/maps?q=5.291041833333333,-73.906723", "OSMaps": "https://www.openstreetmap.org/query?lat=5.291041833333333&lon=-73.906723" }, "geometry": { "type": "Point", "coordinates": [ -73.906723, 5.291041833333333 ] } },
{ "type": "Feature", "properties": { "URL": "https://github.com/rcfdtools/R.GISMobile/tree/main/file/gis/POI/60/IMG_20260215_093120973.jpg", "Altitude": 2876.0, "GoogleMaps": "http://maps.google.com/maps?q=5.291041833333333,-73.906723", "OSMaps": "https://www.openstreetmap.org/query?lat=5.291041833333333&lon=-73.906723" }, "geometry": { "type": "Point", "coordinates": [ -73.906723, 5.291041833333333 ] } },
{ "type": "Feature", "properties": { "URL": "https://github.com/rcfdtools/R.GISMobile/tree/main/file/gis/POI/60/IMG_20260215_093124441.jpg", "Altitude": 2876.0, "GoogleMaps": "http://maps.google.com/maps?q=5.291041833333333,-73.906723", "OSMaps": "https://www.openstreetmap.org/query?lat=5.291041833333333&lon=-73.906723" }, "geometry": { "type": "Point", "coordinates": [ -73.906723, 5.291041833333333 ] } },
{ "type": "Feature", "properties": { "URL": "https://github.com/rcfdtools/R.GISMobile/tree/main/file/gis/POI/60/IMG_20260215_093145314.jpg", "Altitude": 2876.0, "GoogleMaps": "http://maps.google.com/maps?q=5.291041833333333,-73.906723", "OSMaps": "https://www.openstreetmap.org/query?lat=5.291041833333333&lon=-73.906723" }, "geometry": { "type": "Point", "coordinates": [ -73.906723, 5.291041833333333 ] } },
{ "type": "Feature", "properties": { "URL": "https://github.com/rcfdtools/R.GISMobile/tree/main/file/gis/POI/60/IMG_20260215_093158742.jpg", "Altitude": 2876.0, "GoogleMaps": "http://maps.google.com/maps?q=5.291041833333333,-73.906723", "OSMaps": "https://www.openstreetmap.org/query?lat=5.291041833333333&lon=-73.906723" }, "geometry": { "type": "Point", "coordinates": [ -73.906723, 5.291041833333333 ] } },
{ "type": "Feature", "properties": { "URL": "https://github.com/rcfdtools/R.GISMobile/tree/main/file/gis/POI/60/IMG_20260215_093224632.jpg", "Altitude": 2876.0, "GoogleMaps": "http://maps.google.com/maps?q=5.291041833333333,-73.906723", "OSMaps": "https://www.openstreetmap.org/query?lat=5.291041833333333&lon=-73.906723" }, "geometry": { "type": "Point", "coordinates": [ -73.906723, 5.291041833333333 ] } },
{ "type": "Feature", "properties": { "URL": "https://github.com/rcfdtools/R.GISMobile/tree/main/file/gis/POI/60/IMG_20260215_093228717.jpg", "Altitude": 2876.0, "GoogleMaps": "http://maps.google.com/maps?q=5.291041833333333,-73.906723", "OSMaps": "https://www.openstreetmap.org/query?lat=5.291041833333333&lon=-73.906723" }, "geometry": { "type": "Point", "coordinates": [ -73.906723, 5.291041833333333 ] } },
{ "type": "Feature", "properties": { "URL": "https://github.com/rcfdtools/R.GISMobile/tree/main/file/gis/POI/60/IMG_20260215_093232500.jpg", "Altitude": 2876.0, "GoogleMaps": "http://maps.google.com/maps?q=5.291041833333333,-73.906723", "OSMaps": "https://www.openstreetmap.org/query?lat=5.291041833333333&lon=-73.906723" }, "geometry": { "type": "Point", "coordinates": [ -73.906723, 5.291041833333333 ] } },
{ "type": "Feature", "properties": { "URL": "https://github.com/rcfdtools/R.GISMobile/tree/main/file/gis/POI/60/IMG_20260215_100300998.jpg", "Altitude": 3075.0, "GoogleMaps": "http://maps.google.com/maps?q=5.315651888888889,-73.92291258333334", "OSMaps": "https://www.openstreetmap.org/query?lat=5.315651888888889&lon=-73.92291258333334" }, "geometry": { "type": "Point", "coordinates": [ -73.922912583333343, 5.315651888888889 ] } },
{ "type": "Feature", "properties": { "URL": "https://github.com/rcfdtools/R.GISMobile/tree/main/file/gis/POI/60/IMG_20260215_100304544.jpg", "Altitude": 3075.0, "GoogleMaps": "http://maps.google.com/maps?q=5.315651888888889,-73.92291258333334", "OSMaps": "https://www.openstreetmap.org/query?lat=5.315651888888889&lon=-73.92291258333334" }, "geometry": { "type": "Point", "coordinates": [ -73.922912583333343, 5.315651888888889 ] } },
{ "type": "Feature", "properties": { "URL": "https://github.com/rcfdtools/R.GISMobile/tree/main/file/gis/POI/60/IMG_20260215_100308376.jpg", "Altitude": 3075.0, "GoogleMaps": "http://maps.google.com/maps?q=5.315651888888889,-73.92291258333334", "OSMaps": "https://www.openstreetmap.org/query?lat=5.315651888888889&lon=-73.92291258333334" }, "geometry": { "type": "Point", "coordinates": [ -73.922912583333343, 5.315651888888889 ] } },
{ "type": "Feature", "properties": { "URL": "https://github.com/rcfdtools/R.GISMobile/tree/main/file/gis/POI/60/IMG_20260215_101515728.jpg", "Altitude": 3266.0, "GoogleMaps": "http://maps.google.com/maps?q=5.325009805555555,-73.92473600000001", "OSMaps": "https://www.openstreetmap.org/query?lat=5.325009805555555&lon=-73.92473600000001" }, "geometry": { "type": "Point", "coordinates": [ -73.924736, 5.325009805555555 ] } },
{ "type": "Feature", "properties": { "URL": "https://github.com/rcfdtools/R.GISMobile/tree/main/file/gis/POI/60/IMG_20260215_101518309.jpg", "Altitude": 3266.0, "GoogleMaps": "http://maps.google.com/maps?q=5.325009805555555,-73.92473600000001", "OSMaps": "https://www.openstreetmap.org/query?lat=5.325009805555555&lon=-73.92473600000001" }, "geometry": { "type": "Point", "coordinates": [ -73.924736, 5.325009805555555 ] } },
{ "type": "Feature", "properties": { "URL": "https://github.com/rcfdtools/R.GISMobile/tree/main/file/gis/POI/60/IMG_20260215_101520918.jpg", "Altitude": 3266.0, "GoogleMaps": "http://maps.google.com/maps?q=5.325009805555555,-73.92473600000001", "OSMaps": "https://www.openstreetmap.org/query?lat=5.325009805555555&lon=-73.92473600000001" }, "geometry": { "type": "Point", "coordinates": [ -73.924736, 5.325009805555555 ] } },
{ "type": "Feature", "properties": { "URL": "https://github.com/rcfdtools/R.GISMobile/tree/main/file/gis/POI/60/IMG_20260215_101525542.jpg", "Altitude": 3266.0, "GoogleMaps": "http://maps.google.com/maps?q=5.325009805555555,-73.92473600000001", "OSMaps": "https://www.openstreetmap.org/query?lat=5.325009805555555&lon=-73.92473600000001" }, "geometry": { "type": "Point", "coordinates": [ -73.924736, 5.325009805555555 ] } },
{ "type": "Feature", "properties": { "URL": "https://github.com/rcfdtools/R.GISMobile/tree/main/file/gis/POI/60/IMG_20260215_101529398.jpg", "Altitude": 3266.0, "GoogleMaps": "http://maps.google.com/maps?q=5.325009805555555,-73.92473600000001", "OSMaps": "https://www.openstreetmap.org/query?lat=5.325009805555555&lon=-73.92473600000001" }, "geometry": { "type": "Point", "coordinates": [ -73.924736, 5.325009805555555 ] } },
{ "type": "Feature", "properties": { "URL": "https://github.com/rcfdtools/R.GISMobile/tree/main/file/gis/POI/60/IMG_20260215_110137934.jpg", "Altitude": 2987.0, "GoogleMaps": "http://maps.google.com/maps?q=5.348848805555555,-73.90204619444445", "OSMaps": "https://www.openstreetmap.org/query?lat=5.348848805555555&lon=-73.90204619444445" }, "geometry": { "type": "Point", "coordinates": [ -73.902046194444452, 5.348848805555555 ] } },
{ "type": "Feature", "properties": { "URL": "https://github.com/rcfdtools/R.GISMobile/tree/main/file/gis/POI/60/IMG_20260215_110140837.jpg", "Altitude": 2987.0, "GoogleMaps": "http://maps.google.com/maps?q=5.348848805555555,-73.90204619444445", "OSMaps": "https://www.openstreetmap.org/query?lat=5.348848805555555&lon=-73.90204619444445" }, "geometry": { "type": "Point", "coordinates": [ -73.902046194444452, 5.348848805555555 ] } },
{ "type": "Feature", "properties": { "URL": "https://github.com/rcfdtools/R.GISMobile/tree/main/file/gis/POI/60/IMG_20260215_110146279.jpg", "Altitude": 2987.0, "GoogleMaps": "http://maps.google.com/maps?q=5.348848805555555,-73.90204619444445", "OSMaps": "https://www.openstreetmap.org/query?lat=5.348848805555555&lon=-73.90204619444445" }, "geometry": { "type": "Point", "coordinates": [ -73.902046194444452, 5.348848805555555 ] } },
{ "type": "Feature", "properties": { "URL": "https://github.com/rcfdtools/R.GISMobile/tree/main/file/gis/POI/60/IMG_20260215_122406624.jpg", "Altitude": 3378.0, "GoogleMaps": "http://maps.google.com/maps?q=5.427843083333333,-73.8467636111111", "OSMaps": "https://www.openstreetmap.org/query?lat=5.427843083333333&lon=-73.8467636111111" }, "geometry": { "type": "Point", "coordinates": [ -73.846763611111101, 5.427843083333333 ] } },
{ "type": "Feature", "properties": { "URL": "https://github.com/rcfdtools/R.GISMobile/tree/main/file/gis/POI/60/IMG_20260215_122409168.jpg", "Altitude": 3378.0, "GoogleMaps": "http://maps.google.com/maps?q=5.427843083333333,-73.8467636111111", "OSMaps": "https://www.openstreetmap.org/query?lat=5.427843083333333&lon=-73.8467636111111" }, "geometry": { "type": "Point", "coordinates": [ -73.846763611111101, 5.427843083333333 ] } },
{ "type": "Feature", "properties": { "URL": "https://github.com/rcfdtools/R.GISMobile/tree/main/file/gis/POI/60/IMG_20260215_122742163_HDR.jpg", "Altitude": 3361.0, "GoogleMaps": "http://maps.google.com/maps?q=5.426805,-73.84656522222221", "OSMaps": "https://www.openstreetmap.org/query?lat=5.426805&lon=-73.84656522222221" }, "geometry": { "type": "Point", "coordinates": [ -73.84656522222221, 5.426805 ] } },
{ "type": "Feature", "properties": { "URL": "https://github.com/rcfdtools/R.GISMobile/tree/main/file/gis/POI/60/IMG_20260215_122744972.jpg", "Altitude": 3361.0, "GoogleMaps": "http://maps.google.com/maps?q=5.426805,-73.84656522222221", "OSMaps": "https://www.openstreetmap.org/query?lat=5.426805&lon=-73.84656522222221" }, "geometry": { "type": "Point", "coordinates": [ -73.84656522222221, 5.426805 ] } },
{ "type": "Feature", "properties": { "URL": "https://github.com/rcfdtools/R.GISMobile/tree/main/file/gis/POI/60/IMG_20260215_122922071.jpg", "Altitude": 3363.0, "GoogleMaps": "http://maps.google.com/maps?q=5.426384916666667,-73.84606169444444", "OSMaps": "https://www.openstreetmap.org/query?lat=5.426384916666667&lon=-73.84606169444444" }, "geometry": { "type": "Point", "coordinates": [ -73.846061694444444, 5.426384916666667 ] } },
{ "type": "Feature", "properties": { "URL": "https://github.com/rcfdtools/R.GISMobile/tree/main/file/gis/POI/60/IMG_20260215_122944488_HDR.jpg", "Altitude": 3363.0, "GoogleMaps": "http://maps.google.com/maps?q=5.426384916666667,-73.84606169444444", "OSMaps": "https://www.openstreetmap.org/query?lat=5.426384916666667&lon=-73.84606169444444" }, "geometry": { "type": "Point", "coordinates": [ -73.846061694444444, 5.426384916666667 ] } },
{ "type": "Feature", "properties": { "URL": "https://github.com/rcfdtools/R.GISMobile/tree/main/file/gis/POI/60/IMG_20260215_123041603_HDR.jpg", "Altitude": 3363.0, "GoogleMaps": "http://maps.google.com/maps?q=5.426191805555556,-73.84587094444444", "OSMaps": "https://www.openstreetmap.org/query?lat=5.426191805555556&lon=-73.84587094444444" }, "geometry": { "type": "Point", "coordinates": [ -73.845870944444442, 5.426191805555556 ] } },
{ "type": "Feature", "properties": { "URL": "https://github.com/rcfdtools/R.GISMobile/tree/main/file/gis/POI/60/IMG_20260215_123045587.jpg", "Altitude": 3363.0, "GoogleMaps": "http://maps.google.com/maps?q=5.426191805555556,-73.84587094444444", "OSMaps": "https://www.openstreetmap.org/query?lat=5.426191805555556&lon=-73.84587094444444" }, "geometry": { "type": "Point", "coordinates": [ -73.845870944444442, 5.426191805555556 ] } },
{ "type": "Feature", "properties": { "URL": "https://github.com/rcfdtools/R.GISMobile/tree/main/file/gis/POI/60/IMG_20260215_123249179.jpg", "Altitude": 3363.0, "GoogleMaps": "http://maps.google.com/maps?q=5.425944805555556,-73.845726", "OSMaps": "https://www.openstreetmap.org/query?lat=5.425944805555556&lon=-73.845726" }, "geometry": { "type": "Point", "coordinates": [ -73.845726, 5.425944805555556 ] } },
{ "type": "Feature", "properties": { "URL": "https://github.com/rcfdtools/R.GISMobile/tree/main/file/gis/POI/60/IMG_20260215_123254128.jpg", "Altitude": 3363.0, "GoogleMaps": "http://maps.google.com/maps?q=5.425944805555556,-73.845726", "OSMaps": "https://www.openstreetmap.org/query?lat=5.425944805555556&lon=-73.845726" }, "geometry": { "type": "Point", "coordinates": [ -73.845726, 5.425944805555556 ] } },
{ "type": "Feature", "properties": { "URL": "https://github.com/rcfdtools/R.GISMobile/tree/main/file/gis/POI/60/IMG_20260215_123319772.jpg", "Altitude": 3363.0, "GoogleMaps": "http://maps.google.com/maps?q=5.425951944444445,-73.84554288888889", "OSMaps": "https://www.openstreetmap.org/query?lat=5.425951944444445&lon=-73.84554288888889" }, "geometry": { "type": "Point", "coordinates": [ -73.845542888888886, 5.425951944444445 ] } },
{ "type": "Feature", "properties": { "URL": "https://github.com/rcfdtools/R.GISMobile/tree/main/file/gis/POI/60/IMG_20260215_123323821.jpg", "Altitude": 3363.0, "GoogleMaps": "http://maps.google.com/maps?q=5.425951944444445,-73.84554288888889", "OSMaps": "https://www.openstreetmap.org/query?lat=5.425951944444445&lon=-73.84554288888889" }, "geometry": { "type": "Point", "coordinates": [ -73.845542888888886, 5.425951944444445 ] } },
{ "type": "Feature", "properties": { "URL": "https://github.com/rcfdtools/R.GISMobile/tree/main/file/gis/POI/60/IMG_20260215_123342713.jpg", "Altitude": 3363.0, "GoogleMaps": "http://maps.google.com/maps?q=5.425951944444445,-73.84554288888889", "OSMaps": "https://www.openstreetmap.org/query?lat=5.425951944444445&lon=-73.84554288888889" }, "geometry": { "type": "Point", "coordinates": [ -73.845542888888886, 5.425951944444445 ] } },
{ "type": "Feature", "properties": { "URL": "https://github.com/rcfdtools/R.GISMobile/tree/main/file/gis/POI/60/IMG_20260215_123517257.jpg", "Altitude": 3368.0, "GoogleMaps": "http://maps.google.com/maps?q=5.426344861111112,-73.84547422222222", "OSMaps": "https://www.openstreetmap.org/query?lat=5.426344861111112&lon=-73.84547422222222" }, "geometry": { "type": "Point", "coordinates": [ -73.845474222222222, 5.426344861111112 ] } },
{ "type": "Feature", "properties": { "URL": "https://github.com/rcfdtools/R.GISMobile/tree/main/file/gis/POI/60/IMG_20260215_123530305_HDR.jpg", "Altitude": 3368.0, "GoogleMaps": "http://maps.google.com/maps?q=5.426344861111112,-73.84547422222222", "OSMaps": "https://www.openstreetmap.org/query?lat=5.426344861111112&lon=-73.84547422222222" }, "geometry": { "type": "Point", "coordinates": [ -73.845474222222222, 5.426344861111112 ] } },
{ "type": "Feature", "properties": { "URL": "https://github.com/rcfdtools/R.GISMobile/tree/main/file/gis/POI/60/IMG_20260215_123534471_HDR.jpg", "Altitude": 3368.0, "GoogleMaps": "http://maps.google.com/maps?q=5.426344861111112,-73.84547422222222", "OSMaps": "https://www.openstreetmap.org/query?lat=5.426344861111112&lon=-73.84547422222222" }, "geometry": { "type": "Point", "coordinates": [ -73.845474222222222, 5.426344861111112 ] } },
{ "type": "Feature", "properties": { "URL": "https://github.com/rcfdtools/R.GISMobile/tree/main/file/gis/POI/60/IMG_20260215_123539080_HDR.jpg", "Altitude": 3368.0, "GoogleMaps": "http://maps.google.com/maps?q=5.426344861111112,-73.84547422222222", "OSMaps": "https://www.openstreetmap.org/query?lat=5.426344861111112&lon=-73.84547422222222" }, "geometry": { "type": "Point", "coordinates": [ -73.845474222222222, 5.426344861111112 ] } },
{ "type": "Feature", "properties": { "URL": "https://github.com/rcfdtools/R.GISMobile/tree/main/file/gis/POI/60/IMG_20260215_123601231_HDR.jpg", "Altitude": 3368.0, "GoogleMaps": "http://maps.google.com/maps?q=5.426344861111112,-73.84547422222222", "OSMaps": "https://www.openstreetmap.org/query?lat=5.426344861111112&lon=-73.84547422222222" }, "geometry": { "type": "Point", "coordinates": [ -73.845474222222222, 5.426344861111112 ] } },
{ "type": "Feature", "properties": { "URL": "https://github.com/rcfdtools/R.GISMobile/tree/main/file/gis/POI/60/IMG_20260215_123608093.jpg", "Altitude": 3368.0, "GoogleMaps": "http://maps.google.com/maps?q=5.426344861111112,-73.84547422222222", "OSMaps": "https://www.openstreetmap.org/query?lat=5.426344861111112&lon=-73.84547422222222" }, "geometry": { "type": "Point", "coordinates": [ -73.845474222222222, 5.426344861111112 ] } },
{ "type": "Feature", "properties": { "URL": "https://github.com/rcfdtools/R.GISMobile/tree/main/file/gis/POI/60/IMG_20260215_123622052.jpg", "Altitude": 3368.0, "GoogleMaps": "http://maps.google.com/maps?q=5.426344861111112,-73.84547422222222", "OSMaps": "https://www.openstreetmap.org/query?lat=5.426344861111112&lon=-73.84547422222222" }, "geometry": { "type": "Point", "coordinates": [ -73.845474222222222, 5.426344861111112 ] } },
{ "type": "Feature", "properties": { "URL": "https://github.com/rcfdtools/R.GISMobile/tree/main/file/gis/POI/60/IMG_20260215_123627048.jpg", "Altitude": 3368.0, "GoogleMaps": "http://maps.google.com/maps?q=5.426344861111112,-73.84547422222222", "OSMaps": "https://www.openstreetmap.org/query?lat=5.426344861111112&lon=-73.84547422222222" }, "geometry": { "type": "Point", "coordinates": [ -73.845474222222222, 5.426344861111112 ] } },
{ "type": "Feature", "properties": { "URL": "https://github.com/rcfdtools/R.GISMobile/tree/main/file/gis/POI/60/IMG_20260215_123629452.jpg", "Altitude": 3368.0, "GoogleMaps": "http://maps.google.com/maps?q=5.426344861111112,-73.84547422222222", "OSMaps": "https://www.openstreetmap.org/query?lat=5.426344861111112&lon=-73.84547422222222" }, "geometry": { "type": "Point", "coordinates": [ -73.845474222222222, 5.426344861111112 ] } },
{ "type": "Feature", "properties": { "URL": "https://github.com/rcfdtools/R.GISMobile/tree/main/file/gis/POI/60/IMG_20260215_123641132.jpg", "Altitude": 3368.0, "GoogleMaps": "http://maps.google.com/maps?q=5.426344861111112,-73.84547422222222", "OSMaps": "https://www.openstreetmap.org/query?lat=5.426344861111112&lon=-73.84547422222222" }, "geometry": { "type": "Point", "coordinates": [ -73.845474222222222, 5.426344861111112 ] } },
{ "type": "Feature", "properties": { "URL": "https://github.com/rcfdtools/R.GISMobile/tree/main/file/gis/POI/60/IMG_20260215_123700934.jpg", "Altitude": 3368.0, "GoogleMaps": "http://maps.google.com/maps?q=5.426344861111112,-73.84547422222222", "OSMaps": "https://www.openstreetmap.org/query?lat=5.426344861111112&lon=-73.84547422222222" }, "geometry": { "type": "Point", "coordinates": [ -73.845474222222222, 5.426344861111112 ] } },
{ "type": "Feature", "properties": { "URL": "https://github.com/rcfdtools/R.GISMobile/tree/main/file/gis/POI/60/IMG_20260215_123705155.jpg", "Altitude": 3368.0, "GoogleMaps": "http://maps.google.com/maps?q=5.426344861111112,-73.84547422222222", "OSMaps": "https://www.openstreetmap.org/query?lat=5.426344861111112&lon=-73.84547422222222" }, "geometry": { "type": "Point", "coordinates": [ -73.845474222222222, 5.426344861111112 ] } },
{ "type": "Feature", "properties": { "URL": "https://github.com/rcfdtools/R.GISMobile/tree/main/file/gis/POI/60/IMG_20260215_123709037.jpg", "Altitude": 3368.0, "GoogleMaps": "http://maps.google.com/maps?q=5.426344861111112,-73.84547422222222", "OSMaps": "https://www.openstreetmap.org/query?lat=5.426344861111112&lon=-73.84547422222222" }, "geometry": { "type": "Point", "coordinates": [ -73.845474222222222, 5.426344861111112 ] } },
{ "type": "Feature", "properties": { "URL": "https://github.com/rcfdtools/R.GISMobile/tree/main/file/gis/POI/60/IMG_20260215_123722470.jpg", "Altitude": 3368.0, "GoogleMaps": "http://maps.google.com/maps?q=5.426344861111112,-73.84547422222222", "OSMaps": "https://www.openstreetmap.org/query?lat=5.426344861111112&lon=-73.84547422222222" }, "geometry": { "type": "Point", "coordinates": [ -73.845474222222222, 5.426344861111112 ] } },
{ "type": "Feature", "properties": { "URL": "https://github.com/rcfdtools/R.GISMobile/tree/main/file/gis/POI/60/IMG_20260215_123747134_HDR.jpg", "Altitude": 3368.0, "GoogleMaps": "http://maps.google.com/maps?q=5.426344861111112,-73.84547422222222", "OSMaps": "https://www.openstreetmap.org/query?lat=5.426344861111112&lon=-73.84547422222222" }, "geometry": { "type": "Point", "coordinates": [ -73.845474222222222, 5.426344861111112 ] } },
{ "type": "Feature", "properties": { "URL": "https://github.com/rcfdtools/R.GISMobile/tree/main/file/gis/POI/60/IMG_20260215_123751468.jpg", "Altitude": 3368.0, "GoogleMaps": "http://maps.google.com/maps?q=5.426344861111112,-73.84547422222222", "OSMaps": "https://www.openstreetmap.org/query?lat=5.426344861111112&lon=-73.84547422222222" }, "geometry": { "type": "Point", "coordinates": [ -73.845474222222222, 5.426344861111112 ] } },
{ "type": "Feature", "properties": { "URL": "https://github.com/rcfdtools/R.GISMobile/tree/main/file/gis/POI/60/IMG_20260215_123756398_HDR.jpg", "Altitude": 3368.0, "GoogleMaps": "http://maps.google.com/maps?q=5.426344861111112,-73.84547422222222", "OSMaps": "https://www.openstreetmap.org/query?lat=5.426344861111112&lon=-73.84547422222222" }, "geometry": { "type": "Point", "coordinates": [ -73.845474222222222, 5.426344861111112 ] } },
{ "type": "Feature", "properties": { "URL": "https://github.com/rcfdtools/R.GISMobile/tree/main/file/gis/POI/60/IMG_20260215_123804911_HDR.jpg", "Altitude": 3368.0, "GoogleMaps": "http://maps.google.com/maps?q=5.426344861111112,-73.84547422222222", "OSMaps": "https://www.openstreetmap.org/query?lat=5.426344861111112&lon=-73.84547422222222" }, "geometry": { "type": "Point", "coordinates": [ -73.845474222222222, 5.426344861111112 ] } },
{ "type": "Feature", "properties": { "URL": "https://github.com/rcfdtools/R.GISMobile/tree/main/file/gis/POI/60/IMG_20260215_123816896_HDR.jpg", "Altitude": 3368.0, "GoogleMaps": "http://maps.google.com/maps?q=5.426344861111112,-73.84547422222222", "OSMaps": "https://www.openstreetmap.org/query?lat=5.426344861111112&lon=-73.84547422222222" }, "geometry": { "type": "Point", "coordinates": [ -73.845474222222222, 5.426344861111112 ] } },
{ "type": "Feature", "properties": { "URL": "https://github.com/rcfdtools/R.GISMobile/tree/main/file/gis/POI/60/IMG_20260215_123822448.jpg", "Altitude": 3368.0, "GoogleMaps": "http://maps.google.com/maps?q=5.426344861111112,-73.84547422222222", "OSMaps": "https://www.openstreetmap.org/query?lat=5.426344861111112&lon=-73.84547422222222" }, "geometry": { "type": "Point", "coordinates": [ -73.845474222222222, 5.426344861111112 ] } },
{ "type": "Feature", "properties": { "URL": "https://github.com/rcfdtools/R.GISMobile/tree/main/file/gis/POI/60/IMG_20260215_123825219.jpg", "Altitude": 3368.0, "GoogleMaps": "http://maps.google.com/maps?q=5.426344861111112,-73.84547422222222", "OSMaps": "https://www.openstreetmap.org/query?lat=5.426344861111112&lon=-73.84547422222222" }, "geometry": { "type": "Point", "coordinates": [ -73.845474222222222, 5.426344861111112 ] } },
{ "type": "Feature", "properties": { "URL": "https://github.com/rcfdtools/R.GISMobile/tree/main/file/gis/POI/60/IMG_20260215_123828091.jpg", "Altitude": 3368.0, "GoogleMaps": "http://maps.google.com/maps?q=5.426344861111112,-73.84547422222222", "OSMaps": "https://www.openstreetmap.org/query?lat=5.426344861111112&lon=-73.84547422222222" }, "geometry": { "type": "Point", "coordinates": [ -73.845474222222222, 5.426344861111112 ] } },
{ "type": "Feature", "properties": { "URL": "https://github.com/rcfdtools/R.GISMobile/tree/main/file/gis/POI/60/IMG_20260215_123841466.jpg", "Altitude": 3368.0, "GoogleMaps": "http://maps.google.com/maps?q=5.426344861111112,-73.84547422222222", "OSMaps": "https://www.openstreetmap.org/query?lat=5.426344861111112&lon=-73.84547422222222" }, "geometry": { "type": "Point", "coordinates": [ -73.845474222222222, 5.426344861111112 ] } },
{ "type": "Feature", "properties": { "URL": "https://github.com/rcfdtools/R.GISMobile/tree/main/file/gis/POI/60/IMG_20260215_123852455.jpg", "Altitude": 3368.0, "GoogleMaps": "http://maps.google.com/maps?q=5.426344861111112,-73.84547422222222", "OSMaps": "https://www.openstreetmap.org/query?lat=5.426344861111112&lon=-73.84547422222222" }, "geometry": { "type": "Point", "coordinates": [ -73.845474222222222, 5.426344861111112 ] } },
{ "type": "Feature", "properties": { "URL": "https://github.com/rcfdtools/R.GISMobile/tree/main/file/gis/POI/60/IMG_20260215_124045213_HDR.jpg", "Altitude": 3370.0, "GoogleMaps": "http://maps.google.com/maps?q=5.426757805555556,-73.84484099999999", "OSMaps": "https://www.openstreetmap.org/query?lat=5.426757805555556&lon=-73.84484099999999" }, "geometry": { "type": "Point", "coordinates": [ -73.844841, 5.426757805555556 ] } },
{ "type": "Feature", "properties": { "URL": "https://github.com/rcfdtools/R.GISMobile/tree/main/file/gis/POI/60/IMG_20260215_124048716.jpg", "Altitude": 3370.0, "GoogleMaps": "http://maps.google.com/maps?q=5.426757805555556,-73.84484099999999", "OSMaps": "https://www.openstreetmap.org/query?lat=5.426757805555556&lon=-73.84484099999999" }, "geometry": { "type": "Point", "coordinates": [ -73.844841, 5.426757805555556 ] } },
{ "type": "Feature", "properties": { "URL": "https://github.com/rcfdtools/R.GISMobile/tree/main/file/gis/POI/60/IMG_20260215_124052184.jpg", "Altitude": 3370.0, "GoogleMaps": "http://maps.google.com/maps?q=5.426757805555556,-73.84484099999999", "OSMaps": "https://www.openstreetmap.org/query?lat=5.426757805555556&lon=-73.84484099999999" }, "geometry": { "type": "Point", "coordinates": [ -73.844841, 5.426757805555556 ] } },
{ "type": "Feature", "properties": { "URL": "https://github.com/rcfdtools/R.GISMobile/tree/main/file/gis/POI/60/IMG_20260215_124059083.jpg", "Altitude": 3370.0, "GoogleMaps": "http://maps.google.com/maps?q=5.426757805555556,-73.84484099999999", "OSMaps": "https://www.openstreetmap.org/query?lat=5.426757805555556&lon=-73.84484099999999" }, "geometry": { "type": "Point", "coordinates": [ -73.844841, 5.426757805555556 ] } },
{ "type": "Feature", "properties": { "URL": "https://github.com/rcfdtools/R.GISMobile/tree/main/file/gis/POI/60/IMG_20260215_124114710.jpg", "Altitude": 3370.0, "GoogleMaps": "http://maps.google.com/maps?q=5.426757805555556,-73.84484099999999", "OSMaps": "https://www.openstreetmap.org/query?lat=5.426757805555556&lon=-73.84484099999999" }, "geometry": { "type": "Point", "coordinates": [ -73.844841, 5.426757805555556 ] } },
{ "type": "Feature", "properties": { "URL": "https://github.com/rcfdtools/R.GISMobile/tree/main/file/gis/POI/60/IMG_20260215_124134011.jpg", "Altitude": 3370.0, "GoogleMaps": "http://maps.google.com/maps?q=5.426757805555556,-73.84484099999999", "OSMaps": "https://www.openstreetmap.org/query?lat=5.426757805555556&lon=-73.84484099999999" }, "geometry": { "type": "Point", "coordinates": [ -73.844841, 5.426757805555556 ] } },
{ "type": "Feature", "properties": { "URL": "https://github.com/rcfdtools/R.GISMobile/tree/main/file/gis/POI/60/IMG_20260215_124138228.jpg", "Altitude": 3370.0, "GoogleMaps": "http://maps.google.com/maps?q=5.426757805555556,-73.84484099999999", "OSMaps": "https://www.openstreetmap.org/query?lat=5.426757805555556&lon=-73.84484099999999" }, "geometry": { "type": "Point", "coordinates": [ -73.844841, 5.426757805555556 ] } },
{ "type": "Feature", "properties": { "URL": "https://github.com/rcfdtools/R.GISMobile/tree/main/file/gis/POI/60/IMG_20260215_124140564.jpg", "Altitude": 3370.0, "GoogleMaps": "http://maps.google.com/maps?q=5.426757805555556,-73.84484099999999", "OSMaps": "https://www.openstreetmap.org/query?lat=5.426757805555556&lon=-73.84484099999999" }, "geometry": { "type": "Point", "coordinates": [ -73.844841, 5.426757805555556 ] } },
{ "type": "Feature", "properties": { "URL": "https://github.com/rcfdtools/R.GISMobile/tree/main/file/gis/POI/60/IMG_20260215_124143719.jpg", "Altitude": 3370.0, "GoogleMaps": "http://maps.google.com/maps?q=5.426757805555556,-73.84484099999999", "OSMaps": "https://www.openstreetmap.org/query?lat=5.426757805555556&lon=-73.84484099999999" }, "geometry": { "type": "Point", "coordinates": [ -73.844841, 5.426757805555556 ] } },
{ "type": "Feature", "properties": { "URL": "https://github.com/rcfdtools/R.GISMobile/tree/main/file/gis/POI/60/IMG_20260215_124157793.jpg", "Altitude": 3370.0, "GoogleMaps": "http://maps.google.com/maps?q=5.426757805555556,-73.84484099999999", "OSMaps": "https://www.openstreetmap.org/query?lat=5.426757805555556&lon=-73.84484099999999" }, "geometry": { "type": "Point", "coordinates": [ -73.844841, 5.426757805555556 ] } },
{ "type": "Feature", "properties": { "URL": "https://github.com/rcfdtools/R.GISMobile/tree/main/file/gis/POI/60/IMG_20260215_124207889.jpg", "Altitude": 3370.0, "GoogleMaps": "http://maps.google.com/maps?q=5.426757805555556,-73.84484099999999", "OSMaps": "https://www.openstreetmap.org/query?lat=5.426757805555556&lon=-73.84484099999999" }, "geometry": { "type": "Point", "coordinates": [ -73.844841, 5.426757805555556 ] } },
{ "type": "Feature", "properties": { "URL": "https://github.com/rcfdtools/R.GISMobile/tree/main/file/gis/POI/60/IMG_20260215_124211756.jpg", "Altitude": 3370.0, "GoogleMaps": "http://maps.google.com/maps?q=5.426757805555556,-73.84484099999999", "OSMaps": "https://www.openstreetmap.org/query?lat=5.426757805555556&lon=-73.84484099999999" }, "geometry": { "type": "Point", "coordinates": [ -73.844841, 5.426757805555556 ] } },
{ "type": "Feature", "properties": { "URL": "https://github.com/rcfdtools/R.GISMobile/tree/main/file/gis/POI/60/IMG_20260215_124215876.jpg", "Altitude": 3370.0, "GoogleMaps": "http://maps.google.com/maps?q=5.426757805555556,-73.84484099999999", "OSMaps": "https://www.openstreetmap.org/query?lat=5.426757805555556&lon=-73.84484099999999" }, "geometry": { "type": "Point", "coordinates": [ -73.844841, 5.426757805555556 ] } },
{ "type": "Feature", "properties": { "URL": "https://github.com/rcfdtools/R.GISMobile/tree/main/file/gis/POI/60/IMG_20260215_124219676.jpg", "Altitude": 3370.0, "GoogleMaps": "http://maps.google.com/maps?q=5.426757805555556,-73.84484099999999", "OSMaps": "https://www.openstreetmap.org/query?lat=5.426757805555556&lon=-73.84484099999999" }, "geometry": { "type": "Point", "coordinates": [ -73.844841, 5.426757805555556 ] } },
{ "type": "Feature", "properties": { "URL": "https://github.com/rcfdtools/R.GISMobile/tree/main/file/gis/POI/60/IMG_20260215_124222830.jpg", "Altitude": 3370.0, "GoogleMaps": "http://maps.google.com/maps?q=5.426757805555556,-73.84484099999999", "OSMaps": "https://www.openstreetmap.org/query?lat=5.426757805555556&lon=-73.84484099999999" }, "geometry": { "type": "Point", "coordinates": [ -73.844841, 5.426757805555556 ] } },
{ "type": "Feature", "properties": { "URL": "https://github.com/rcfdtools/R.GISMobile/tree/main/file/gis/POI/60/IMG_20260215_124252672.jpg", "Altitude": 3370.0, "GoogleMaps": "http://maps.google.com/maps?q=5.426757805555556,-73.84484099999999", "OSMaps": "https://www.openstreetmap.org/query?lat=5.426757805555556&lon=-73.84484099999999" }, "geometry": { "type": "Point", "coordinates": [ -73.844841, 5.426757805555556 ] } },
{ "type": "Feature", "properties": { "URL": "https://github.com/rcfdtools/R.GISMobile/tree/main/file/gis/POI/60/IMG_20260215_124300028.jpg", "Altitude": 3370.0, "GoogleMaps": "http://maps.google.com/maps?q=5.426757805555556,-73.84484099999999", "OSMaps": "https://www.openstreetmap.org/query?lat=5.426757805555556&lon=-73.84484099999999" }, "geometry": { "type": "Point", "coordinates": [ -73.844841, 5.426757805555556 ] } },
{ "type": "Feature", "properties": { "URL": "https://github.com/rcfdtools/R.GISMobile/tree/main/file/gis/POI/60/IMG_20260215_124313076.jpg", "Altitude": 3370.0, "GoogleMaps": "http://maps.google.com/maps?q=5.426757805555556,-73.84484099999999", "OSMaps": "https://www.openstreetmap.org/query?lat=5.426757805555556&lon=-73.84484099999999" }, "geometry": { "type": "Point", "coordinates": [ -73.844841, 5.426757805555556 ] } },
{ "type": "Feature", "properties": { "URL": "https://github.com/rcfdtools/R.GISMobile/tree/main/file/gis/POI/60/IMG_20260215_124405782.jpg", "Altitude": 3370.0, "GoogleMaps": "http://maps.google.com/maps?q=5.426757805555556,-73.84484099999999", "OSMaps": "https://www.openstreetmap.org/query?lat=5.426757805555556&lon=-73.84484099999999" }, "geometry": { "type": "Point", "coordinates": [ -73.844841, 5.426757805555556 ] } },
{ "type": "Feature", "properties": { "URL": "https://github.com/rcfdtools/R.GISMobile/tree/main/file/gis/POI/60/IMG_20260215_124427548_HDR.jpg", "Altitude": 3370.0, "GoogleMaps": "http://maps.google.com/maps?q=5.426757805555556,-73.84484099999999", "OSMaps": "https://www.openstreetmap.org/query?lat=5.426757805555556&lon=-73.84484099999999" }, "geometry": { "type": "Point", "coordinates": [ -73.844841, 5.426757805555556 ] } },
{ "type": "Feature", "properties": { "URL": "https://github.com/rcfdtools/R.GISMobile/tree/main/file/gis/POI/60/IMG_20260215_124433250_HDR.jpg", "Altitude": 3370.0, "GoogleMaps": "http://maps.google.com/maps?q=5.426757805555556,-73.84484099999999", "OSMaps": "https://www.openstreetmap.org/query?lat=5.426757805555556&lon=-73.84484099999999" }, "geometry": { "type": "Point", "coordinates": [ -73.844841, 5.426757805555556 ] } },
{ "type": "Feature", "properties": { "URL": "https://github.com/rcfdtools/R.GISMobile/tree/main/file/gis/POI/60/IMG_20260215_124506567.jpg", "Altitude": 3370.0, "GoogleMaps": "http://maps.google.com/maps?q=5.426757805555556,-73.84484099999999", "OSMaps": "https://www.openstreetmap.org/query?lat=5.426757805555556&lon=-73.84484099999999" }, "geometry": { "type": "Point", "coordinates": [ -73.844841, 5.426757805555556 ] } },
{ "type": "Feature", "properties": { "URL": "https://github.com/rcfdtools/R.GISMobile/tree/main/file/gis/POI/60/IMG_20260215_124718642.jpg", "Altitude": 3382.0, "GoogleMaps": "http://maps.google.com/maps?q=5.426970000000001,-73.84484099999999", "OSMaps": "https://www.openstreetmap.org/query?lat=5.426970000000001&lon=-73.84484099999999" }, "geometry": { "type": "Point", "coordinates": [ -73.844841, 5.42697 ] } },
{ "type": "Feature", "properties": { "URL": "https://github.com/rcfdtools/R.GISMobile/tree/main/file/gis/POI/60/IMG_20260215_124725228.jpg", "Altitude": 3382.0, "GoogleMaps": "http://maps.google.com/maps?q=5.426970000000001,-73.84484099999999", "OSMaps": "https://www.openstreetmap.org/query?lat=5.426970000000001&lon=-73.84484099999999" }, "geometry": { "type": "Point", "coordinates": [ -73.844841, 5.42697 ] } },
{ "type": "Feature", "properties": { "URL": "https://github.com/rcfdtools/R.GISMobile/tree/main/file/gis/POI/60/IMG_20260215_125227095.jpg", "Altitude": 3375.0, "GoogleMaps": "http://maps.google.com/maps?q=5.426173194444445,-73.84577177777777", "OSMaps": "https://www.openstreetmap.org/query?lat=5.426173194444445&lon=-73.84577177777777" }, "geometry": { "type": "Point", "coordinates": [ -73.84577177777777, 5.426173194444445 ] } },
{ "type": "Feature", "properties": { "URL": "https://github.com/rcfdtools/R.GISMobile/tree/main/file/gis/POI/60/IMG_20260215_125240693.jpg", "Altitude": 3375.0, "GoogleMaps": "http://maps.google.com/maps?q=5.426173194444445,-73.84577177777777", "OSMaps": "https://www.openstreetmap.org/query?lat=5.426173194444445&lon=-73.84577177777777" }, "geometry": { "type": "Point", "coordinates": [ -73.84577177777777, 5.426173194444445 ] } },
{ "type": "Feature", "properties": { "URL": "https://github.com/rcfdtools/R.GISMobile/tree/main/file/gis/POI/60/IMG_20260215_125304635.jpg", "Altitude": 3375.0, "GoogleMaps": "http://maps.google.com/maps?q=5.426173194444445,-73.84577177777777", "OSMaps": "https://www.openstreetmap.org/query?lat=5.426173194444445&lon=-73.84577177777777" }, "geometry": { "type": "Point", "coordinates": [ -73.84577177777777, 5.426173194444445 ] } },
{ "type": "Feature", "properties": { "URL": "https://github.com/rcfdtools/R.GISMobile/tree/main/file/gis/POI/60/IMG_20260215_125307885.jpg", "Altitude": 3375.0, "GoogleMaps": "http://maps.google.com/maps?q=5.426173194444445,-73.84577177777777", "OSMaps": "https://www.openstreetmap.org/query?lat=5.426173194444445&lon=-73.84577177777777" }, "geometry": { "type": "Point", "coordinates": [ -73.84577177777777, 5.426173194444445 ] } },
{ "type": "Feature", "properties": { "URL": "https://github.com/rcfdtools/R.GISMobile/tree/main/file/gis/POI/60/IMG_20260215_125324737.jpg", "Altitude": 3375.0, "GoogleMaps": "http://maps.google.com/maps?q=5.426173194444445,-73.84577177777777", "OSMaps": "https://www.openstreetmap.org/query?lat=5.426173194444445&lon=-73.84577177777777" }, "geometry": { "type": "Point", "coordinates": [ -73.84577177777777, 5.426173194444445 ] } },
{ "type": "Feature", "properties": { "URL": "https://github.com/rcfdtools/R.GISMobile/tree/main/file/gis/POI/60/IMG_20260215_125410019_HDR.jpg", "Altitude": 3376.0, "GoogleMaps": "http://maps.google.com/maps?q=5.426173194444445,-73.84562680555555", "OSMaps": "https://www.openstreetmap.org/query?lat=5.426173194444445&lon=-73.84562680555555" }, "geometry": { "type": "Point", "coordinates": [ -73.845626805555554, 5.426173194444445 ] } },
{ "type": "Feature", "properties": { "URL": "https://github.com/rcfdtools/R.GISMobile/tree/main/file/gis/POI/60/IMG_20260215_125420697.jpg", "Altitude": 3376.0, "GoogleMaps": "http://maps.google.com/maps?q=5.426173194444445,-73.84562680555555", "OSMaps": "https://www.openstreetmap.org/query?lat=5.426173194444445&lon=-73.84562680555555" }, "geometry": { "type": "Point", "coordinates": [ -73.845626805555554, 5.426173194444445 ] } },
{ "type": "Feature", "properties": { "URL": "https://github.com/rcfdtools/R.GISMobile/tree/main/file/gis/POI/60/IMG_20260215_125511856.jpg", "Altitude": 3376.0, "GoogleMaps": "http://maps.google.com/maps?q=5.426300027777778,-73.84586333333333", "OSMaps": "https://www.openstreetmap.org/query?lat=5.426300027777778&lon=-73.84586333333333" }, "geometry": { "type": "Point", "coordinates": [ -73.845863333333327, 5.426300027777778 ] } },
{ "type": "Feature", "properties": { "URL": "https://github.com/rcfdtools/R.GISMobile/tree/main/file/gis/POI/60/IMG_20260215_125516372.jpg", "Altitude": 3376.0, "GoogleMaps": "http://maps.google.com/maps?q=5.426300027777778,-73.84586333333333", "OSMaps": "https://www.openstreetmap.org/query?lat=5.426300027777778&lon=-73.84586333333333" }, "geometry": { "type": "Point", "coordinates": [ -73.845863333333327, 5.426300027777778 ] } },
{ "type": "Feature", "properties": { "URL": "https://github.com/rcfdtools/R.GISMobile/tree/main/file/gis/POI/60/IMG_20260215_125521955.jpg", "Altitude": 3376.0, "GoogleMaps": "http://maps.google.com/maps?q=5.426300027777778,-73.84586333333333", "OSMaps": "https://www.openstreetmap.org/query?lat=5.426300027777778&lon=-73.84586333333333" }, "geometry": { "type": "Point", "coordinates": [ -73.845863333333327, 5.426300027777778 ] } },
{ "type": "Feature", "properties": { "URL": "https://github.com/rcfdtools/R.GISMobile/tree/main/file/gis/POI/60/IMG_20260215_125549695.jpg", "Altitude": 3376.0, "GoogleMaps": "http://maps.google.com/maps?q=5.426300027777778,-73.84586333333333", "OSMaps": "https://www.openstreetmap.org/query?lat=5.426300027777778&lon=-73.84586333333333" }, "geometry": { "type": "Point", "coordinates": [ -73.845863333333327, 5.426300027777778 ] } },
{ "type": "Feature", "properties": { "URL": "https://github.com/rcfdtools/R.GISMobile/tree/main/file/gis/POI/60/IMG_20260215_125556820.jpg", "Altitude": 3376.0, "GoogleMaps": "http://maps.google.com/maps?q=5.426300027777778,-73.84586333333333", "OSMaps": "https://www.openstreetmap.org/query?lat=5.426300027777778&lon=-73.84586333333333" }, "geometry": { "type": "Point", "coordinates": [ -73.845863333333327, 5.426300027777778 ] } },
{ "type": "Feature", "properties": { "URL": "https://github.com/rcfdtools/R.GISMobile/tree/main/file/gis/POI/60/IMG_20260215_125606498.jpg", "Altitude": 3376.0, "GoogleMaps": "http://maps.google.com/maps?q=5.426300027777778,-73.84586333333333", "OSMaps": "https://www.openstreetmap.org/query?lat=5.426300027777778&lon=-73.84586333333333" }, "geometry": { "type": "Point", "coordinates": [ -73.845863333333327, 5.426300027777778 ] } },
{ "type": "Feature", "properties": { "URL": "https://github.com/rcfdtools/R.GISMobile/tree/main/file/gis/POI/60/IMG_20260215_125636814_HDR.jpg", "Altitude": 3376.0, "GoogleMaps": "http://maps.google.com/maps?q=5.426052083333333,-73.84584044444443", "OSMaps": "https://www.openstreetmap.org/query?lat=5.426052083333333&lon=-73.84584044444443" }, "geometry": { "type": "Point", "coordinates": [ -73.845840444444434, 5.426052083333333 ] } },
{ "type": "Feature", "properties": { "URL": "https://github.com/rcfdtools/R.GISMobile/tree/main/file/gis/POI/60/IMG_20260215_125645409.jpg", "Altitude": 3376.0, "GoogleMaps": "http://maps.google.com/maps?q=5.426052083333333,-73.84584044444443", "OSMaps": "https://www.openstreetmap.org/query?lat=5.426052083333333&lon=-73.84584044444443" }, "geometry": { "type": "Point", "coordinates": [ -73.845840444444434, 5.426052083333333 ] } },
{ "type": "Feature", "properties": { "URL": "https://github.com/rcfdtools/R.GISMobile/tree/main/file/gis/POI/60/IMG_20260215_125701707_HDR.jpg", "Altitude": 3376.0, "GoogleMaps": "http://maps.google.com/maps?q=5.426052083333333,-73.84584044444443", "OSMaps": "https://www.openstreetmap.org/query?lat=5.426052083333333&lon=-73.84584044444443" }, "geometry": { "type": "Point", "coordinates": [ -73.845840444444434, 5.426052083333333 ] } },
{ "type": "Feature", "properties": { "URL": "https://github.com/rcfdtools/R.GISMobile/tree/main/file/gis/POI/60/IMG_20260215_125721043_HDR.jpg", "Altitude": 3376.0, "GoogleMaps": "http://maps.google.com/maps?q=5.426052083333333,-73.84584044444443", "OSMaps": "https://www.openstreetmap.org/query?lat=5.426052083333333&lon=-73.84584044444443" }, "geometry": { "type": "Point", "coordinates": [ -73.845840444444434, 5.426052083333333 ] } },
{ "type": "Feature", "properties": { "URL": "https://github.com/rcfdtools/R.GISMobile/tree/main/file/gis/POI/60/IMG_20260215_125741969_HDR.jpg", "Altitude": 3376.0, "GoogleMaps": "http://maps.google.com/maps?q=5.426052083333333,-73.84584044444443", "OSMaps": "https://www.openstreetmap.org/query?lat=5.426052083333333&lon=-73.84584044444443" }, "geometry": { "type": "Point", "coordinates": [ -73.845840444444434, 5.426052083333333 ] } },
{ "type": "Feature", "properties": { "URL": "https://github.com/rcfdtools/R.GISMobile/tree/main/file/gis/POI/60/IMG_20260215_125804322.jpg", "Altitude": 3376.0, "GoogleMaps": "http://maps.google.com/maps?q=5.426052083333333,-73.84584044444443", "OSMaps": "https://www.openstreetmap.org/query?lat=5.426052083333333&lon=-73.84584044444443" }, "geometry": { "type": "Point", "coordinates": [ -73.845840444444434, 5.426052083333333 ] } },
{ "type": "Feature", "properties": { "URL": "https://github.com/rcfdtools/R.GISMobile/tree/main/file/gis/POI/60/IMG_20260215_125824501.jpg", "Altitude": 3376.0, "GoogleMaps": "http://maps.google.com/maps?q=5.426052083333333,-73.84584044444443", "OSMaps": "https://www.openstreetmap.org/query?lat=5.426052083333333&lon=-73.84584044444443" }, "geometry": { "type": "Point", "coordinates": [ -73.845840444444434, 5.426052083333333 ] } },
{ "type": "Feature", "properties": { "URL": "https://github.com/rcfdtools/R.GISMobile/tree/main/file/gis/POI/60/IMG_20260215_125847593.jpg", "Altitude": 3376.0, "GoogleMaps": "http://maps.google.com/maps?q=5.426052083333333,-73.84584044444443", "OSMaps": "https://www.openstreetmap.org/query?lat=5.426052083333333&lon=-73.84584044444443" }, "geometry": { "type": "Point", "coordinates": [ -73.845840444444434, 5.426052083333333 ] } },
{ "type": "Feature", "properties": { "URL": "https://github.com/rcfdtools/R.GISMobile/tree/main/file/gis/POI/60/IMG_20260215_125854246.jpg", "Altitude": 3376.0, "GoogleMaps": "http://maps.google.com/maps?q=5.426052083333333,-73.84584044444443", "OSMaps": "https://www.openstreetmap.org/query?lat=5.426052083333333&lon=-73.84584044444443" }, "geometry": { "type": "Point", "coordinates": [ -73.845840444444434, 5.426052083333333 ] } },
{ "type": "Feature", "properties": { "URL": "https://github.com/rcfdtools/R.GISMobile/tree/main/file/gis/POI/60/IMG_20260215_130218557.jpg", "Altitude": 3400.0, "GoogleMaps": "http://maps.google.com/maps?q=5.425789833333334,-73.845726", "OSMaps": "https://www.openstreetmap.org/query?lat=5.425789833333334&lon=-73.845726" }, "geometry": { "type": "Point", "coordinates": [ -73.845726, 5.425789833333334 ] } },
{ "type": "Feature", "properties": { "URL": "https://github.com/rcfdtools/R.GISMobile/tree/main/file/gis/POI/60/IMG_20260215_130233682.jpg", "Altitude": 3400.0, "GoogleMaps": "http://maps.google.com/maps?q=5.425789833333334,-73.845726", "OSMaps": "https://www.openstreetmap.org/query?lat=5.425789833333334&lon=-73.845726" }, "geometry": { "type": "Point", "coordinates": [ -73.845726, 5.425789833333334 ] } },
{ "type": "Feature", "properties": { "URL": "https://github.com/rcfdtools/R.GISMobile/tree/main/file/gis/POI/60/IMG_20260215_130239611.jpg", "Altitude": 3400.0, "GoogleMaps": "http://maps.google.com/maps?q=5.425789833333334,-73.845726", "OSMaps": "https://www.openstreetmap.org/query?lat=5.425789833333334&lon=-73.845726" }, "geometry": { "type": "Point", "coordinates": [ -73.845726, 5.425789833333334 ] } },
{ "type": "Feature", "properties": { "URL": "https://github.com/rcfdtools/R.GISMobile/tree/main/file/gis/POI/60/IMG_20260215_130723761.jpg", "Altitude": 3378.0, "GoogleMaps": "http://maps.google.com/maps?q=5.425611972222223,-73.84579466666666", "OSMaps": "https://www.openstreetmap.org/query?lat=5.425611972222223&lon=-73.84579466666666" }, "geometry": { "type": "Point", "coordinates": [ -73.845794666666663, 5.425611972222223 ] } },
{ "type": "Feature", "properties": { "URL": "https://github.com/rcfdtools/R.GISMobile/tree/main/file/gis/POI/60/IMG_20260215_130852364_HDR.jpg", "Altitude": 3378.0, "GoogleMaps": "http://maps.google.com/maps?q=5.425644861111111,-73.84574888888888", "OSMaps": "https://www.openstreetmap.org/query?lat=5.425644861111111&lon=-73.84574888888888" }, "geometry": { "type": "Point", "coordinates": [ -73.845748888888878, 5.425644861111111 ] } },
{ "type": "Feature", "properties": { "URL": "https://github.com/rcfdtools/R.GISMobile/tree/main/file/gis/POI/60/IMG_20260215_130921771.jpg", "Altitude": 3378.0, "GoogleMaps": "http://maps.google.com/maps?q=5.425644861111111,-73.84574888888888", "OSMaps": "https://www.openstreetmap.org/query?lat=5.425644861111111&lon=-73.84574888888888" }, "geometry": { "type": "Point", "coordinates": [ -73.845748888888878, 5.425644861111111 ] } },
{ "type": "Feature", "properties": { "URL": "https://github.com/rcfdtools/R.GISMobile/tree/main/file/gis/POI/60/IMG_20260215_131206448_HDR.jpg", "Altitude": 3378.0, "GoogleMaps": "http://maps.google.com/maps?q=5.425561888888889,-73.84583280555555", "OSMaps": "https://www.openstreetmap.org/query?lat=5.425561888888889&lon=-73.84583280555555" }, "geometry": { "type": "Point", "coordinates": [ -73.845832805555546, 5.425561888888889 ] } },
{ "type": "Feature", "properties": { "URL": "https://github.com/rcfdtools/R.GISMobile/tree/main/file/gis/POI/60/IMG_20260215_131215177.jpg", "Altitude": 3378.0, "GoogleMaps": "http://maps.google.com/maps?q=5.425561888888889,-73.84583280555555", "OSMaps": "https://www.openstreetmap.org/query?lat=5.425561888888889&lon=-73.84583280555555" }, "geometry": { "type": "Point", "coordinates": [ -73.845832805555546, 5.425561888888889 ] } },
{ "type": "Feature", "properties": { "URL": "https://github.com/rcfdtools/R.GISMobile/tree/main/file/gis/POI/60/IMG_20260215_131222250_HDR.jpg", "Altitude": 3378.0, "GoogleMaps": "http://maps.google.com/maps?q=5.425561888888889,-73.84583280555555", "OSMaps": "https://www.openstreetmap.org/query?lat=5.425561888888889&lon=-73.84583280555555" }, "geometry": { "type": "Point", "coordinates": [ -73.845832805555546, 5.425561888888889 ] } },
{ "type": "Feature", "properties": { "URL": "https://github.com/rcfdtools/R.GISMobile/tree/main/file/gis/POI/60/IMG_20260215_131227720.jpg", "Altitude": 3378.0, "GoogleMaps": "http://maps.google.com/maps?q=5.425561888888889,-73.84583280555555", "OSMaps": "https://www.openstreetmap.org/query?lat=5.425561888888889&lon=-73.84583280555555" }, "geometry": { "type": "Point", "coordinates": [ -73.845832805555546, 5.425561888888889 ] } },
{ "type": "Feature", "properties": { "URL": "https://github.com/rcfdtools/R.GISMobile/tree/main/file/gis/POI/60/IMG_20260215_131237300_HDR.jpg", "Altitude": 3378.0, "GoogleMaps": "http://maps.google.com/maps?q=5.425561888888889,-73.84583280555555", "OSMaps": "https://www.openstreetmap.org/query?lat=5.425561888888889&lon=-73.84583280555555" }, "geometry": { "type": "Point", "coordinates": [ -73.845832805555546, 5.425561888888889 ] } },
{ "type": "Feature", "properties": { "URL": "https://github.com/rcfdtools/R.GISMobile/tree/main/file/gis/POI/60/IMG_20260215_131310754_HDR.jpg", "Altitude": 3378.0, "GoogleMaps": "http://maps.google.com/maps?q=5.425601944444445,-73.84564969444445", "OSMaps": "https://www.openstreetmap.org/query?lat=5.425601944444445&lon=-73.84564969444445" }, "geometry": { "type": "Point", "coordinates": [ -73.845649694444447, 5.425601944444445 ] } },
{ "type": "Feature", "properties": { "URL": "https://github.com/rcfdtools/R.GISMobile/tree/main/file/gis/POI/60/IMG_20260215_131315426_HDR.jpg", "Altitude": 3378.0, "GoogleMaps": "http://maps.google.com/maps?q=5.425601944444445,-73.84564969444445", "OSMaps": "https://www.openstreetmap.org/query?lat=5.425601944444445&lon=-73.84564969444445" }, "geometry": { "type": "Point", "coordinates": [ -73.845649694444447, 5.425601944444445 ] } },
{ "type": "Feature", "properties": { "URL": "https://github.com/rcfdtools/R.GISMobile/tree/main/file/gis/POI/60/IMG_20260215_131321313.jpg", "Altitude": 3378.0, "GoogleMaps": "http://maps.google.com/maps?q=5.425601944444445,-73.84564969444445", "OSMaps": "https://www.openstreetmap.org/query?lat=5.425601944444445&lon=-73.84564969444445" }, "geometry": { "type": "Point", "coordinates": [ -73.845649694444447, 5.425601944444445 ] } },
{ "type": "Feature", "properties": { "URL": "https://github.com/rcfdtools/R.GISMobile/tree/main/file/gis/POI/60/IMG_20260215_131346782.jpg", "Altitude": 3378.0, "GoogleMaps": "http://maps.google.com/maps?q=5.425601944444445,-73.84564969444445", "OSMaps": "https://www.openstreetmap.org/query?lat=5.425601944444445&lon=-73.84564969444445" }, "geometry": { "type": "Point", "coordinates": [ -73.845649694444447, 5.425601944444445 ] } },
{ "type": "Feature", "properties": { "URL": "https://github.com/rcfdtools/R.GISMobile/tree/main/file/gis/POI/60/IMG_20260215_131355014.jpg", "Altitude": 3378.0, "GoogleMaps": "http://maps.google.com/maps?q=5.425601944444445,-73.84564969444445", "OSMaps": "https://www.openstreetmap.org/query?lat=5.425601944444445&lon=-73.84564969444445" }, "geometry": { "type": "Point", "coordinates": [ -73.845649694444447, 5.425601944444445 ] } },
{ "type": "Feature", "properties": { "URL": "https://github.com/rcfdtools/R.GISMobile/tree/main/file/gis/POI/60/IMG_20260215_131359576.jpg", "Altitude": 3378.0, "GoogleMaps": "http://maps.google.com/maps?q=5.425601944444445,-73.84564969444445", "OSMaps": "https://www.openstreetmap.org/query?lat=5.425601944444445&lon=-73.84564969444445" }, "geometry": { "type": "Point", "coordinates": [ -73.845649694444447, 5.425601944444445 ] } },
{ "type": "Feature", "properties": { "URL": "https://github.com/rcfdtools/R.GISMobile/tree/main/file/gis/POI/60/IMG_20260215_131412635_HDR.jpg", "Altitude": 3378.0, "GoogleMaps": "http://maps.google.com/maps?q=5.425601944444445,-73.84564969444445", "OSMaps": "https://www.openstreetmap.org/query?lat=5.425601944444445&lon=-73.84564969444445" }, "geometry": { "type": "Point", "coordinates": [ -73.845649694444447, 5.425601944444445 ] } },
{ "type": "Feature", "properties": { "URL": "https://github.com/rcfdtools/R.GISMobile/tree/main/file/gis/POI/60/IMG_20260215_131446918.jpg", "Altitude": 3378.0, "GoogleMaps": "http://maps.google.com/maps?q=5.425601944444445,-73.84564969444445", "OSMaps": "https://www.openstreetmap.org/query?lat=5.425601944444445&lon=-73.84564969444445" }, "geometry": { "type": "Point", "coordinates": [ -73.845649694444447, 5.425601944444445 ] } },
{ "type": "Feature", "properties": { "URL": "https://github.com/rcfdtools/R.GISMobile/tree/main/file/gis/POI/60/IMG_20260215_131456432.jpg", "Altitude": 3378.0, "GoogleMaps": "http://maps.google.com/maps?q=5.425601944444445,-73.84564969444445", "OSMaps": "https://www.openstreetmap.org/query?lat=5.425601944444445&lon=-73.84564969444445" }, "geometry": { "type": "Point", "coordinates": [ -73.845649694444447, 5.425601944444445 ] } },
{ "type": "Feature", "properties": { "URL": "https://github.com/rcfdtools/R.GISMobile/tree/main/file/gis/POI/60/IMG_20260215_131501218.jpg", "Altitude": 3378.0, "GoogleMaps": "http://maps.google.com/maps?q=5.425601944444445,-73.84564969444445", "OSMaps": "https://www.openstreetmap.org/query?lat=5.425601944444445&lon=-73.84564969444445" }, "geometry": { "type": "Point", "coordinates": [ -73.845649694444447, 5.425601944444445 ] } },
{ "type": "Feature", "properties": { "URL": "https://github.com/rcfdtools/R.GISMobile/tree/main/file/gis/POI/60/IMG_20260215_131743471_HDR.jpg", "Altitude": 3377.0, "GoogleMaps": "http://maps.google.com/maps?q=5.425558083333334,-73.84584808333332", "OSMaps": "https://www.openstreetmap.org/query?lat=5.425558083333334&lon=-73.84584808333332" }, "geometry": { "type": "Point", "coordinates": [ -73.845848083333323, 5.425558083333334 ] } },
{ "type": "Feature", "properties": { "URL": "https://github.com/rcfdtools/R.GISMobile/tree/main/file/gis/POI/60/IMG_20260215_131750938.jpg", "Altitude": 3377.0, "GoogleMaps": "http://maps.google.com/maps?q=5.425558083333334,-73.84584808333332", "OSMaps": "https://www.openstreetmap.org/query?lat=5.425558083333334&lon=-73.84584808333332" }, "geometry": { "type": "Point", "coordinates": [ -73.845848083333323, 5.425558083333334 ] } },
{ "type": "Feature", "properties": { "URL": "https://github.com/rcfdtools/R.GISMobile/tree/main/file/gis/POI/60/IMG_20260215_131753919.jpg", "Altitude": 3377.0, "GoogleMaps": "http://maps.google.com/maps?q=5.425558083333334,-73.84584808333332", "OSMaps": "https://www.openstreetmap.org/query?lat=5.425558083333334&lon=-73.84584808333332" }, "geometry": { "type": "Point", "coordinates": [ -73.845848083333323, 5.425558083333334 ] } },
{ "type": "Feature", "properties": { "URL": "https://github.com/rcfdtools/R.GISMobile/tree/main/file/gis/POI/60/IMG_20260215_132001975.jpg", "Altitude": 3379.0, "GoogleMaps": "http://maps.google.com/maps?q=5.425686833333334,-73.84578702777777", "OSMaps": "https://www.openstreetmap.org/query?lat=5.425686833333334&lon=-73.84578702777777" }, "geometry": { "type": "Point", "coordinates": [ -73.845787027777774, 5.425686833333334 ] } },
{ "type": "Feature", "properties": { "URL": "https://github.com/rcfdtools/R.GISMobile/tree/main/file/gis/POI/60/IMG_20260215_132543051.jpg", "Altitude": 3379.0, "GoogleMaps": "http://maps.google.com/maps?q=5.425686833333334,-73.84578702777777", "OSMaps": "https://www.openstreetmap.org/query?lat=5.425686833333334&lon=-73.84578702777777" }, "geometry": { "type": "Point", "coordinates": [ -73.845787027777774, 5.425686833333334 ] } },
{ "type": "Feature", "properties": { "URL": "https://github.com/rcfdtools/R.GISMobile/tree/main/file/gis/POI/60/IMG_20260215_132746560.jpg", "Altitude": 3357.0, "GoogleMaps": "http://maps.google.com/maps?q=5.425611972222223,-73.84581755555556", "OSMaps": "https://www.openstreetmap.org/query?lat=5.425611972222223&lon=-73.84581755555556" }, "geometry": { "type": "Point", "coordinates": [ -73.845817555555556, 5.425611972222223 ] } },
{ "type": "Feature", "properties": { "URL": "https://github.com/rcfdtools/R.GISMobile/tree/main/file/gis/POI/60/IMG_20260215_132749974.jpg", "Altitude": 3357.0, "GoogleMaps": "http://maps.google.com/maps?q=5.425611972222223,-73.84581755555556", "OSMaps": "https://www.openstreetmap.org/query?lat=5.425611972222223&lon=-73.84581755555556" }, "geometry": { "type": "Point", "coordinates": [ -73.845817555555556, 5.425611972222223 ] } },
{ "type": "Feature", "properties": { "URL": "https://github.com/rcfdtools/R.GISMobile/tree/main/file/gis/POI/60/IMG_20260215_132800510.jpg", "Altitude": 3357.0, "GoogleMaps": "http://maps.google.com/maps?q=5.425611972222223,-73.84581755555556", "OSMaps": "https://www.openstreetmap.org/query?lat=5.425611972222223&lon=-73.84581755555556" }, "geometry": { "type": "Point", "coordinates": [ -73.845817555555556, 5.425611972222223 ] } },
{ "type": "Feature", "properties": { "URL": "https://github.com/rcfdtools/R.GISMobile/tree/main/file/gis/POI/60/IMG_20260215_132802419.jpg", "Altitude": 3357.0, "GoogleMaps": "http://maps.google.com/maps?q=5.425611972222223,-73.84581755555556", "OSMaps": "https://www.openstreetmap.org/query?lat=5.425611972222223&lon=-73.84581755555556" }, "geometry": { "type": "Point", "coordinates": [ -73.845817555555556, 5.425611972222223 ] } },
{ "type": "Feature", "properties": { "URL": "https://github.com/rcfdtools/R.GISMobile/tree/main/file/gis/POI/60/IMG_20260215_132805332.jpg", "Altitude": 3357.0, "GoogleMaps": "http://maps.google.com/maps?q=5.425611972222223,-73.84581755555556", "OSMaps": "https://www.openstreetmap.org/query?lat=5.425611972222223&lon=-73.84581755555556" }, "geometry": { "type": "Point", "coordinates": [ -73.845817555555556, 5.425611972222223 ] } },
{ "type": "Feature", "properties": { "URL": "https://github.com/rcfdtools/R.GISMobile/tree/main/file/gis/POI/60/IMG_20260215_132808232.jpg", "Altitude": 3357.0, "GoogleMaps": "http://maps.google.com/maps?q=5.425611972222223,-73.84581755555556", "OSMaps": "https://www.openstreetmap.org/query?lat=5.425611972222223&lon=-73.84581755555556" }, "geometry": { "type": "Point", "coordinates": [ -73.845817555555556, 5.425611972222223 ] } },
{ "type": "Feature", "properties": { "URL": "https://github.com/rcfdtools/R.GISMobile/tree/main/file/gis/POI/60/IMG_20260215_132812261.jpg", "Altitude": 3357.0, "GoogleMaps": "http://maps.google.com/maps?q=5.425611972222223,-73.84581755555556", "OSMaps": "https://www.openstreetmap.org/query?lat=5.425611972222223&lon=-73.84581755555556" }, "geometry": { "type": "Point", "coordinates": [ -73.845817555555556, 5.425611972222223 ] } },
{ "type": "Feature", "properties": { "URL": "https://github.com/rcfdtools/R.GISMobile/tree/main/file/gis/POI/60/IMG_20260215_132816888.jpg", "Altitude": 3357.0, "GoogleMaps": "http://maps.google.com/maps?q=5.425611972222223,-73.84581755555556", "OSMaps": "https://www.openstreetmap.org/query?lat=5.425611972222223&lon=-73.84581755555556" }, "geometry": { "type": "Point", "coordinates": [ -73.845817555555556, 5.425611972222223 ] } },
{ "type": "Feature", "properties": { "URL": "https://github.com/rcfdtools/R.GISMobile/tree/main/file/gis/POI/60/IMG_20260215_132821893.jpg", "Altitude": 3357.0, "GoogleMaps": "http://maps.google.com/maps?q=5.425611972222223,-73.84581755555556", "OSMaps": "https://www.openstreetmap.org/query?lat=5.425611972222223&lon=-73.84581755555556" }, "geometry": { "type": "Point", "coordinates": [ -73.845817555555556, 5.425611972222223 ] } },
{ "type": "Feature", "properties": { "URL": "https://github.com/rcfdtools/R.GISMobile/tree/main/file/gis/POI/60/IMG_20260215_132842986.jpg", "Altitude": 3357.0, "GoogleMaps": "http://maps.google.com/maps?q=5.425749777777778,-73.84587094444444", "OSMaps": "https://www.openstreetmap.org/query?lat=5.425749777777778&lon=-73.84587094444444" }, "geometry": { "type": "Point", "coordinates": [ -73.845870944444442, 5.425749777777778 ] } },
{ "type": "Feature", "properties": { "URL": "https://github.com/rcfdtools/R.GISMobile/tree/main/file/gis/POI/60/IMG_20260215_132844351.jpg", "Altitude": 3357.0, "GoogleMaps": "http://maps.google.com/maps?q=5.425749777777778,-73.84587094444444", "OSMaps": "https://www.openstreetmap.org/query?lat=5.425749777777778&lon=-73.84587094444444" }, "geometry": { "type": "Point", "coordinates": [ -73.845870944444442, 5.425749777777778 ] } },
{ "type": "Feature", "properties": { "URL": "https://github.com/rcfdtools/R.GISMobile/tree/main/file/gis/POI/60/IMG_20260215_132847175.jpg", "Altitude": 3357.0, "GoogleMaps": "http://maps.google.com/maps?q=5.425749777777778,-73.84587094444444", "OSMaps": "https://www.openstreetmap.org/query?lat=5.425749777777778&lon=-73.84587094444444" }, "geometry": { "type": "Point", "coordinates": [ -73.845870944444442, 5.425749777777778 ] } },
{ "type": "Feature", "properties": { "URL": "https://github.com/rcfdtools/R.GISMobile/tree/main/file/gis/POI/60/IMG_20260215_132848706.jpg", "Altitude": 3357.0, "GoogleMaps": "http://maps.google.com/maps?q=5.425749777777778,-73.84587094444444", "OSMaps": "https://www.openstreetmap.org/query?lat=5.425749777777778&lon=-73.84587094444444" }, "geometry": { "type": "Point", "coordinates": [ -73.845870944444442, 5.425749777777778 ] } },
{ "type": "Feature", "properties": { "URL": "https://github.com/rcfdtools/R.GISMobile/tree/main/file/gis/POI/60/IMG_20260215_132903691.jpg", "Altitude": 3357.0, "GoogleMaps": "http://maps.google.com/maps?q=5.425749777777778,-73.84587094444444", "OSMaps": "https://www.openstreetmap.org/query?lat=5.425749777777778&lon=-73.84587094444444" }, "geometry": { "type": "Point", "coordinates": [ -73.845870944444442, 5.425749777777778 ] } },
{ "type": "Feature", "properties": { "URL": "https://github.com/rcfdtools/R.GISMobile/tree/main/file/gis/POI/60/IMG_20260215_132906293.jpg", "Altitude": 3357.0, "GoogleMaps": "http://maps.google.com/maps?q=5.425749777777778,-73.84587094444444", "OSMaps": "https://www.openstreetmap.org/query?lat=5.425749777777778&lon=-73.84587094444444" }, "geometry": { "type": "Point", "coordinates": [ -73.845870944444442, 5.425749777777778 ] } },
{ "type": "Feature", "properties": { "URL": "https://github.com/rcfdtools/R.GISMobile/tree/main/file/gis/POI/60/IMG_20260215_132908070.jpg", "Altitude": 3357.0, "GoogleMaps": "http://maps.google.com/maps?q=5.425749777777778,-73.84587094444444", "OSMaps": "https://www.openstreetmap.org/query?lat=5.425749777777778&lon=-73.84587094444444" }, "geometry": { "type": "Point", "coordinates": [ -73.845870944444442, 5.425749777777778 ] } },
{ "type": "Feature", "properties": { "URL": "https://github.com/rcfdtools/R.GISMobile/tree/main/file/gis/POI/60/IMG_20260215_132914642_BURST000_COVER.jpg", "Altitude": 3357.0, "GoogleMaps": "http://maps.google.com/maps?q=5.425749777777778,-73.84587094444444", "OSMaps": "https://www.openstreetmap.org/query?lat=5.425749777777778&lon=-73.84587094444444" }, "geometry": { "type": "Point", "coordinates": [ -73.845870944444442, 5.425749777777778 ] } },
{ "type": "Feature", "properties": { "URL": "https://github.com/rcfdtools/R.GISMobile/tree/main/file/gis/POI/60/IMG_20260215_132914642_BURST001_COMP.jpg", "Altitude": 3357.0, "GoogleMaps": "http://maps.google.com/maps?q=5.425749777777778,-73.84587094444444", "OSMaps": "https://www.openstreetmap.org/query?lat=5.425749777777778&lon=-73.84587094444444" }, "geometry": { "type": "Point", "coordinates": [ -73.845870944444442, 5.425749777777778 ] } },
{ "type": "Feature", "properties": { "URL": "https://github.com/rcfdtools/R.GISMobile/tree/main/file/gis/POI/60/IMG_20260215_132935842_HDR.jpg", "Altitude": 3357.0, "GoogleMaps": "http://maps.google.com/maps?q=5.425749777777778,-73.84587094444444", "OSMaps": "https://www.openstreetmap.org/query?lat=5.425749777777778&lon=-73.84587094444444" }, "geometry": { "type": "Point", "coordinates": [ -73.845870944444442, 5.425749777777778 ] } },
{ "type": "Feature", "properties": { "URL": "https://github.com/rcfdtools/R.GISMobile/tree/main/file/gis/POI/60/IMG_20260215_132942163.jpg", "Altitude": 3357.0, "GoogleMaps": "http://maps.google.com/maps?q=5.425749777777778,-73.84587094444444", "OSMaps": "https://www.openstreetmap.org/query?lat=5.425749777777778&lon=-73.84587094444444" }, "geometry": { "type": "Point", "coordinates": [ -73.845870944444442, 5.425749777777778 ] } },
{ "type": "Feature", "properties": { "URL": "https://github.com/rcfdtools/R.GISMobile/tree/main/file/gis/POI/60/IMG_20260215_132953822.jpg", "Altitude": 3357.0, "GoogleMaps": "http://maps.google.com/maps?q=5.425749777777778,-73.84587094444444", "OSMaps": "https://www.openstreetmap.org/query?lat=5.425749777777778&lon=-73.84587094444444" }, "geometry": { "type": "Point", "coordinates": [ -73.845870944444442, 5.425749777777778 ] } },
{ "type": "Feature", "properties": { "URL": "https://github.com/rcfdtools/R.GISMobile/tree/main/file/gis/POI/60/IMG_20260215_132959831_HDR.jpg", "Altitude": 3357.0, "GoogleMaps": "http://maps.google.com/maps?q=5.425749777777778,-73.84587094444444", "OSMaps": "https://www.openstreetmap.org/query?lat=5.425749777777778&lon=-73.84587094444444" }, "geometry": { "type": "Point", "coordinates": [ -73.845870944444442, 5.425749777777778 ] } },
{ "type": "Feature", "properties": { "URL": "https://github.com/rcfdtools/R.GISMobile/tree/main/file/gis/POI/60/IMG_20260215_133002317.jpg", "Altitude": 3357.0, "GoogleMaps": "http://maps.google.com/maps?q=5.425749777777778,-73.84587094444444", "OSMaps": "https://www.openstreetmap.org/query?lat=5.425749777777778&lon=-73.84587094444444" }, "geometry": { "type": "Point", "coordinates": [ -73.845870944444442, 5.425749777777778 ] } },
{ "type": "Feature", "properties": { "URL": "https://github.com/rcfdtools/R.GISMobile/tree/main/file/gis/POI/60/IMG_20260215_133021740.jpg", "Altitude": 3357.0, "GoogleMaps": "http://maps.google.com/maps?q=5.425749777777778,-73.84587094444444", "OSMaps": "https://www.openstreetmap.org/query?lat=5.425749777777778&lon=-73.84587094444444" }, "geometry": { "type": "Point", "coordinates": [ -73.845870944444442, 5.425749777777778 ] } },
{ "type": "Feature", "properties": { "URL": "https://github.com/rcfdtools/R.GISMobile/tree/main/file/gis/POI/60/IMG_20260215_133024086.jpg", "Altitude": 3357.0, "GoogleMaps": "http://maps.google.com/maps?q=5.425749777777778,-73.84587094444444", "OSMaps": "https://www.openstreetmap.org/query?lat=5.425749777777778&lon=-73.84587094444444" }, "geometry": { "type": "Point", "coordinates": [ -73.845870944444442, 5.425749777777778 ] } },
{ "type": "Feature", "properties": { "URL": "https://github.com/rcfdtools/R.GISMobile/tree/main/file/gis/POI/60/IMG_20260215_133055602.jpg", "Altitude": 3357.0, "GoogleMaps": "http://maps.google.com/maps?q=5.425749777777778,-73.84587094444444", "OSMaps": "https://www.openstreetmap.org/query?lat=5.425749777777778&lon=-73.84587094444444" }, "geometry": { "type": "Point", "coordinates": [ -73.845870944444442, 5.425749777777778 ] } },
{ "type": "Feature", "properties": { "URL": "https://github.com/rcfdtools/R.GISMobile/tree/main/file/gis/POI/60/IMG_20260215_133100393_BURST000_COVER.jpg", "Altitude": 3357.0, "GoogleMaps": "http://maps.google.com/maps?q=5.425749777777778,-73.84587094444444", "OSMaps": "https://www.openstreetmap.org/query?lat=5.425749777777778&lon=-73.84587094444444" }, "geometry": { "type": "Point", "coordinates": [ -73.845870944444442, 5.425749777777778 ] } },
{ "type": "Feature", "properties": { "URL": "https://github.com/rcfdtools/R.GISMobile/tree/main/file/gis/POI/60/IMG_20260215_133100393_BURST001_COMP.jpg", "Altitude": 3357.0, "GoogleMaps": "http://maps.google.com/maps?q=5.425749777777778,-73.84587094444444", "OSMaps": "https://www.openstreetmap.org/query?lat=5.425749777777778&lon=-73.84587094444444" }, "geometry": { "type": "Point", "coordinates": [ -73.845870944444442, 5.425749777777778 ] } },
{ "type": "Feature", "properties": { "URL": "https://github.com/rcfdtools/R.GISMobile/tree/main/file/gis/POI/60/IMG_20260215_133104562.jpg", "Altitude": 3357.0, "GoogleMaps": "http://maps.google.com/maps?q=5.425749777777778,-73.84587094444444", "OSMaps": "https://www.openstreetmap.org/query?lat=5.425749777777778&lon=-73.84587094444444" }, "geometry": { "type": "Point", "coordinates": [ -73.845870944444442, 5.425749777777778 ] } },
{ "type": "Feature", "properties": { "URL": "https://github.com/rcfdtools/R.GISMobile/tree/main/file/gis/POI/60/IMG_20260215_133110264.jpg", "Altitude": 3357.0, "GoogleMaps": "http://maps.google.com/maps?q=5.425749777777778,-73.84587094444444", "OSMaps": "https://www.openstreetmap.org/query?lat=5.425749777777778&lon=-73.84587094444444" }, "geometry": { "type": "Point", "coordinates": [ -73.845870944444442, 5.425749777777778 ] } },
{ "type": "Feature", "properties": { "URL": "https://github.com/rcfdtools/R.GISMobile/tree/main/file/gis/POI/60/IMG_20260215_133112747.jpg", "Altitude": 3357.0, "GoogleMaps": "http://maps.google.com/maps?q=5.425749777777778,-73.84587094444444", "OSMaps": "https://www.openstreetmap.org/query?lat=5.425749777777778&lon=-73.84587094444444" }, "geometry": { "type": "Point", "coordinates": [ -73.845870944444442, 5.425749777777778 ] } },
{ "type": "Feature", "properties": { "URL": "https://github.com/rcfdtools/R.GISMobile/tree/main/file/gis/POI/60/IMG_20260215_133339336_HDR.jpg", "Altitude": 3376.0, "GoogleMaps": "http://maps.google.com/maps?q=5.425717805555556,-73.84571836111111", "OSMaps": "https://www.openstreetmap.org/query?lat=5.425717805555556&lon=-73.84571836111111" }, "geometry": { "type": "Point", "coordinates": [ -73.845718361111111, 5.425717805555556 ] } },
{ "type": "Feature", "properties": { "URL": "https://github.com/rcfdtools/R.GISMobile/tree/main/file/gis/POI/60/IMG_20260215_133345860.jpg", "Altitude": 3376.0, "GoogleMaps": "http://maps.google.com/maps?q=5.425717805555556,-73.84571836111111", "OSMaps": "https://www.openstreetmap.org/query?lat=5.425717805555556&lon=-73.84571836111111" }, "geometry": { "type": "Point", "coordinates": [ -73.845718361111111, 5.425717805555556 ] } },
{ "type": "Feature", "properties": { "URL": "https://github.com/rcfdtools/R.GISMobile/tree/main/file/gis/POI/60/IMG_20260215_133817118.jpg", "Altitude": 3382.0, "GoogleMaps": "http://maps.google.com/maps?q=5.425457000000001,-73.84594725", "OSMaps": "https://www.openstreetmap.org/query?lat=5.425457000000001&lon=-73.84594725" }, "geometry": { "type": "Point", "coordinates": [ -73.84594725, 5.425457 ] } },
{ "type": "Feature", "properties": { "URL": "https://github.com/rcfdtools/R.GISMobile/tree/main/file/gis/POI/60/IMG_20260215_133820539.jpg", "Altitude": 3382.0, "GoogleMaps": "http://maps.google.com/maps?q=5.425457000000001,-73.84594725", "OSMaps": "https://www.openstreetmap.org/query?lat=5.425457000000001&lon=-73.84594725" }, "geometry": { "type": "Point", "coordinates": [ -73.84594725, 5.425457 ] } },
{ "type": "Feature", "properties": { "URL": "https://github.com/rcfdtools/R.GISMobile/tree/main/file/gis/POI/60/IMG_20260215_133859745.jpg", "Altitude": 3382.0, "GoogleMaps": "http://maps.google.com/maps?q=5.425487027777778,-73.84597013888889", "OSMaps": "https://www.openstreetmap.org/query?lat=5.425487027777778&lon=-73.84597013888889" }, "geometry": { "type": "Point", "coordinates": [ -73.845970138888887, 5.425487027777778 ] } },
{ "type": "Feature", "properties": { "URL": "https://github.com/rcfdtools/R.GISMobile/tree/main/file/gis/POI/60/IMG_20260215_133904692.jpg", "Altitude": 3382.0, "GoogleMaps": "http://maps.google.com/maps?q=5.425487027777778,-73.84597013888889", "OSMaps": "https://www.openstreetmap.org/query?lat=5.425487027777778&lon=-73.84597013888889" }, "geometry": { "type": "Point", "coordinates": [ -73.845970138888887, 5.425487027777778 ] } },
{ "type": "Feature", "properties": { "URL": "https://github.com/rcfdtools/R.GISMobile/tree/main/file/gis/POI/60/IMG_20260215_133956167.jpg", "Altitude": 3382.0, "GoogleMaps": "http://maps.google.com/maps?q=5.425487027777778,-73.84597013888889", "OSMaps": "https://www.openstreetmap.org/query?lat=5.425487027777778&lon=-73.84597013888889" }, "geometry": { "type": "Point", "coordinates": [ -73.845970138888887, 5.425487027777778 ] } },
{ "type": "Feature", "properties": { "URL": "https://github.com/rcfdtools/R.GISMobile/tree/main/file/gis/POI/60/IMG_20260215_134052918_HDR.jpg", "Altitude": 3382.0, "GoogleMaps": "http://maps.google.com/maps?q=5.425471777777778,-73.84605405555556", "OSMaps": "https://www.openstreetmap.org/query?lat=5.425471777777778&lon=-73.84605405555556" }, "geometry": { "type": "Point", "coordinates": [ -73.846054055555555, 5.425471777777778 ] } },
{ "type": "Feature", "properties": { "URL": "https://github.com/rcfdtools/R.GISMobile/tree/main/file/gis/POI/60/IMG_20260215_134121757_HDR.jpg", "Altitude": 3382.0, "GoogleMaps": "http://maps.google.com/maps?q=5.425432194444444,-73.8461151111111", "OSMaps": "https://www.openstreetmap.org/query?lat=5.425432194444444&lon=-73.8461151111111" }, "geometry": { "type": "Point", "coordinates": [ -73.846115111111104, 5.425432194444444 ] } },
{ "type": "Feature", "properties": { "URL": "https://github.com/rcfdtools/R.GISMobile/tree/main/file/gis/POI/60/IMG_20260215_134142931.jpg", "Altitude": 3382.0, "GoogleMaps": "http://maps.google.com/maps?q=5.425432194444444,-73.8461151111111", "OSMaps": "https://www.openstreetmap.org/query?lat=5.425432194444444&lon=-73.8461151111111" }, "geometry": { "type": "Point", "coordinates": [ -73.846115111111104, 5.425432194444444 ] } },
{ "type": "Feature", "properties": { "URL": "https://github.com/rcfdtools/R.GISMobile/tree/main/file/gis/POI/60/IMG_20260215_134224306.jpg", "Altitude": 3382.0, "GoogleMaps": "http://maps.google.com/maps?q=5.425251944444445,-73.84638213888888", "OSMaps": "https://www.openstreetmap.org/query?lat=5.425251944444445&lon=-73.84638213888888" }, "geometry": { "type": "Point", "coordinates": [ -73.846382138888885, 5.425251944444445 ] } },
{ "type": "Feature", "properties": { "URL": "https://github.com/rcfdtools/R.GISMobile/tree/main/file/gis/POI/60/IMG_20260215_134235264.jpg", "Altitude": 3382.0, "GoogleMaps": "http://maps.google.com/maps?q=5.425251944444445,-73.84638213888888", "OSMaps": "https://www.openstreetmap.org/query?lat=5.425251944444445&lon=-73.84638213888888" }, "geometry": { "type": "Point", "coordinates": [ -73.846382138888885, 5.425251944444445 ] } },
{ "type": "Feature", "properties": { "URL": "https://github.com/rcfdtools/R.GISMobile/tree/main/file/gis/POI/60/IMG_20260215_134243893_HDR.jpg", "Altitude": 3382.0, "GoogleMaps": "http://maps.google.com/maps?q=5.425251944444445,-73.84638213888888", "OSMaps": "https://www.openstreetmap.org/query?lat=5.425251944444445&lon=-73.84638213888888" }, "geometry": { "type": "Point", "coordinates": [ -73.846382138888885, 5.425251944444445 ] } },
{ "type": "Feature", "properties": { "URL": "https://github.com/rcfdtools/R.GISMobile/tree/main/file/gis/POI/60/IMG_20260215_134303301.jpg", "Altitude": 3382.0, "GoogleMaps": "http://maps.google.com/maps?q=5.425251944444445,-73.84638213888888", "OSMaps": "https://www.openstreetmap.org/query?lat=5.425251944444445&lon=-73.84638213888888" }, "geometry": { "type": "Point", "coordinates": [ -73.846382138888885, 5.425251944444445 ] } },
{ "type": "Feature", "properties": { "URL": "https://github.com/rcfdtools/R.GISMobile/tree/main/file/gis/POI/60/IMG_20260215_134306416.jpg", "Altitude": 3382.0, "GoogleMaps": "http://maps.google.com/maps?q=5.425251944444445,-73.84638213888888", "OSMaps": "https://www.openstreetmap.org/query?lat=5.425251944444445&lon=-73.84638213888888" }, "geometry": { "type": "Point", "coordinates": [ -73.846382138888885, 5.425251944444445 ] } },
{ "type": "Feature", "properties": { "URL": "https://github.com/rcfdtools/R.GISMobile/tree/main/file/gis/POI/60/IMG_20260215_134333295_HDR.jpg", "Altitude": 3382.0, "GoogleMaps": "http://maps.google.com/maps?q=5.424832805555556,-73.84657286111111", "OSMaps": "https://www.openstreetmap.org/query?lat=5.424832805555556&lon=-73.84657286111111" }, "geometry": { "type": "Point", "coordinates": [ -73.846572861111113, 5.424832805555556 ] } },
{ "type": "Feature", "properties": { "URL": "https://github.com/rcfdtools/R.GISMobile/tree/main/file/gis/POI/60/IMG_20260215_134337376_HDR.jpg", "Altitude": 3382.0, "GoogleMaps": "http://maps.google.com/maps?q=5.424832805555556,-73.84657286111111", "OSMaps": "https://www.openstreetmap.org/query?lat=5.424832805555556&lon=-73.84657286111111" }, "geometry": { "type": "Point", "coordinates": [ -73.846572861111113, 5.424832805555556 ] } },
{ "type": "Feature", "properties": { "URL": "https://github.com/rcfdtools/R.GISMobile/tree/main/file/gis/POI/60/IMG_20260215_134343237.jpg", "Altitude": 3382.0, "GoogleMaps": "http://maps.google.com/maps?q=5.424832805555556,-73.84657286111111", "OSMaps": "https://www.openstreetmap.org/query?lat=5.424832805555556&lon=-73.84657286111111" }, "geometry": { "type": "Point", "coordinates": [ -73.846572861111113, 5.424832805555556 ] } },
{ "type": "Feature", "properties": { "URL": "https://github.com/rcfdtools/R.GISMobile/tree/main/file/gis/POI/60/IMG_20260215_134357568_HDR.jpg", "Altitude": 3382.0, "GoogleMaps": "http://maps.google.com/maps?q=5.424832805555556,-73.84657286111111", "OSMaps": "https://www.openstreetmap.org/query?lat=5.424832805555556&lon=-73.84657286111111" }, "geometry": { "type": "Point", "coordinates": [ -73.846572861111113, 5.424832805555556 ] } },
{ "type": "Feature", "properties": { "URL": "https://github.com/rcfdtools/R.GISMobile/tree/main/file/gis/POI/60/IMG_20260215_134418301_HDR.jpg", "Altitude": 3382.0, "GoogleMaps": "http://maps.google.com/maps?q=5.424832805555556,-73.84657286111111", "OSMaps": "https://www.openstreetmap.org/query?lat=5.424832805555556&lon=-73.84657286111111" }, "geometry": { "type": "Point", "coordinates": [ -73.846572861111113, 5.424832805555556 ] } },
{ "type": "Feature", "properties": { "URL": "https://github.com/rcfdtools/R.GISMobile/tree/main/file/gis/POI/60/IMG_20260215_134435629.jpg", "Altitude": 3382.0, "GoogleMaps": "http://maps.google.com/maps?q=5.424832805555556,-73.84657286111111", "OSMaps": "https://www.openstreetmap.org/query?lat=5.424832805555556&lon=-73.84657286111111" }, "geometry": { "type": "Point", "coordinates": [ -73.846572861111113, 5.424832805555556 ] } },
{ "type": "Feature", "properties": { "URL": "https://github.com/rcfdtools/R.GISMobile/tree/main/file/gis/POI/60/IMG_20260215_134439559.jpg", "Altitude": 3382.0, "GoogleMaps": "http://maps.google.com/maps?q=5.424832805555556,-73.84657286111111", "OSMaps": "https://www.openstreetmap.org/query?lat=5.424832805555556&lon=-73.84657286111111" }, "geometry": { "type": "Point", "coordinates": [ -73.846572861111113, 5.424832805555556 ] } },
{ "type": "Feature", "properties": { "URL": "https://github.com/rcfdtools/R.GISMobile/tree/main/file/gis/POI/60/IMG_20260215_134504790.jpg", "Altitude": 3382.0, "GoogleMaps": "http://maps.google.com/maps?q=5.424832805555556,-73.84657286111111", "OSMaps": "https://www.openstreetmap.org/query?lat=5.424832805555556&lon=-73.84657286111111" }, "geometry": { "type": "Point", "coordinates": [ -73.846572861111113, 5.424832805555556 ] } },
{ "type": "Feature", "properties": { "URL": "https://github.com/rcfdtools/R.GISMobile/tree/main/file/gis/POI/60/IMG_20260215_134518461.jpg", "Altitude": 3382.0, "GoogleMaps": "http://maps.google.com/maps?q=5.424832805555556,-73.84657286111111", "OSMaps": "https://www.openstreetmap.org/query?lat=5.424832805555556&lon=-73.84657286111111" }, "geometry": { "type": "Point", "coordinates": [ -73.846572861111113, 5.424832805555556 ] } },
{ "type": "Feature", "properties": { "URL": "https://github.com/rcfdtools/R.GISMobile/tree/main/file/gis/POI/60/IMG_20260215_134528279_HDR.jpg", "Altitude": 3394.0, "GoogleMaps": "http://maps.google.com/maps?q=5.424353111111111,-73.84632872222221", "OSMaps": "https://www.openstreetmap.org/query?lat=5.424353111111111&lon=-73.84632872222221" }, "geometry": { "type": "Point", "coordinates": [ -73.846328722222211, 5.424353111111111 ] } },
{ "type": "Feature", "properties": { "URL": "https://github.com/rcfdtools/R.GISMobile/tree/main/file/gis/POI/60/IMG_20260215_134716522.jpg", "Altitude": 3394.0, "GoogleMaps": "http://maps.google.com/maps?q=5.423636888888889,-73.84636686111111", "OSMaps": "https://www.openstreetmap.org/query?lat=5.423636888888889&lon=-73.84636686111111" }, "geometry": { "type": "Point", "coordinates": [ -73.846366861111107, 5.423636888888889 ] } },
{ "type": "Feature", "properties": { "URL": "https://github.com/rcfdtools/R.GISMobile/tree/main/file/gis/POI/60/IMG_20260215_134718688.jpg", "Altitude": 3394.0, "GoogleMaps": "http://maps.google.com/maps?q=5.423636888888889,-73.84636686111111", "OSMaps": "https://www.openstreetmap.org/query?lat=5.423636888888889&lon=-73.84636686111111" }, "geometry": { "type": "Point", "coordinates": [ -73.846366861111107, 5.423636888888889 ] } },
{ "type": "Feature", "properties": { "URL": "https://github.com/rcfdtools/R.GISMobile/tree/main/file/gis/POI/60/IMG_20260215_134727032.jpg", "Altitude": 3394.0, "GoogleMaps": "http://maps.google.com/maps?q=5.42363975,-73.84635924999999", "OSMaps": "https://www.openstreetmap.org/query?lat=5.42363975&lon=-73.84635924999999" }, "geometry": { "type": "Point", "coordinates": [ -73.84635925, 5.42363975 ] } },
{ "type": "Feature", "properties": { "URL": "https://github.com/rcfdtools/R.GISMobile/tree/main/file/gis/POI/60/IMG_20260215_134729312.jpg", "Altitude": 3394.0, "GoogleMaps": "http://maps.google.com/maps?q=5.42363975,-73.84635924999999", "OSMaps": "https://www.openstreetmap.org/query?lat=5.42363975&lon=-73.84635924999999" }, "geometry": { "type": "Point", "coordinates": [ -73.84635925, 5.42363975 ] } },
{ "type": "Feature", "properties": { "URL": "https://github.com/rcfdtools/R.GISMobile/tree/main/file/gis/POI/60/IMG_20260215_134822255.jpg", "Altitude": 3394.0, "GoogleMaps": "http://maps.google.com/maps?q=5.423295,-73.84612272222222", "OSMaps": "https://www.openstreetmap.org/query?lat=5.423295&lon=-73.84612272222222" }, "geometry": { "type": "Point", "coordinates": [ -73.846122722222219, 5.423295 ] } },
{ "type": "Feature", "properties": { "URL": "https://github.com/rcfdtools/R.GISMobile/tree/main/file/gis/POI/60/IMG_20260215_134826922.jpg", "Altitude": 3394.0, "GoogleMaps": "http://maps.google.com/maps?q=5.423295,-73.84612272222222", "OSMaps": "https://www.openstreetmap.org/query?lat=5.423295&lon=-73.84612272222222" }, "geometry": { "type": "Point", "coordinates": [ -73.846122722222219, 5.423295 ] } },
{ "type": "Feature", "properties": { "URL": "https://github.com/rcfdtools/R.GISMobile/tree/main/file/gis/POI/60/IMG_20260215_134832227.jpg", "Altitude": 3394.0, "GoogleMaps": "http://maps.google.com/maps?q=5.423295,-73.84612272222222", "OSMaps": "https://www.openstreetmap.org/query?lat=5.423295&lon=-73.84612272222222" }, "geometry": { "type": "Point", "coordinates": [ -73.846122722222219, 5.423295 ] } },
{ "type": "Feature", "properties": { "URL": "https://github.com/rcfdtools/R.GISMobile/tree/main/file/gis/POI/60/IMG_20260215_135004498.jpg", "Altitude": 3399.0, "GoogleMaps": "http://maps.google.com/maps?q=5.423182944444445,-73.84603116666666", "OSMaps": "https://www.openstreetmap.org/query?lat=5.423182944444445&lon=-73.84603116666666" }, "geometry": { "type": "Point", "coordinates": [ -73.846031166666663, 5.423182944444445 ] } },
{ "type": "Feature", "properties": { "URL": "https://github.com/rcfdtools/R.GISMobile/tree/main/file/gis/POI/60/IMG_20260215_135009226.jpg", "Altitude": 3399.0, "GoogleMaps": "http://maps.google.com/maps?q=5.423182944444445,-73.84603116666666", "OSMaps": "https://www.openstreetmap.org/query?lat=5.423182944444445&lon=-73.84603116666666" }, "geometry": { "type": "Point", "coordinates": [ -73.846031166666663, 5.423182944444445 ] } },
{ "type": "Feature", "properties": { "URL": "https://github.com/rcfdtools/R.GISMobile/tree/main/file/gis/POI/60/IMG_20260215_135017271.jpg", "Altitude": 3399.0, "GoogleMaps": "http://maps.google.com/maps?q=5.423182944444445,-73.84603116666666", "OSMaps": "https://www.openstreetmap.org/query?lat=5.423182944444445&lon=-73.84603116666666" }, "geometry": { "type": "Point", "coordinates": [ -73.846031166666663, 5.423182944444445 ] } },
{ "type": "Feature", "properties": { "URL": "https://github.com/rcfdtools/R.GISMobile/tree/main/file/gis/POI/60/IMG_20260215_135054944.jpg", "Altitude": 3399.0, "GoogleMaps": "http://maps.google.com/maps?q=5.423272111111111,-73.84601591666666", "OSMaps": "https://www.openstreetmap.org/query?lat=5.423272111111111&lon=-73.84601591666666" }, "geometry": { "type": "Point", "coordinates": [ -73.846015916666659, 5.423272111111111 ] } },
{ "type": "Feature", "properties": { "URL": "https://github.com/rcfdtools/R.GISMobile/tree/main/file/gis/POI/60/IMG_20260215_135059883.jpg", "Altitude": 3399.0, "GoogleMaps": "http://maps.google.com/maps?q=5.423272111111111,-73.84601591666666", "OSMaps": "https://www.openstreetmap.org/query?lat=5.423272111111111&lon=-73.84601591666666" }, "geometry": { "type": "Point", "coordinates": [ -73.846015916666659, 5.423272111111111 ] } },
{ "type": "Feature", "properties": { "URL": "https://github.com/rcfdtools/R.GISMobile/tree/main/file/gis/POI/60/IMG_20260215_135125111.jpg", "Altitude": 3399.0, "GoogleMaps": "http://maps.google.com/maps?q=5.423272111111111,-73.84601591666666", "OSMaps": "https://www.openstreetmap.org/query?lat=5.423272111111111&lon=-73.84601591666666" }, "geometry": { "type": "Point", "coordinates": [ -73.846015916666659, 5.423272111111111 ] } },
{ "type": "Feature", "properties": { "URL": "https://github.com/rcfdtools/R.GISMobile/tree/main/file/gis/POI/60/IMG_20260215_135129486.jpg", "Altitude": 3399.0, "GoogleMaps": "http://maps.google.com/maps?q=5.423272111111111,-73.84601591666666", "OSMaps": "https://www.openstreetmap.org/query?lat=5.423272111111111&lon=-73.84601591666666" }, "geometry": { "type": "Point", "coordinates": [ -73.846015916666659, 5.423272111111111 ] } },
{ "type": "Feature", "properties": { "URL": "https://github.com/rcfdtools/R.GISMobile/tree/main/file/gis/POI/60/IMG_20260215_135138090.jpg", "Altitude": 3399.0, "GoogleMaps": "http://maps.google.com/maps?q=5.423272111111111,-73.84601591666666", "OSMaps": "https://www.openstreetmap.org/query?lat=5.423272111111111&lon=-73.84601591666666" }, "geometry": { "type": "Point", "coordinates": [ -73.846015916666659, 5.423272111111111 ] } },
{ "type": "Feature", "properties": { "URL": "https://github.com/rcfdtools/R.GISMobile/tree/main/file/gis/POI/60/IMG_20260215_135328274_HDR.jpg", "Altitude": 3410.0, "GoogleMaps": "http://maps.google.com/maps?q=5.423333166666667,-73.84603880555555", "OSMaps": "https://www.openstreetmap.org/query?lat=5.423333166666667&lon=-73.84603880555555" }, "geometry": { "type": "Point", "coordinates": [ -73.846038805555551, 5.423333166666667 ] } },
{ "type": "Feature", "properties": { "URL": "https://github.com/rcfdtools/R.GISMobile/tree/main/file/gis/POI/60/IMG_20260215_135336844.jpg", "Altitude": 3410.0, "GoogleMaps": "http://maps.google.com/maps?q=5.423333166666667,-73.84603880555555", "OSMaps": "https://www.openstreetmap.org/query?lat=5.423333166666667&lon=-73.84603880555555" }, "geometry": { "type": "Point", "coordinates": [ -73.846038805555551, 5.423333166666667 ] } },
{ "type": "Feature", "properties": { "URL": "https://github.com/rcfdtools/R.GISMobile/tree/main/file/gis/POI/60/IMG_20260215_135434954.jpg", "Altitude": 3410.0, "GoogleMaps": "http://maps.google.com/maps?q=5.423309777777778,-73.84602355555555", "OSMaps": "https://www.openstreetmap.org/query?lat=5.423309777777778&lon=-73.84602355555555" }, "geometry": { "type": "Point", "coordinates": [ -73.846023555555547, 5.423309777777778 ] } },
{ "type": "Feature", "properties": { "URL": "https://github.com/rcfdtools/R.GISMobile/tree/main/file/gis/POI/60/IMG_20260215_135439087.jpg", "Altitude": 3410.0, "GoogleMaps": "http://maps.google.com/maps?q=5.423309777777778,-73.84602355555555", "OSMaps": "https://www.openstreetmap.org/query?lat=5.423309777777778&lon=-73.84602355555555" }, "geometry": { "type": "Point", "coordinates": [ -73.846023555555547, 5.423309777777778 ] } },
{ "type": "Feature", "properties": { "URL": "https://github.com/rcfdtools/R.GISMobile/tree/main/file/gis/POI/60/IMG_20260215_135611588.jpg", "Altitude": 3410.0, "GoogleMaps": "http://maps.google.com/maps?q=5.423293111111112,-73.84609222222221", "OSMaps": "https://www.openstreetmap.org/query?lat=5.423293111111112&lon=-73.84609222222221" }, "geometry": { "type": "Point", "coordinates": [ -73.846092222222211, 5.423293111111112 ] } },
{ "type": "Feature", "properties": { "URL": "https://github.com/rcfdtools/R.GISMobile/tree/main/file/gis/POI/60/IMG_20260215_135906104_HDR.jpg", "Altitude": 3405.0, "GoogleMaps": "http://maps.google.com/maps?q=5.423908222222223,-73.84635924999999", "OSMaps": "https://www.openstreetmap.org/query?lat=5.423908222222223&lon=-73.84635924999999" }, "geometry": { "type": "Point", "coordinates": [ -73.84635925, 5.423908222222223 ] } },
{ "type": "Feature", "properties": { "URL": "https://github.com/rcfdtools/R.GISMobile/tree/main/file/gis/POI/60/IMG_20260215_135908140.jpg", "Altitude": 3405.0, "GoogleMaps": "http://maps.google.com/maps?q=5.423908222222223,-73.84635924999999", "OSMaps": "https://www.openstreetmap.org/query?lat=5.423908222222223&lon=-73.84635924999999" }, "geometry": { "type": "Point", "coordinates": [ -73.84635925, 5.423908222222223 ] } },
{ "type": "Feature", "properties": { "URL": "https://github.com/rcfdtools/R.GISMobile/tree/main/file/gis/POI/60/IMG_20260215_140328784.jpg", "Altitude": 3398.0, "GoogleMaps": "http://maps.google.com/maps?q=5.426053027777778,-73.84588622222222", "OSMaps": "https://www.openstreetmap.org/query?lat=5.426053027777778&lon=-73.84588622222222" }, "geometry": { "type": "Point", "coordinates": [ -73.845886222222219, 5.426053027777778 ] } },
{ "type": "Feature", "properties": { "URL": "https://github.com/rcfdtools/R.GISMobile/tree/main/file/gis/POI/60/IMG_20260215_140416112_HDR.jpg", "Altitude": 3398.0, "GoogleMaps": "http://maps.google.com/maps?q=5.425869916666667,-73.84587094444444", "OSMaps": "https://www.openstreetmap.org/query?lat=5.425869916666667&lon=-73.84587094444444" }, "geometry": { "type": "Point", "coordinates": [ -73.845870944444442, 5.425869916666667 ] } },
{ "type": "Feature", "properties": { "URL": "https://github.com/rcfdtools/R.GISMobile/tree/main/file/gis/POI/60/IMG_20260215_140441010.jpg", "Altitude": 3398.0, "GoogleMaps": "http://maps.google.com/maps?q=5.425869916666667,-73.84587094444444", "OSMaps": "https://www.openstreetmap.org/query?lat=5.425869916666667&lon=-73.84587094444444" }, "geometry": { "type": "Point", "coordinates": [ -73.845870944444442, 5.425869916666667 ] } },
{ "type": "Feature", "properties": { "URL": "https://github.com/rcfdtools/R.GISMobile/tree/main/file/gis/POI/60/IMG_20260215_140456386.jpg", "Altitude": 3398.0, "GoogleMaps": "http://maps.google.com/maps?q=5.425869916666667,-73.84587094444444", "OSMaps": "https://www.openstreetmap.org/query?lat=5.425869916666667&lon=-73.84587094444444" }, "geometry": { "type": "Point", "coordinates": [ -73.845870944444442, 5.425869916666667 ] } },
{ "type": "Feature", "properties": { "URL": "https://github.com/rcfdtools/R.GISMobile/tree/main/file/gis/POI/60/IMG_20260215_140517748_HDR.jpg", "Altitude": 3398.0, "GoogleMaps": "http://maps.google.com/maps?q=5.426344861111112,-73.84600066666667", "OSMaps": "https://www.openstreetmap.org/query?lat=5.426344861111112&lon=-73.84600066666667" }, "geometry": { "type": "Point", "coordinates": [ -73.846000666666669, 5.426344861111112 ] } },
{ "type": "Feature", "properties": { "URL": "https://github.com/rcfdtools/R.GISMobile/tree/main/file/gis/POI/60/IMG_20260215_145053556_HDR.jpg", "Altitude": 2594.0, "GoogleMaps": "http://maps.google.com/maps?q=5.452772138888889,-73.81427", "OSMaps": "https://www.openstreetmap.org/query?lat=5.452772138888889&lon=-73.81427" }, "geometry": { "type": "Point", "coordinates": [ -73.81427, 5.452772138888889 ] } },
{ "type": "Feature", "properties": { "URL": "https://github.com/rcfdtools/R.GISMobile/tree/main/file/gis/POI/60/IMG_20260215_145059580_HDR.jpg", "Altitude": 2594.0, "GoogleMaps": "http://maps.google.com/maps?q=5.452772138888889,-73.81427", "OSMaps": "https://www.openstreetmap.org/query?lat=5.452772138888889&lon=-73.81427" }, "geometry": { "type": "Point", "coordinates": [ -73.81427, 5.452772138888889 ] } },
{ "type": "Feature", "properties": { "URL": "https://github.com/rcfdtools/R.GISMobile/tree/main/file/gis/POI/60/IMG_20260215_145102646_HDR.jpg", "Altitude": 2594.0, "GoogleMaps": "http://maps.google.com/maps?q=5.452772138888889,-73.81427", "OSMaps": "https://www.openstreetmap.org/query?lat=5.452772138888889&lon=-73.81427" }, "geometry": { "type": "Point", "coordinates": [ -73.81427, 5.452772138888889 ] } },
{ "type": "Feature", "properties": { "URL": "https://github.com/rcfdtools/R.GISMobile/tree/main/file/gis/POI/60/IMG_20260215_145115896_BURST000_COVER.jpg", "Altitude": 2594.0, "GoogleMaps": "http://maps.google.com/maps?q=5.452772138888889,-73.81427", "OSMaps": "https://www.openstreetmap.org/query?lat=5.452772138888889&lon=-73.81427" }, "geometry": { "type": "Point", "coordinates": [ -73.81427, 5.452772138888889 ] } },
{ "type": "Feature", "properties": { "URL": "https://github.com/rcfdtools/R.GISMobile/tree/main/file/gis/POI/60/IMG_20260215_145115896_BURST001_COMP.jpg", "Altitude": 2594.0, "GoogleMaps": "http://maps.google.com/maps?q=5.452772138888889,-73.81427", "OSMaps": "https://www.openstreetmap.org/query?lat=5.452772138888889&lon=-73.81427" }, "geometry": { "type": "Point", "coordinates": [ -73.81427, 5.452772138888889 ] } },
{ "type": "Feature", "properties": { "URL": "https://github.com/rcfdtools/R.GISMobile/tree/main/file/gis/POI/60/IMG_20260215_145144726.jpg", "Altitude": 2594.0, "GoogleMaps": "http://maps.google.com/maps?q=5.452772138888889,-73.81427", "OSMaps": "https://www.openstreetmap.org/query?lat=5.452772138888889&lon=-73.81427" }, "geometry": { "type": "Point", "coordinates": [ -73.81427, 5.452772138888889 ] } },
{ "type": "Feature", "properties": { "URL": "https://github.com/rcfdtools/R.GISMobile/tree/main/file/gis/POI/60/IMG_20260215_145151619_HDR.jpg", "Altitude": 2594.0, "GoogleMaps": "http://maps.google.com/maps?q=5.452772138888889,-73.81427", "OSMaps": "https://www.openstreetmap.org/query?lat=5.452772138888889&lon=-73.81427" }, "geometry": { "type": "Point", "coordinates": [ -73.81427, 5.452772138888889 ] } },
{ "type": "Feature", "properties": { "URL": "https://github.com/rcfdtools/R.GISMobile/tree/main/file/gis/POI/60/IMG_20260215_145154229.jpg", "Altitude": 2594.0, "GoogleMaps": "http://maps.google.com/maps?q=5.452772138888889,-73.81427", "OSMaps": "https://www.openstreetmap.org/query?lat=5.452772138888889&lon=-73.81427" }, "geometry": { "type": "Point", "coordinates": [ -73.81427, 5.452772138888889 ] } },
{ "type": "Feature", "properties": { "URL": "https://github.com/rcfdtools/R.GISMobile/tree/main/file/gis/POI/60/IMG_20260215_145156765.jpg", "Altitude": 2594.0, "GoogleMaps": "http://maps.google.com/maps?q=5.452772138888889,-73.81427", "OSMaps": "https://www.openstreetmap.org/query?lat=5.452772138888889&lon=-73.81427" }, "geometry": { "type": "Point", "coordinates": [ -73.81427, 5.452772138888889 ] } },
{ "type": "Feature", "properties": { "URL": "https://github.com/rcfdtools/R.GISMobile/tree/main/file/gis/POI/60/IMG_20260215_162406676.jpg", "Altitude": 2568.0, "GoogleMaps": "http://maps.google.com/maps?q=5.404253000000001,-73.76605222222223", "OSMaps": "https://www.openstreetmap.org/query?lat=5.404253000000001&lon=-73.76605222222223" }, "geometry": { "type": "Point", "coordinates": [ -73.766052222222228, 5.404253 ] } },
{ "type": "Feature", "properties": { "URL": "https://github.com/rcfdtools/R.GISMobile/tree/main/file/gis/POI/60/IMG_20260215_162444331.jpg", "Altitude": 2568.0, "GoogleMaps": "http://maps.google.com/maps?q=5.404253000000001,-73.76605222222223", "OSMaps": "https://www.openstreetmap.org/query?lat=5.404253000000001&lon=-73.76605222222223" }, "geometry": { "type": "Point", "coordinates": [ -73.766052222222228, 5.404253 ] } },
{ "type": "Feature", "properties": { "URL": "https://github.com/rcfdtools/R.GISMobile/tree/main/file/gis/POI/60/IMG_20260215_165548169.jpg", "Altitude": 2596.0, "GoogleMaps": "http://maps.google.com/maps?q=5.296965111111111,-73.8153305", "OSMaps": "https://www.openstreetmap.org/query?lat=5.296965111111111&lon=-73.8153305" }, "geometry": { "type": "Point", "coordinates": [ -73.8153305, 5.296965111111111 ] } },
{ "type": "Feature", "properties": { "URL": "https://github.com/rcfdtools/R.GISMobile/tree/main/file/gis/POI/61/IMG_20260301_095712049.jpg", "Altitude": 638.0, "GoogleMaps": "http://maps.google.com/maps?q=5.123499861111111,-74.44959258333334", "OSMaps": "https://www.openstreetmap.org/query?lat=5.123499861111111&lon=-74.44959258333334" }, "geometry": { "type": "Point", "coordinates": [ -74.449592583333342, 5.123499861111111 ] } },
{ "type": "Feature", "properties": { "URL": "https://github.com/rcfdtools/R.GISMobile/tree/main/file/gis/POI/61/IMG_20260301_095715031_HDR.jpg", "Altitude": 638.0, "GoogleMaps": "http://maps.google.com/maps?q=5.123499861111111,-74.44959258333334", "OSMaps": "https://www.openstreetmap.org/query?lat=5.123499861111111&lon=-74.44959258333334" }, "geometry": { "type": "Point", "coordinates": [ -74.449592583333342, 5.123499861111111 ] } },
{ "type": "Feature", "properties": { "URL": "https://github.com/rcfdtools/R.GISMobile/tree/main/file/gis/POI/61/IMG_20260301_095730773.jpg", "Altitude": 638.0, "GoogleMaps": "http://maps.google.com/maps?q=5.123499861111111,-74.44959258333334", "OSMaps": "https://www.openstreetmap.org/query?lat=5.123499861111111&lon=-74.44959258333334" }, "geometry": { "type": "Point", "coordinates": [ -74.449592583333342, 5.123499861111111 ] } },
{ "type": "Feature", "properties": { "URL": "https://github.com/rcfdtools/R.GISMobile/tree/main/file/gis/POI/61/IMG_20260301_095737391_HDR.jpg", "Altitude": 638.0, "GoogleMaps": "http://maps.google.com/maps?q=5.123499861111111,-74.44959258333334", "OSMaps": "https://www.openstreetmap.org/query?lat=5.123499861111111&lon=-74.44959258333334" }, "geometry": { "type": "Point", "coordinates": [ -74.449592583333342, 5.123499861111111 ] } },
{ "type": "Feature", "properties": { "URL": "https://github.com/rcfdtools/R.GISMobile/tree/main/file/gis/POI/61/IMG_20260301_095745001_HDR.jpg", "Altitude": 638.0, "GoogleMaps": "http://maps.google.com/maps?q=5.123499861111111,-74.44959258333334", "OSMaps": "https://www.openstreetmap.org/query?lat=5.123499861111111&lon=-74.44959258333334" }, "geometry": { "type": "Point", "coordinates": [ -74.449592583333342, 5.123499861111111 ] } },
{ "type": "Feature", "properties": { "URL": "https://github.com/rcfdtools/R.GISMobile/tree/main/file/gis/POI/61/IMG_20260301_095818412.jpg", "Altitude": 638.0, "GoogleMaps": "http://maps.google.com/maps?q=5.123499861111111,-74.44959258333334", "OSMaps": "https://www.openstreetmap.org/query?lat=5.123499861111111&lon=-74.44959258333334" }, "geometry": { "type": "Point", "coordinates": [ -74.449592583333342, 5.123499861111111 ] } },
{ "type": "Feature", "properties": { "URL": "https://github.com/rcfdtools/R.GISMobile/tree/main/file/gis/POI/61/IMG_20260301_103224768_HDR.jpg", "Altitude": 653.0, "GoogleMaps": "http://maps.google.com/maps?q=5.1237129999999995,-74.45022580555556", "OSMaps": "https://www.openstreetmap.org/query?lat=5.1237129999999995&lon=-74.45022580555556" }, "geometry": { "type": "Point", "coordinates": [ -74.450225805555561, 5.123713 ] } },
{ "type": "Feature", "properties": { "URL": "https://github.com/rcfdtools/R.GISMobile/tree/main/file/gis/POI/61/IMG_20260301_103227871_HDR.jpg", "Altitude": 653.0, "GoogleMaps": "http://maps.google.com/maps?q=5.1237129999999995,-74.45022580555556", "OSMaps": "https://www.openstreetmap.org/query?lat=5.1237129999999995&lon=-74.45022580555556" }, "geometry": { "type": "Point", "coordinates": [ -74.450225805555561, 5.123713 ] } },
{ "type": "Feature", "properties": { "URL": "https://github.com/rcfdtools/R.GISMobile/tree/main/file/gis/POI/61/IMG_20260301_103231272_HDR.jpg", "Altitude": 653.0, "GoogleMaps": "http://maps.google.com/maps?q=5.1237129999999995,-74.45022580555556", "OSMaps": "https://www.openstreetmap.org/query?lat=5.1237129999999995&lon=-74.45022580555556" }, "geometry": { "type": "Point", "coordinates": [ -74.450225805555561, 5.123713 ] } },
{ "type": "Feature", "properties": { "URL": "https://github.com/rcfdtools/R.GISMobile/tree/main/file/gis/POI/61/IMG_20260301_103234355.jpg", "Altitude": 653.0, "GoogleMaps": "http://maps.google.com/maps?q=5.1237129999999995,-74.45022580555556", "OSMaps": "https://www.openstreetmap.org/query?lat=5.1237129999999995&lon=-74.45022580555556" }, "geometry": { "type": "Point", "coordinates": [ -74.450225805555561, 5.123713 ] } },
{ "type": "Feature", "properties": { "URL": "https://github.com/rcfdtools/R.GISMobile/tree/main/file/gis/POI/61/IMG_20260301_103259057.jpg", "Altitude": 653.0, "GoogleMaps": "http://maps.google.com/maps?q=5.1237129999999995,-74.45022580555556", "OSMaps": "https://www.openstreetmap.org/query?lat=5.1237129999999995&lon=-74.45022580555556" }, "geometry": { "type": "Point", "coordinates": [ -74.450225805555561, 5.123713 ] } },
{ "type": "Feature", "properties": { "URL": "https://github.com/rcfdtools/R.GISMobile/tree/main/file/gis/POI/61/IMG_20260301_103306823.jpg", "Altitude": 653.0, "GoogleMaps": "http://maps.google.com/maps?q=5.1237129999999995,-74.45022580555556", "OSMaps": "https://www.openstreetmap.org/query?lat=5.1237129999999995&lon=-74.45022580555556" }, "geometry": { "type": "Point", "coordinates": [ -74.450225805555561, 5.123713 ] } },
{ "type": "Feature", "properties": { "URL": "https://github.com/rcfdtools/R.GISMobile/tree/main/file/gis/POI/61/IMG_20260301_103417186.jpg", "Altitude": 654.0, "GoogleMaps": "http://maps.google.com/maps?q=5.124186972222222,-74.45051572222222", "OSMaps": "https://www.openstreetmap.org/query?lat=5.124186972222222&lon=-74.45051572222222" }, "geometry": { "type": "Point", "coordinates": [ -74.450515722222221, 5.124186972222222 ] } },
{ "type": "Feature", "properties": { "URL": "https://github.com/rcfdtools/R.GISMobile/tree/main/file/gis/POI/61/IMG_20260301_103615807_HDR.jpg", "Altitude": 672.0, "GoogleMaps": "http://maps.google.com/maps?q=5.123911833333333,-74.45025633333334", "OSMaps": "https://www.openstreetmap.org/query?lat=5.123911833333333&lon=-74.45025633333334" }, "geometry": { "type": "Point", "coordinates": [ -74.450256333333343, 5.123911833333333 ] } },
{ "type": "Feature", "properties": { "URL": "https://github.com/rcfdtools/R.GISMobile/tree/main/file/gis/POI/61/IMG_20260301_103849285_HDR.jpg", "Altitude": 671.0, "GoogleMaps": "http://maps.google.com/maps?q=5.123219944444444,-74.45050047222223", "OSMaps": "https://www.openstreetmap.org/query?lat=5.123219944444444&lon=-74.45050047222223" }, "geometry": { "type": "Point", "coordinates": [ -74.450500472222231, 5.123219944444444 ] } },
{ "type": "Feature", "properties": { "URL": "https://github.com/rcfdtools/R.GISMobile/tree/main/file/gis/POI/61/IMG_20260301_103902536.jpg", "Altitude": 671.0, "GoogleMaps": "http://maps.google.com/maps?q=5.123219944444444,-74.45050047222223", "OSMaps": "https://www.openstreetmap.org/query?lat=5.123219944444444&lon=-74.45050047222223" }, "geometry": { "type": "Point", "coordinates": [ -74.450500472222231, 5.123219944444444 ] } },
{ "type": "Feature", "properties": { "URL": "https://github.com/rcfdtools/R.GISMobile/tree/main/file/gis/POI/61/IMG_20260301_104244556_HDR.jpg", "Altitude": 682.0, "GoogleMaps": "http://maps.google.com/maps?q=5.122107027777777,-74.45130155555556", "OSMaps": "https://www.openstreetmap.org/query?lat=5.122107027777777&lon=-74.45130155555556" }, "geometry": { "type": "Point", "coordinates": [ -74.45130155555556, 5.122107027777777 ] } },
{ "type": "Feature", "properties": { "URL": "https://github.com/rcfdtools/R.GISMobile/tree/main/file/gis/POI/61/IMG_20260301_104302993_HDR.jpg", "Altitude": 682.0, "GoogleMaps": "http://maps.google.com/maps?q=5.122107027777777,-74.45130155555556", "OSMaps": "https://www.openstreetmap.org/query?lat=5.122107027777777&lon=-74.45130155555556" }, "geometry": { "type": "Point", "coordinates": [ -74.45130155555556, 5.122107027777777 ] } },
{ "type": "Feature", "properties": { "URL": "https://github.com/rcfdtools/R.GISMobile/tree/main/file/gis/POI/61/IMG_20260301_104311377_HDR.jpg", "Altitude": 682.0, "GoogleMaps": "http://maps.google.com/maps?q=5.122107027777777,-74.45130155555556", "OSMaps": "https://www.openstreetmap.org/query?lat=5.122107027777777&lon=-74.45130155555556" }, "geometry": { "type": "Point", "coordinates": [ -74.45130155555556, 5.122107027777777 ] } },
{ "type": "Feature", "properties": { "URL": "https://github.com/rcfdtools/R.GISMobile/tree/main/file/gis/POI/61/IMG_20260301_110805847_HDR.jpg", "Altitude": 653.0, "GoogleMaps": "http://maps.google.com/maps?q=5.122076972222222,-74.45068358333333", "OSMaps": "https://www.openstreetmap.org/query?lat=5.122076972222222&lon=-74.45068358333333" }, "geometry": { "type": "Point", "coordinates": [ -74.45068358333333, 5.122076972222222 ] } },
{ "type": "Feature", "properties": { "URL": "https://github.com/rcfdtools/R.GISMobile/tree/main/file/gis/POI/61/IMG_20260301_110814929_HDR.jpg", "Altitude": 653.0, "GoogleMaps": "http://maps.google.com/maps?q=5.122076972222222,-74.45068358333333", "OSMaps": "https://www.openstreetmap.org/query?lat=5.122076972222222&lon=-74.45068358333333" }, "geometry": { "type": "Point", "coordinates": [ -74.45068358333333, 5.122076972222222 ] } },
{ "type": "Feature", "properties": { "URL": "https://github.com/rcfdtools/R.GISMobile/tree/main/file/gis/POI/61/IMG_20260301_110822045_HDR.jpg", "Altitude": 653.0, "GoogleMaps": "http://maps.google.com/maps?q=5.122076972222222,-74.45068358333333", "OSMaps": "https://www.openstreetmap.org/query?lat=5.122076972222222&lon=-74.45068358333333" }, "geometry": { "type": "Point", "coordinates": [ -74.45068358333333, 5.122076972222222 ] } },
{ "type": "Feature", "properties": { "URL": "https://github.com/rcfdtools/R.GISMobile/tree/main/file/gis/POI/61/IMG_20260301_112240828.jpg", "Altitude": 653.0, "GoogleMaps": "http://maps.google.com/maps?q=5.122076972222222,-74.45068358333333", "OSMaps": "https://www.openstreetmap.org/query?lat=5.122076972222222&lon=-74.45068358333333" }, "geometry": { "type": "Point", "coordinates": [ -74.45068358333333, 5.122076972222222 ] } },
{ "type": "Feature", "properties": { "URL": "https://github.com/rcfdtools/R.GISMobile/tree/main/file/gis/POI/61/IMG_20260301_112336963_HDR.jpg", "Altitude": 676.0, "GoogleMaps": "http://maps.google.com/maps?q=5.120041833333333,-74.44835661111111", "OSMaps": "https://www.openstreetmap.org/query?lat=5.120041833333333&lon=-74.44835661111111" }, "geometry": { "type": "Point", "coordinates": [ -74.448356611111109, 5.120041833333333 ] } },
{ "type": "Feature", "properties": { "URL": "https://github.com/rcfdtools/R.GISMobile/tree/main/file/gis/POI/61/IMG_20260301_112405274_HDR.jpg", "Altitude": 676.0, "GoogleMaps": "http://maps.google.com/maps?q=5.120041833333333,-74.44835661111111", "OSMaps": "https://www.openstreetmap.org/query?lat=5.120041833333333&lon=-74.44835661111111" }, "geometry": { "type": "Point", "coordinates": [ -74.448356611111109, 5.120041833333333 ] } },
{ "type": "Feature", "properties": { "URL": "https://github.com/rcfdtools/R.GISMobile/tree/main/file/gis/POI/61/IMG_20260301_112511280_HDR.jpg", "Altitude": 676.0, "GoogleMaps": "http://maps.google.com/maps?q=5.120041833333333,-74.44835661111111", "OSMaps": "https://www.openstreetmap.org/query?lat=5.120041833333333&lon=-74.44835661111111" }, "geometry": { "type": "Point", "coordinates": [ -74.448356611111109, 5.120041833333333 ] } },
{ "type": "Feature", "properties": { "URL": "https://github.com/rcfdtools/R.GISMobile/tree/main/file/gis/POI/61/IMG_20260301_112520105_HDR.jpg", "Altitude": 676.0, "GoogleMaps": "http://maps.google.com/maps?q=5.120041833333333,-74.44835661111111", "OSMaps": "https://www.openstreetmap.org/query?lat=5.120041833333333&lon=-74.44835661111111" }, "geometry": { "type": "Point", "coordinates": [ -74.448356611111109, 5.120041833333333 ] } },
{ "type": "Feature", "properties": { "URL": "https://github.com/rcfdtools/R.GISMobile/tree/main/file/gis/POI/61/IMG_20260301_113015075_HDR.jpg", "Altitude": 681.0, "GoogleMaps": "http://maps.google.com/maps?q=5.107850055555555,-74.45000455555555", "OSMaps": "https://www.openstreetmap.org/query?lat=5.107850055555555&lon=-74.45000455555555" }, "geometry": { "type": "Point", "coordinates": [ -74.450004555555552, 5.107850055555555 ] } },
{ "type": "Feature", "properties": { "URL": "https://github.com/rcfdtools/R.GISMobile/tree/main/file/gis/POI/61/IMG_20260301_113018941_HDR.jpg", "Altitude": 681.0, "GoogleMaps": "http://maps.google.com/maps?q=5.107850055555555,-74.45000455555555", "OSMaps": "https://www.openstreetmap.org/query?lat=5.107850055555555&lon=-74.45000455555555" }, "geometry": { "type": "Point", "coordinates": [ -74.450004555555552, 5.107850055555555 ] } },
{ "type": "Feature", "properties": { "URL": "https://github.com/rcfdtools/R.GISMobile/tree/main/file/gis/POI/61/IMG_20260301_113022579_HDR.jpg", "Altitude": 681.0, "GoogleMaps": "http://maps.google.com/maps?q=5.107850055555555,-74.45000455555555", "OSMaps": "https://www.openstreetmap.org/query?lat=5.107850055555555&lon=-74.45000455555555" }, "geometry": { "type": "Point", "coordinates": [ -74.450004555555552, 5.107850055555555 ] } },
{ "type": "Feature", "properties": { "URL": "https://github.com/rcfdtools/R.GISMobile/tree/main/file/gis/POI/61/IMG_20260301_113033424_HDR.jpg", "Altitude": 681.0, "GoogleMaps": "http://maps.google.com/maps?q=5.107850055555555,-74.45000455555555", "OSMaps": "https://www.openstreetmap.org/query?lat=5.107850055555555&lon=-74.45000455555555" }, "geometry": { "type": "Point", "coordinates": [ -74.450004555555552, 5.107850055555555 ] } },
{ "type": "Feature", "properties": { "URL": "https://github.com/rcfdtools/R.GISMobile/tree/main/file/gis/POI/61/IMG_20260301_113037479_HDR.jpg", "Altitude": 681.0, "GoogleMaps": "http://maps.google.com/maps?q=5.107850055555555,-74.45000455555555", "OSMaps": "https://www.openstreetmap.org/query?lat=5.107850055555555&lon=-74.45000455555555" }, "geometry": { "type": "Point", "coordinates": [ -74.450004555555552, 5.107850055555555 ] } },
{ "type": "Feature", "properties": { "URL": "https://github.com/rcfdtools/R.GISMobile/tree/main/file/gis/POI/61/IMG_20260301_113041871_HDR.jpg", "Altitude": 681.0, "GoogleMaps": "http://maps.google.com/maps?q=5.107850055555555,-74.45000455555555", "OSMaps": "https://www.openstreetmap.org/query?lat=5.107850055555555&lon=-74.45000455555555" }, "geometry": { "type": "Point", "coordinates": [ -74.450004555555552, 5.107850055555555 ] } },
{ "type": "Feature", "properties": { "URL": "https://github.com/rcfdtools/R.GISMobile/tree/main/file/gis/POI/61/IMG_20260301_113118471_HDR.jpg", "Altitude": 681.0, "GoogleMaps": "http://maps.google.com/maps?q=5.107850055555555,-74.45000455555555", "OSMaps": "https://www.openstreetmap.org/query?lat=5.107850055555555&lon=-74.45000455555555" }, "geometry": { "type": "Point", "coordinates": [ -74.450004555555552, 5.107850055555555 ] } },
{ "type": "Feature", "properties": { "URL": "https://github.com/rcfdtools/R.GISMobile/tree/main/file/gis/POI/61/IMG_20260301_113124174_HDR.jpg", "Altitude": 681.0, "GoogleMaps": "http://maps.google.com/maps?q=5.107850055555555,-74.45000455555555", "OSMaps": "https://www.openstreetmap.org/query?lat=5.107850055555555&lon=-74.45000455555555" }, "geometry": { "type": "Point", "coordinates": [ -74.450004555555552, 5.107850055555555 ] } },
{ "type": "Feature", "properties": { "URL": "https://github.com/rcfdtools/R.GISMobile/tree/main/file/gis/POI/61/IMG_20260301_113251664_HDR.jpg", "Altitude": 686.0, "GoogleMaps": "http://maps.google.com/maps?q=5.107765194444444,-74.44976041666668", "OSMaps": "https://www.openstreetmap.org/query?lat=5.107765194444444&lon=-74.44976041666668" }, "geometry": { "type": "Point", "coordinates": [ -74.449760416666678, 5.107765194444444 ] } },
{ "type": "Feature", "properties": { "URL": "https://github.com/rcfdtools/R.GISMobile/tree/main/file/gis/POI/61/IMG_20260301_113257959_HDR.jpg", "Altitude": 686.0, "GoogleMaps": "http://maps.google.com/maps?q=5.107765194444444,-74.44976041666668", "OSMaps": "https://www.openstreetmap.org/query?lat=5.107765194444444&lon=-74.44976041666668" }, "geometry": { "type": "Point", "coordinates": [ -74.449760416666678, 5.107765194444444 ] } },
{ "type": "Feature", "properties": { "URL": "https://github.com/rcfdtools/R.GISMobile/tree/main/file/gis/POI/61/IMG_20260301_113308172_HDR.jpg", "Altitude": 686.0, "GoogleMaps": "http://maps.google.com/maps?q=5.107765194444444,-74.44976041666668", "OSMaps": "https://www.openstreetmap.org/query?lat=5.107765194444444&lon=-74.44976041666668" }, "geometry": { "type": "Point", "coordinates": [ -74.449760416666678, 5.107765194444444 ] } },
{ "type": "Feature", "properties": { "URL": "https://github.com/rcfdtools/R.GISMobile/tree/main/file/gis/POI/61/IMG_20260301_113311986.jpg", "Altitude": 686.0, "GoogleMaps": "http://maps.google.com/maps?q=5.107765194444444,-74.44976041666668", "OSMaps": "https://www.openstreetmap.org/query?lat=5.107765194444444&lon=-74.44976041666668" }, "geometry": { "type": "Point", "coordinates": [ -74.449760416666678, 5.107765194444444 ] } },
{ "type": "Feature", "properties": { "URL": "https://github.com/rcfdtools/R.GISMobile/tree/main/file/gis/POI/61/IMG_20260301_113329660_HDR.jpg", "Altitude": 686.0, "GoogleMaps": "http://maps.google.com/maps?q=5.107765194444444,-74.44976041666668", "OSMaps": "https://www.openstreetmap.org/query?lat=5.107765194444444&lon=-74.44976041666668" }, "geometry": { "type": "Point", "coordinates": [ -74.449760416666678, 5.107765194444444 ] } },
{ "type": "Feature", "properties": { "URL": "https://github.com/rcfdtools/R.GISMobile/tree/main/file/gis/POI/61/IMG_20260301_115746936_HDR.jpg", "Altitude": 633.0, "GoogleMaps": "http://maps.google.com/maps?q=5.122872805555555,-74.45101927777777", "OSMaps": "https://www.openstreetmap.org/query?lat=5.122872805555555&lon=-74.45101927777777" }, "geometry": { "type": "Point", "coordinates": [ -74.451019277777775, 5.122872805555555 ] } },
{ "type": "Feature", "properties": { "URL": "https://github.com/rcfdtools/R.GISMobile/tree/main/file/gis/POI/61/IMG_20260301_115756851_HDR.jpg", "Altitude": 633.0, "GoogleMaps": "http://maps.google.com/maps?q=5.122872805555555,-74.45101927777777", "OSMaps": "https://www.openstreetmap.org/query?lat=5.122872805555555&lon=-74.45101927777777" }, "geometry": { "type": "Point", "coordinates": [ -74.451019277777775, 5.122872805555555 ] } },
{ "type": "Feature", "properties": { "URL": "https://github.com/rcfdtools/R.GISMobile/tree/main/file/gis/POI/61/IMG_20260301_115821813.jpg", "Altitude": 683.0, "GoogleMaps": "http://maps.google.com/maps?q=5.122872805555555,-74.45101927777777", "OSMaps": "https://www.openstreetmap.org/query?lat=5.122872805555555&lon=-74.45101927777777" }, "geometry": { "type": "Point", "coordinates": [ -74.451019277777775, 5.122872805555555 ] } },
{ "type": "Feature", "properties": { "URL": "https://github.com/rcfdtools/R.GISMobile/tree/main/file/gis/POI/61/IMG_20260301_134627048.jpg", "Altitude": 1210.0, "GoogleMaps": "http://maps.google.com/maps?q=4.99269675,-74.33219144444445", "OSMaps": "https://www.openstreetmap.org/query?lat=4.99269675&lon=-74.33219144444445" }, "geometry": { "type": "Point", "coordinates": [ -74.332191444444447, 4.99269675 ] } },
{ "type": "Feature", "properties": { "URL": "https://github.com/rcfdtools/R.GISMobile/tree/main/file/gis/POI/61/IMG_20260301_134631116.jpg", "Altitude": 1210.0, "GoogleMaps": "http://maps.google.com/maps?q=4.99269675,-74.33219144444445", "OSMaps": "https://www.openstreetmap.org/query?lat=4.99269675&lon=-74.33219144444445" }, "geometry": { "type": "Point", "coordinates": [ -74.332191444444447, 4.99269675 ] } },
{ "type": "Feature", "properties": { "URL": "https://github.com/rcfdtools/R.GISMobile/tree/main/file/gis/POI/61/IMG_20260301_150830212.jpg", "Altitude": 2869.0, "GoogleMaps": "http://maps.google.com/maps?q=4.937962083333334,-74.11002347222221", "OSMaps": "https://www.openstreetmap.org/query?lat=4.937962083333334&lon=-74.11002347222221" }, "geometry": { "type": "Point", "coordinates": [ -74.11002347222221, 4.937962083333334 ] } },
{ "type": "Feature", "properties": { "URL": "https://github.com/rcfdtools/R.GISMobile/tree/main/file/gis/POI/61/IMG_20260301_150834333.jpg", "Altitude": 2869.0, "GoogleMaps": "http://maps.google.com/maps?q=4.937962083333334,-74.11002347222221", "OSMaps": "https://www.openstreetmap.org/query?lat=4.937962083333334&lon=-74.11002347222221" }, "geometry": { "type": "Point", "coordinates": [ -74.11002347222221, 4.937962083333334 ] } },
{ "type": "Feature", "properties": { "URL": "https://github.com/rcfdtools/R.GISMobile/tree/main/file/gis/POI/61/IMG_20260301_150857294.jpg", "Altitude": 2869.0, "GoogleMaps": "http://maps.google.com/maps?q=4.937962083333334,-74.11002347222221", "OSMaps": "https://www.openstreetmap.org/query?lat=4.937962083333334&lon=-74.11002347222221" }, "geometry": { "type": "Point", "coordinates": [ -74.11002347222221, 4.937962083333334 ] } },
{ "type": "Feature", "properties": { "URL": "https://github.com/rcfdtools/R.GISMobile/tree/main/file/gis/POI/61/IMG_20260301_150936946.jpg", "Altitude": 2869.0, "GoogleMaps": "http://maps.google.com/maps?q=4.937962083333334,-74.11002347222221", "OSMaps": "https://www.openstreetmap.org/query?lat=4.937962083333334&lon=-74.11002347222221" }, "geometry": { "type": "Point", "coordinates": [ -74.11002347222221, 4.937962083333334 ] } },
{ "type": "Feature", "properties": { "URL": "https://github.com/rcfdtools/R.GISMobile/tree/main/file/gis/POI/61/IMG_20260301_150939738.jpg", "Altitude": 2869.0, "GoogleMaps": "http://maps.google.com/maps?q=4.937962083333334,-74.11002347222221", "OSMaps": "https://www.openstreetmap.org/query?lat=4.937962083333334&lon=-74.11002347222221" }, "geometry": { "type": "Point", "coordinates": [ -74.11002347222221, 4.937962083333334 ] } },
{ "type": "Feature", "properties": { "URL": "https://github.com/rcfdtools/R.GISMobile/tree/main/file/gis/POI/62/IMG_20260315_082408603_HDR.jpg", "Altitude": 1339.0, "GoogleMaps": "http://maps.google.com/maps?q=5.177257055555556,-74.19221494444444", "OSMaps": "https://www.openstreetmap.org/query?lat=5.177257055555556&lon=-74.19221494444444" }, "geometry": { "type": "Point", "coordinates": [ -74.192214944444444, 5.177257055555556 ] } },
{ "type": "Feature", "properties": { "URL": "https://github.com/rcfdtools/R.GISMobile/tree/main/file/gis/POI/62/IMG_20260315_082411916_HDR.jpg", "Altitude": 1339.0, "GoogleMaps": "http://maps.google.com/maps?q=5.177257055555556,-74.19221494444444", "OSMaps": "https://www.openstreetmap.org/query?lat=5.177257055555556&lon=-74.19221494444444" }, "geometry": { "type": "Point", "coordinates": [ -74.192214944444444, 5.177257055555556 ] } },
{ "type": "Feature", "properties": { "URL": "https://github.com/rcfdtools/R.GISMobile/tree/main/file/gis/POI/62/IMG_20260315_082417663_HDR.jpg", "Altitude": 1339.0, "GoogleMaps": "http://maps.google.com/maps?q=5.177257055555556,-74.19221494444444", "OSMaps": "https://www.openstreetmap.org/query?lat=5.177257055555556&lon=-74.19221494444444" }, "geometry": { "type": "Point", "coordinates": [ -74.192214944444444, 5.177257055555556 ] } },
{ "type": "Feature", "properties": { "URL": "https://github.com/rcfdtools/R.GISMobile/tree/main/file/gis/POI/62/IMG_20260315_082420861.jpg", "Altitude": 1339.0, "GoogleMaps": "http://maps.google.com/maps?q=5.177257055555556,-74.19221494444444", "OSMaps": "https://www.openstreetmap.org/query?lat=5.177257055555556&lon=-74.19221494444444" }, "geometry": { "type": "Point", "coordinates": [ -74.192214944444444, 5.177257055555556 ] } },
{ "type": "Feature", "properties": { "URL": "https://github.com/rcfdtools/R.GISMobile/tree/main/file/gis/POI/62/IMG_20260315_082424645.jpg", "Altitude": 1339.0, "GoogleMaps": "http://maps.google.com/maps?q=5.177257055555556,-74.19221494444444", "OSMaps": "https://www.openstreetmap.org/query?lat=5.177257055555556&lon=-74.19221494444444" }, "geometry": { "type": "Point", "coordinates": [ -74.192214944444444, 5.177257055555556 ] } },
{ "type": "Feature", "properties": { "URL": "https://github.com/rcfdtools/R.GISMobile/tree/main/file/gis/POI/62/IMG_20260315_082730964_HDR.jpg", "Altitude": 1306.0, "GoogleMaps": "http://maps.google.com/maps?q=5.184796805555556,-74.19832611111111", "OSMaps": "https://www.openstreetmap.org/query?lat=5.184796805555556&lon=-74.19832611111111" }, "geometry": { "type": "Point", "coordinates": [ -74.198326111111115, 5.184796805555556 ] } },
{ "type": "Feature", "properties": { "URL": "https://github.com/rcfdtools/R.GISMobile/tree/main/file/gis/POI/62/IMG_20260315_082748852_HDR.jpg", "Altitude": 1306.0, "GoogleMaps": "http://maps.google.com/maps?q=5.184796805555556,-74.19832611111111", "OSMaps": "https://www.openstreetmap.org/query?lat=5.184796805555556&lon=-74.19832611111111" }, "geometry": { "type": "Point", "coordinates": [ -74.198326111111115, 5.184796805555556 ] } },
{ "type": "Feature", "properties": { "URL": "https://github.com/rcfdtools/R.GISMobile/tree/main/file/gis/POI/62/IMG_20260315_085902378.jpg", "Altitude": 1044.0, "GoogleMaps": "http://maps.google.com/maps?q=5.2296118611111115,-74.27925872222222", "OSMaps": "https://www.openstreetmap.org/query?lat=5.2296118611111115&lon=-74.27925872222222" }, "geometry": { "type": "Point", "coordinates": [ -74.279258722222224, 5.229611861111112 ] } },
{ "type": "Feature", "properties": { "URL": "https://github.com/rcfdtools/R.GISMobile/tree/main/file/gis/POI/62/IMG_20260315_085907539_HDR.jpg", "Altitude": 1044.0, "GoogleMaps": "http://maps.google.com/maps?q=5.2296118611111115,-74.27925872222222", "OSMaps": "https://www.openstreetmap.org/query?lat=5.2296118611111115&lon=-74.27925872222222" }, "geometry": { "type": "Point", "coordinates": [ -74.279258722222224, 5.229611861111112 ] } },
{ "type": "Feature", "properties": { "URL": "https://github.com/rcfdtools/R.GISMobile/tree/main/file/gis/POI/62/IMG_20260315_085910934.jpg", "Altitude": 1044.0, "GoogleMaps": "http://maps.google.com/maps?q=5.2296118611111115,-74.27925872222222", "OSMaps": "https://www.openstreetmap.org/query?lat=5.2296118611111115&lon=-74.27925872222222" }, "geometry": { "type": "Point", "coordinates": [ -74.279258722222224, 5.229611861111112 ] } },
{ "type": "Feature", "properties": { "URL": "https://github.com/rcfdtools/R.GISMobile/tree/main/file/gis/POI/62/IMG_20260315_085921155.jpg", "Altitude": 1044.0, "GoogleMaps": "http://maps.google.com/maps?q=5.2296118611111115,-74.27925872222222", "OSMaps": "https://www.openstreetmap.org/query?lat=5.2296118611111115&lon=-74.27925872222222" }, "geometry": { "type": "Point", "coordinates": [ -74.279258722222224, 5.229611861111112 ] } },
{ "type": "Feature", "properties": { "URL": "https://github.com/rcfdtools/R.GISMobile/tree/main/file/gis/POI/62/IMG_20260315_092416985_HDR.jpg", "Altitude": 1021.0, "GoogleMaps": "http://maps.google.com/maps?q=5.239573,-74.29395291666667", "OSMaps": "https://www.openstreetmap.org/query?lat=5.239573&lon=-74.29395291666667" }, "geometry": { "type": "Point", "coordinates": [ -74.293952916666669, 5.239573 ] } },
{ "type": "Feature", "properties": { "URL": "https://github.com/rcfdtools/R.GISMobile/tree/main/file/gis/POI/62/IMG_20260315_092421549_HDR.jpg", "Altitude": 1021.0, "GoogleMaps": "http://maps.google.com/maps?q=5.239573,-74.29395291666667", "OSMaps": "https://www.openstreetmap.org/query?lat=5.239573&lon=-74.29395291666667" }, "geometry": { "type": "Point", "coordinates": [ -74.293952916666669, 5.239573 ] } },
{ "type": "Feature", "properties": { "URL": "https://github.com/rcfdtools/R.GISMobile/tree/main/file/gis/POI/62/IMG_20260315_092524600_HDR.jpg", "Altitude": 1021.0, "GoogleMaps": "http://maps.google.com/maps?q=5.239630222222222,-74.29384611111111", "OSMaps": "https://www.openstreetmap.org/query?lat=5.239630222222222&lon=-74.29384611111111" }, "geometry": { "type": "Point", "coordinates": [ -74.293846111111108, 5.239630222222222 ] } },
{ "type": "Feature", "properties": { "URL": "https://github.com/rcfdtools/R.GISMobile/tree/main/file/gis/POI/62/IMG_20260315_092751880_HDR.jpg", "Altitude": 1021.0, "GoogleMaps": "http://maps.google.com/maps?q=5.239902,-74.29411313888889", "OSMaps": "https://www.openstreetmap.org/query?lat=5.239902&lon=-74.29411313888889" }, "geometry": { "type": "Point", "coordinates": [ -74.294113138888889, 5.239902 ] } },
{ "type": "Feature", "properties": { "URL": "https://github.com/rcfdtools/R.GISMobile/tree/main/file/gis/POI/62/IMG_20260315_095656774_HDR.jpg", "Altitude": 1023.0, "GoogleMaps": "http://maps.google.com/maps?q=5.239809972222222,-74.29364775", "OSMaps": "https://www.openstreetmap.org/query?lat=5.239809972222222&lon=-74.29364775" }, "geometry": { "type": "Point", "coordinates": [ -74.29364775, 5.239809972222222 ] } },
{ "type": "Feature", "properties": { "URL": "https://github.com/rcfdtools/R.GISMobile/tree/main/file/gis/POI/62/IMG_20260315_095702196.jpg", "Altitude": 1023.0, "GoogleMaps": "http://maps.google.com/maps?q=5.239809972222222,-74.29364775", "OSMaps": "https://www.openstreetmap.org/query?lat=5.239809972222222&lon=-74.29364775" }, "geometry": { "type": "Point", "coordinates": [ -74.29364775, 5.239809972222222 ] } },
{ "type": "Feature", "properties": { "URL": "https://github.com/rcfdtools/R.GISMobile/tree/main/file/gis/POI/62/IMG_20260315_100518219_HDR.jpg", "Altitude": 1051.0, "GoogleMaps": "http://maps.google.com/maps?q=5.240567194444444,-74.29377744444444", "OSMaps": "https://www.openstreetmap.org/query?lat=5.240567194444444&lon=-74.29377744444444" }, "geometry": { "type": "Point", "coordinates": [ -74.293777444444444, 5.240567194444444 ] } },
{ "type": "Feature", "properties": { "URL": "https://github.com/rcfdtools/R.GISMobile/tree/main/file/gis/POI/62/IMG_20260315_100530096_HDR.jpg", "Altitude": 1051.0, "GoogleMaps": "http://maps.google.com/maps?q=5.240567194444444,-74.29377744444444", "OSMaps": "https://www.openstreetmap.org/query?lat=5.240567194444444&lon=-74.29377744444444" }, "geometry": { "type": "Point", "coordinates": [ -74.293777444444444, 5.240567194444444 ] } },
{ "type": "Feature", "properties": { "URL": "https://github.com/rcfdtools/R.GISMobile/tree/main/file/gis/POI/62/IMG_20260315_100633597.jpg", "Altitude": 1035.0, "GoogleMaps": "http://maps.google.com/maps?q=5.240567194444444,-74.29377744444444", "OSMaps": "https://www.openstreetmap.org/query?lat=5.240567194444444&lon=-74.29377744444444" }, "geometry": { "type": "Point", "coordinates": [ -74.293777444444444, 5.240567194444444 ] } },
{ "type": "Feature", "properties": { "URL": "https://github.com/rcfdtools/R.GISMobile/tree/main/file/gis/POI/62/IMG_20260315_100724892.jpg", "Altitude": 1051.0, "GoogleMaps": "http://maps.google.com/maps?q=5.240777944444445,-74.29407499999999", "OSMaps": "https://www.openstreetmap.org/query?lat=5.240777944444445&lon=-74.29407499999999" }, "geometry": { "type": "Point", "coordinates": [ -74.294075, 5.240777944444445 ] } },
{ "type": "Feature", "properties": { "URL": "https://github.com/rcfdtools/R.GISMobile/tree/main/file/gis/POI/62/IMG_20260315_100729690.jpg", "Altitude": 1051.0, "GoogleMaps": "http://maps.google.com/maps?q=5.240777944444445,-74.29407499999999", "OSMaps": "https://www.openstreetmap.org/query?lat=5.240777944444445&lon=-74.29407499999999" }, "geometry": { "type": "Point", "coordinates": [ -74.294075, 5.240777944444445 ] } },
{ "type": "Feature", "properties": { "URL": "https://github.com/rcfdtools/R.GISMobile/tree/main/file/gis/POI/62/IMG_20260315_100749528.jpg", "Altitude": 1051.0, "GoogleMaps": "http://maps.google.com/maps?q=5.240777944444445,-74.29407499999999", "OSMaps": "https://www.openstreetmap.org/query?lat=5.240777944444445&lon=-74.29407499999999" }, "geometry": { "type": "Point", "coordinates": [ -74.294075, 5.240777944444445 ] } },
{ "type": "Feature", "properties": { "URL": "https://github.com/rcfdtools/R.GISMobile/tree/main/file/gis/POI/62/IMG_20260315_100752877.jpg", "Altitude": 1051.0, "GoogleMaps": "http://maps.google.com/maps?q=5.240777944444445,-74.29407499999999", "OSMaps": "https://www.openstreetmap.org/query?lat=5.240777944444445&lon=-74.29407499999999" }, "geometry": { "type": "Point", "coordinates": [ -74.294075, 5.240777944444445 ] } },
{ "type": "Feature", "properties": { "URL": "https://github.com/rcfdtools/R.GISMobile/tree/main/file/gis/POI/62/IMG_20260315_100755555.jpg", "Altitude": 1051.0, "GoogleMaps": "http://maps.google.com/maps?q=5.240777944444445,-74.29407499999999", "OSMaps": "https://www.openstreetmap.org/query?lat=5.240777944444445&lon=-74.29407499999999" }, "geometry": { "type": "Point", "coordinates": [ -74.294075, 5.240777944444445 ] } },
{ "type": "Feature", "properties": { "URL": "https://github.com/rcfdtools/R.GISMobile/tree/main/file/gis/POI/62/IMG_20260315_100918955_HDR.jpg", "Altitude": 1051.0, "GoogleMaps": "http://maps.google.com/maps?q=5.240777944444445,-74.29407499999999", "OSMaps": "https://www.openstreetmap.org/query?lat=5.240777944444445&lon=-74.29407499999999" }, "geometry": { "type": "Point", "coordinates": [ -74.294075, 5.240777944444445 ] } },
{ "type": "Feature", "properties": { "URL": "https://github.com/rcfdtools/R.GISMobile/tree/main/file/gis/POI/62/IMG_20260315_100922582.jpg", "Altitude": 1043.0, "GoogleMaps": "http://maps.google.com/maps?q=5.241069777777778,-74.29374694444444", "OSMaps": "https://www.openstreetmap.org/query?lat=5.241069777777778&lon=-74.29374694444444" }, "geometry": { "type": "Point", "coordinates": [ -74.293746944444436, 5.241069777777778 ] } },
{ "type": "Feature", "properties": { "URL": "https://github.com/rcfdtools/R.GISMobile/tree/main/file/gis/POI/62/IMG_20260315_101320851_HDR.jpg", "Altitude": 1043.0, "GoogleMaps": "http://maps.google.com/maps?q=5.240825166666666,-74.29381561111111", "OSMaps": "https://www.openstreetmap.org/query?lat=5.240825166666666&lon=-74.29381561111111" }, "geometry": { "type": "Point", "coordinates": [ -74.293815611111114, 5.240825166666666 ] } },
{ "type": "Feature", "properties": { "URL": "https://github.com/rcfdtools/R.GISMobile/tree/main/file/gis/POI/62/IMG_20260315_101521416_HDR.jpg", "Altitude": 1030.0, "GoogleMaps": "http://maps.google.com/maps?q=5.239884833333333,-74.29386138888889", "OSMaps": "https://www.openstreetmap.org/query?lat=5.239884833333333&lon=-74.29386138888889" }, "geometry": { "type": "Point", "coordinates": [ -74.293861388888885, 5.239884833333333 ] } },
{ "type": "Feature", "properties": { "URL": "https://github.com/rcfdtools/R.GISMobile/tree/main/file/gis/POI/62/IMG_20260315_101529629_HDR.jpg", "Altitude": 1030.0, "GoogleMaps": "http://maps.google.com/maps?q=5.239884833333333,-74.29386138888889", "OSMaps": "https://www.openstreetmap.org/query?lat=5.239884833333333&lon=-74.29386138888889" }, "geometry": { "type": "Point", "coordinates": [ -74.293861388888885, 5.239884833333333 ] } },
{ "type": "Feature", "properties": { "URL": "https://github.com/rcfdtools/R.GISMobile/tree/main/file/gis/POI/62/IMG_20260315_102813412_HDR.jpg", "Altitude": 1040.0, "GoogleMaps": "http://maps.google.com/maps?q=5.2393479166666665,-74.29392241666666", "OSMaps": "https://www.openstreetmap.org/query?lat=5.2393479166666665&lon=-74.29392241666666" }, "geometry": { "type": "Point", "coordinates": [ -74.293922416666661, 5.239347916666667 ] } },
{ "type": "Feature", "properties": { "URL": "https://github.com/rcfdtools/R.GISMobile/tree/main/file/gis/POI/62/IMG_20260315_105051823.jpg", "Altitude": 1365.0, "GoogleMaps": "http://maps.google.com/maps?q=5.248744944444445,-74.29023741666667", "OSMaps": "https://www.openstreetmap.org/query?lat=5.248744944444445&lon=-74.29023741666667" }, "geometry": { "type": "Point", "coordinates": [ -74.29023741666667, 5.248744944444445 ] } },
{ "type": "Feature", "properties": { "URL": "https://github.com/rcfdtools/R.GISMobile/tree/main/file/gis/POI/62/IMG_20260315_105123335_HDR.jpg", "Altitude": 1365.0, "GoogleMaps": "http://maps.google.com/maps?q=5.248744944444445,-74.29023741666667", "OSMaps": "https://www.openstreetmap.org/query?lat=5.248744944444445&lon=-74.29023741666667" }, "geometry": { "type": "Point", "coordinates": [ -74.29023741666667, 5.248744944444445 ] } },
{ "type": "Feature", "properties": { "URL": "https://github.com/rcfdtools/R.GISMobile/tree/main/file/gis/POI/62/IMG_20260315_105134165.jpg", "Altitude": 1365.0, "GoogleMaps": "http://maps.google.com/maps?q=5.248744944444445,-74.29023741666667", "OSMaps": "https://www.openstreetmap.org/query?lat=5.248744944444445&lon=-74.29023741666667" }, "geometry": { "type": "Point", "coordinates": [ -74.29023741666667, 5.248744944444445 ] } },
{ "type": "Feature", "properties": { "URL": "https://github.com/rcfdtools/R.GISMobile/tree/main/file/gis/POI/62/IMG_20260315_105209847.jpg", "Altitude": 1365.0, "GoogleMaps": "http://maps.google.com/maps?q=5.248744944444445,-74.29023741666667", "OSMaps": "https://www.openstreetmap.org/query?lat=5.248744944444445&lon=-74.29023741666667" }, "geometry": { "type": "Point", "coordinates": [ -74.29023741666667, 5.248744944444445 ] } },
{ "type": "Feature", "properties": { "URL": "https://github.com/rcfdtools/R.GISMobile/tree/main/file/gis/POI/62/IMG_20260315_105234266.jpg", "Altitude": 1365.0, "GoogleMaps": "http://maps.google.com/maps?q=5.248744944444445,-74.29023741666667", "OSMaps": "https://www.openstreetmap.org/query?lat=5.248744944444445&lon=-74.29023741666667" }, "geometry": { "type": "Point", "coordinates": [ -74.29023741666667, 5.248744944444445 ] } },
{ "type": "Feature", "properties": { "URL": "https://github.com/rcfdtools/R.GISMobile/tree/main/file/gis/POI/62/IMG_20260315_105247967.jpg", "Altitude": 1365.0, "GoogleMaps": "http://maps.google.com/maps?q=5.248744944444445,-74.29023741666667", "OSMaps": "https://www.openstreetmap.org/query?lat=5.248744944444445&lon=-74.29023741666667" }, "geometry": { "type": "Point", "coordinates": [ -74.29023741666667, 5.248744944444445 ] } },
{ "type": "Feature", "properties": { "URL": "https://github.com/rcfdtools/R.GISMobile/tree/main/file/gis/POI/62/IMG_20260315_105315046.jpg", "Altitude": 1363.0, "GoogleMaps": "http://maps.google.com/maps?q=5.248994805555555,-74.29019163888888", "OSMaps": "https://www.openstreetmap.org/query?lat=5.248994805555555&lon=-74.29019163888888" }, "geometry": { "type": "Point", "coordinates": [ -74.290191638888885, 5.248994805555555 ] } },
{ "type": "Feature", "properties": { "URL": "https://github.com/rcfdtools/R.GISMobile/tree/main/file/gis/POI/62/IMG_20260315_105352951_HDR.jpg", "Altitude": 1364.0, "GoogleMaps": "http://maps.google.com/maps?q=5.248967166666667,-74.29024505555556", "OSMaps": "https://www.openstreetmap.org/query?lat=5.248967166666667&lon=-74.29024505555556" }, "geometry": { "type": "Point", "coordinates": [ -74.290245055555559, 5.248967166666667 ] } },
{ "type": "Feature", "properties": { "URL": "https://github.com/rcfdtools/R.GISMobile/tree/main/file/gis/POI/62/IMG_20260315_105448073.jpg", "Altitude": 1354.0, "GoogleMaps": "http://maps.google.com/maps?q=5.249067777777777,-74.29024505555556", "OSMaps": "https://www.openstreetmap.org/query?lat=5.249067777777777&lon=-74.29024505555556" }, "geometry": { "type": "Point", "coordinates": [ -74.290245055555559, 5.249067777777777 ] } },
{ "type": "Feature", "properties": { "URL": "https://github.com/rcfdtools/R.GISMobile/tree/main/file/gis/POI/62/IMG_20260315_105543066.jpg", "Altitude": 1358.0, "GoogleMaps": "http://maps.google.com/maps?q=5.248968111111111,-74.29021452777778", "OSMaps": "https://www.openstreetmap.org/query?lat=5.248968111111111&lon=-74.29021452777778" }, "geometry": { "type": "Point", "coordinates": [ -74.290214527777778, 5.248968111111111 ] } },
{ "type": "Feature", "properties": { "URL": "https://github.com/rcfdtools/R.GISMobile/tree/main/file/gis/POI/62/IMG_20260315_105605390_HDR.jpg", "Altitude": 1358.0, "GoogleMaps": "http://maps.google.com/maps?q=5.248968111111111,-74.29021452777778", "OSMaps": "https://www.openstreetmap.org/query?lat=5.248968111111111&lon=-74.29021452777778" }, "geometry": { "type": "Point", "coordinates": [ -74.290214527777778, 5.248968111111111 ] } },
{ "type": "Feature", "properties": { "URL": "https://github.com/rcfdtools/R.GISMobile/tree/main/file/gis/POI/62/IMG_20260315_105700224_HDR.jpg", "Altitude": 1362.0, "GoogleMaps": "http://maps.google.com/maps?q=5.2487668888888885,-74.2899856388889", "OSMaps": "https://www.openstreetmap.org/query?lat=5.2487668888888885&lon=-74.2899856388889" }, "geometry": { "type": "Point", "coordinates": [ -74.289985638888894, 5.248766888888889 ] } }
]
}
